artifact_id,validator,configuration,status,classification,automated_pass_fail,automated_failure_count,automated_failure_names,warning_count,warning_names,manual_check_count,manual_check_names,failed_rule_ids,failed_rule_text,manual_check_prompts,operator_implication
PDFUA-Ref-2-01_Magazine-danish,Acrobat,Full Check,PASS,USABLE_WITH_DOCUMENTED_BASELINE,PASS,0,,0,,2,Logical Reading Order|Color contrast,,,2,Manual prompts are not automated detections. Review failed checks against target operator assumptions before mutant interpretation; do not remove automatically.
PDFUA-Ref-2-01_Magazine-danish,PAC,AI,PASS,CLEAN_BASELINE,PASS,0,,0,,0,,,,0,Manual prompts are not automated detections. Review failed checks against target operator assumptions before mutant interpretation; do not remove automatically.
PDFUA-Ref-2-01_Magazine-danish,PAC,Formal,PASS,CLEAN_BASELINE,PASS,0,,0,,0,,,,0,Manual prompts are not automated detections. Review failed checks against target operator assumptions before mutant interpretation; do not remove automatically.
PDFUA-Ref-2-01_Magazine-danish,veraPDF,PDF/UA-1 ua1,PASS,CLEAN_BASELINE,PASS,0,,0,,0,,,,0,Manual prompts are not automated detections. Review failed checks against target operator assumptions before mutant interpretation; do not remove automatically.
PDFUA-Ref-2-02_Invoice,Acrobat,Full Check,PASS,USABLE_WITH_DOCUMENTED_BASELINE,PASS,0,,0,,2,Logical Reading Order|Color contrast,,,2,Manual prompts are not automated detections. Review failed checks against target operator assumptions before mutant interpretation; do not remove automatically.
PDFUA-Ref-2-02_Invoice,PAC,AI,PASS,CLEAN_BASELINE,PASS,0,,0,,0,,,,0,Manual prompts are not automated detections. Review failed checks against target operator assumptions before mutant interpretation; do not remove automatically.
PDFUA-Ref-2-02_Invoice,PAC,Formal,PASS,CLEAN_BASELINE,PASS,0,,0,,0,,,,0,Manual prompts are not automated detections. Review failed checks against target operator assumptions before mutant interpretation; do not remove automatically.
PDFUA-Ref-2-02_Invoice,veraPDF,PDF/UA-1 ua1,PASS,CLEAN_BASELINE,PASS,0,,0,,0,,,,0,Manual prompts are not automated detections. Review failed checks against target operator assumptions before mutant interpretation; do not remove automatically.
PDFUA-Ref-2-03_AcademicAbstract,Acrobat,Full Check,PASS,USABLE_WITH_DOCUMENTED_BASELINE,PASS,0,,0,,2,Logical Reading Order|Color contrast,,,2,Manual prompts are not automated detections. Review failed checks against target operator assumptions before mutant interpretation; do not remove automatically.
PDFUA-Ref-2-03_AcademicAbstract,PAC,AI,PASS,CLEAN_BASELINE,PASS,0,,0,,0,,,,0,Manual prompts are not automated detections. Review failed checks against target operator assumptions before mutant interpretation; do not remove automatically.
PDFUA-Ref-2-03_AcademicAbstract,PAC,Formal,PASS,CLEAN_BASELINE,PASS,0,,0,,0,,,,0,Manual prompts are not automated detections. Review failed checks against target operator assumptions before mutant interpretation; do not remove automatically.
PDFUA-Ref-2-03_AcademicAbstract,veraPDF,PDF/UA-1 ua1,PASS,CLEAN_BASELINE,PASS,0,,0,,0,,,,0,Manual prompts are not automated detections. Review failed checks against target operator assumptions before mutant interpretation; do not remove automatically.
PDFUA-Ref-2-04_Presentation,Acrobat,Full Check,PASS,USABLE_WITH_DOCUMENTED_BASELINE,PASS,0,,0,,2,Logical Reading Order|Color contrast,,,2,Manual prompts are not automated detections. Review failed checks against target operator assumptions before mutant interpretation; do not remove automatically.
PDFUA-Ref-2-04_Presentation,PAC,AI,PASS,CLEAN_BASELINE,PASS,0,,0,,0,,,,0,Manual prompts are not automated detections. Review failed checks against target operator assumptions before mutant interpretation; do not remove automatically.
PDFUA-Ref-2-04_Presentation,PAC,Formal,PASS,CLEAN_BASELINE,PASS,0,,0,,0,,,,0,Manual prompts are not automated detections. Review failed checks against target operator assumptions before mutant interpretation; do not remove automatically.
PDFUA-Ref-2-04_Presentation,veraPDF,PDF/UA-1 ua1,PASS,CLEAN_BASELINE,PASS,0,,0,,0,,,,0,Manual prompts are not automated detections. Review failed checks against target operator assumptions before mutant interpretation; do not remove automatically.
PDFUA-Ref-2-05_BookChapter-german,Acrobat,Full Check,BASELINE_REVIEW_REQUIRED,BASELINE_REVIEW_REQUIRED,FAIL,1,Lbl and LBody,0,,2,Logical Reading Order|Color contrast,Lbl and LBody,Lbl and LBody: Lbl and LBody must be children of LI,2,Manual prompts are not automated detections. Review failed checks against target operator assumptions before mutant interpretation; do not remove automatically.
PDFUA-Ref-2-05_BookChapter-german,PAC,AI,PASS,CLEAN_BASELINE,PASS,0,,0,,0,,,,0,Manual prompts are not automated detections. Review failed checks against target operator assumptions before mutant interpretation; do not remove automatically.
PDFUA-Ref-2-05_BookChapter-german,PAC,Formal,PASS,CLEAN_BASELINE,PASS,0,,0,,0,,,,0,Manual prompts are not automated detections. Review failed checks against target operator assumptions before mutant interpretation; do not remove automatically.
PDFUA-Ref-2-05_BookChapter-german,veraPDF,PDF/UA-1 ua1,PASS,CLEAN_BASELINE,PASS,0,,0,,0,,,,0,Manual prompts are not automated detections. Review failed checks against target operator assumptions before mutant interpretation; do not remove automatically.
PDFUA-Ref-2-06_Brochure,Acrobat,Full Check,PASS,USABLE_WITH_DOCUMENTED_BASELINE,PASS,0,,0,,2,Logical Reading Order|Color contrast,,,2,Manual prompts are not automated detections. Review failed checks against target operator assumptions before mutant interpretation; do not remove automatically.
PDFUA-Ref-2-06_Brochure,PAC,AI,PASS,CLEAN_BASELINE,PASS,0,,0,,0,,,,0,Manual prompts are not automated detections. Review failed checks against target operator assumptions before mutant interpretation; do not remove automatically.
PDFUA-Ref-2-06_Brochure,PAC,Formal,PASS,CLEAN_BASELINE,PASS,0,,0,,0,,,,0,Manual prompts are not automated detections. Review failed checks against target operator assumptions before mutant interpretation; do not remove automatically.
PDFUA-Ref-2-06_Brochure,veraPDF,PDF/UA-1 ua1,PASS,CLEAN_BASELINE,PASS,0,,0,,0,,,,0,Manual prompts are not automated detections. Review failed checks against target operator assumptions before mutant interpretation; do not remove automatically.
PDFUA-Ref-2-08_BookChapter,Acrobat,Full Check,PASS,USABLE_WITH_DOCUMENTED_BASELINE,PASS,0,,0,,2,Logical Reading Order|Color contrast,,,2,Manual prompts are not automated detections. Review failed checks against target operator assumptions before mutant interpretation; do not remove automatically.
PDFUA-Ref-2-08_BookChapter,PAC,AI,PASS,CLEAN_BASELINE,PASS,0,,0,,0,,,,0,Manual prompts are not automated detections. Review failed checks against target operator assumptions before mutant interpretation; do not remove automatically.
PDFUA-Ref-2-08_BookChapter,PAC,Formal,PASS,CLEAN_BASELINE,PASS,0,,0,,0,,,,0,Manual prompts are not automated detections. Review failed checks against target operator assumptions before mutant interpretation; do not remove automatically.
PDFUA-Ref-2-08_BookChapter,veraPDF,PDF/UA-1 ua1,PASS,CLEAN_BASELINE,PASS,0,,0,,0,,,,0,Manual prompts are not automated detections. Review failed checks against target operator assumptions before mutant interpretation; do not remove automatically.
PDFUA-Ref-2-09_Scanned,Acrobat,Full Check,PASS,USABLE_WITH_DOCUMENTED_BASELINE,PASS,0,,0,,2,Logical Reading Order|Color contrast,,,2,Manual prompts are not automated detections. Review failed checks against target operator assumptions before mutant interpretation; do not remove automatically.
PDFUA-Ref-2-09_Scanned,PAC,Formal,BASELINE_REVIEW_REQUIRED,BASELINE_REVIEW_REQUIRED,FAIL,1,Natural language,0,,0,,Natural language,Natural language (1),0,Manual prompts are not automated detections. Review failed checks against target operator assumptions before mutant interpretation; do not remove automatically.
PDFUA-Ref-2-09_Scanned,veraPDF,PDF/UA-1 ua1,PASS,CLEAN_BASELINE,PASS,0,,0,,0,,,,0,Manual prompts are not automated detections. Review failed checks against target operator assumptions before mutant interpretation; do not remove automatically.
PDFUA-Ref-2-10_Form,Acrobat,Full Check,PASS,USABLE_WITH_DOCUMENTED_BASELINE,PASS,0,,0,,2,Logical Reading Order|Color contrast,,,2,Manual prompts are not automated detections. Review failed checks against target operator assumptions before mutant interpretation; do not remove automatically.
PDFUA-Ref-2-10_Form,PAC,AI,PASS,CLEAN_BASELINE,PASS,0,,0,,0,,,,0,Manual prompts are not automated detections. Review failed checks against target operator assumptions before mutant interpretation; do not remove automatically.
PDFUA-Ref-2-10_Form,PAC,Formal,PASS,CLEAN_BASELINE,PASS,0,,0,,0,,,,0,Manual prompts are not automated detections. Review failed checks against target operator assumptions before mutant interpretation; do not remove automatically.
PDFUA-Ref-2-10_Form,veraPDF,PDF/UA-1 ua1,PASS,CLEAN_BASELINE,PASS,0,,0,,0,,,,0,Manual prompts are not automated detections. Review failed checks against target operator assumptions before mutant interpretation; do not remove automatically.
