mutant_id,operator,validator_pair,left_classification,right_classification,left_detection_type,right_detection_type,cause_category,left_baseline_status,right_baseline_status
PDFUA-Ref-2-01_Magazine-danish-M01,M01,PAC vs Acrobat,Missed,Needs Manual Check,NO_TARGET_DETECTION,MANUAL_REVIEW,ACROBAT_MANUAL_VS_AUTOMATED,BASELINE_PASS,BASELINE_PASS
PDFUA-Ref-2-01_Magazine-danish-M05,M05,PAC vs Acrobat,Missed,Needs Manual Check,NO_TARGET_DETECTION,MANUAL_REVIEW,ACROBAT_MANUAL_VS_AUTOMATED,BASELINE_PASS,BASELINE_PASS
PDFUA-Ref-2-01_Magazine-danish-M09,M09,PAC vs Acrobat,Detected,Missed,DIRECT_TARGET_DETECTION,NO_TARGET_DETECTION,M09_ROLEMAP_RULE_PROFILE_DIFFERENCE,BASELINE_PASS,BASELINE_PASS
PDFUA-Ref-2-02_Invoice-M10,M10,PAC vs Acrobat,Detected,Missed,DIRECT_TARGET_DETECTION,NO_TARGET_DETECTION,RULE_OR_PROFILE_DIFFERENCE,BASELINE_PASS,BASELINE_PASS
PDFUA-Ref-2-03_AcademicAbstract-M01,M01,PAC vs Acrobat,Missed,Needs Manual Check,NO_TARGET_DETECTION,MANUAL_REVIEW,ACROBAT_MANUAL_VS_AUTOMATED,BASELINE_PASS,BASELINE_PASS
PDFUA-Ref-2-03_AcademicAbstract-M05,M05,PAC vs Acrobat,Missed,Needs Manual Check,NO_TARGET_DETECTION,MANUAL_REVIEW,ACROBAT_MANUAL_VS_AUTOMATED,BASELINE_PASS,BASELINE_PASS
PDFUA-Ref-2-04_Presentation-M01,M01,PAC vs Acrobat,Missed,Needs Manual Check,NO_TARGET_DETECTION,MANUAL_REVIEW,ACROBAT_MANUAL_VS_AUTOMATED,BASELINE_PASS,BASELINE_PASS
PDFUA-Ref-2-04_Presentation-M05,M05,PAC vs Acrobat,Missed,Needs Manual Check,NO_TARGET_DETECTION,MANUAL_REVIEW,ACROBAT_MANUAL_VS_AUTOMATED,BASELINE_PASS,BASELINE_PASS
PDFUA-Ref-2-04_Presentation-M09,M09,PAC vs Acrobat,Detected,Missed,DIRECT_TARGET_DETECTION,NO_TARGET_DETECTION,M09_ROLEMAP_RULE_PROFILE_DIFFERENCE,BASELINE_PASS,BASELINE_PASS
PDFUA-Ref-2-05_BookChapter-german-M01,M01,PAC vs Acrobat,Missed,Needs Manual Check,NO_TARGET_DETECTION,MANUAL_REVIEW,ACROBAT_MANUAL_VS_AUTOMATED,BASELINE_PASS,BASELINE_FAIL
PDFUA-Ref-2-05_BookChapter-german-M05,M05,PAC vs Acrobat,Missed,Needs Manual Check,NO_TARGET_DETECTION,MANUAL_REVIEW,ACROBAT_MANUAL_VS_AUTOMATED,BASELINE_PASS,BASELINE_FAIL
PDFUA-Ref-2-05_BookChapter-german-M09,M09,PAC vs Acrobat,Detected,Missed,DIRECT_TARGET_DETECTION,NO_TARGET_DETECTION,M09_ROLEMAP_RULE_PROFILE_DIFFERENCE,BASELINE_PASS,BASELINE_FAIL
PDFUA-Ref-2-06_Brochure-M01,M01,PAC vs Acrobat,Missed,Needs Manual Check,NO_TARGET_DETECTION,MANUAL_REVIEW,ACROBAT_MANUAL_VS_AUTOMATED,BASELINE_PASS,BASELINE_PASS
PDFUA-Ref-2-06_Brochure-M05,M05,PAC vs Acrobat,Missed,Needs Manual Check,NO_TARGET_DETECTION,MANUAL_REVIEW,ACROBAT_MANUAL_VS_AUTOMATED,BASELINE_PASS,BASELINE_PASS
PDFUA-Ref-2-08_BookChapter-M01,M01,PAC vs Acrobat,Missed,Needs Manual Check,COLLATERAL_DETECTION,MANUAL_REVIEW,ACROBAT_MANUAL_VS_AUTOMATED,BASELINE_PASS,BASELINE_PASS
PDFUA-Ref-2-08_BookChapter-M05,M05,PAC vs Acrobat,Missed,Needs Manual Check,NO_TARGET_DETECTION,MANUAL_REVIEW,ACROBAT_MANUAL_VS_AUTOMATED,BASELINE_PASS,BASELINE_PASS
PDFUA-Ref-2-09_Scanned-M01,M01,PAC vs Acrobat,Missed,Needs Manual Check,COLLATERAL_DETECTION,MANUAL_REVIEW,ACROBAT_MANUAL_VS_AUTOMATED,BASELINE_FAIL,BASELINE_PASS
PDFUA-Ref-2-09_Scanned-M05,M05,PAC vs Acrobat,Missed,Needs Manual Check,NO_TARGET_DETECTION,MANUAL_REVIEW,ACROBAT_MANUAL_VS_AUTOMATED,BASELINE_FAIL,BASELINE_PASS
PDFUA-Ref-2-10_Form-M01,M01,PAC vs Acrobat,Missed,Needs Manual Check,NO_TARGET_DETECTION,MANUAL_REVIEW,ACROBAT_MANUAL_VS_AUTOMATED,BASELINE_PASS,BASELINE_PASS
PDFUA-Ref-2-01_Magazine-danish-M01,M01,Acrobat vs veraPDF,Needs Manual Check,Missed,MANUAL_REVIEW,NO_TARGET_DETECTION,ACROBAT_MANUAL_VS_AUTOMATED,BASELINE_PASS,BASELINE_PASS
PDFUA-Ref-2-01_Magazine-danish-M05,M05,Acrobat vs veraPDF,Needs Manual Check,Missed,MANUAL_REVIEW,NO_TARGET_DETECTION,ACROBAT_MANUAL_VS_AUTOMATED,BASELINE_PASS,BASELINE_PASS
PDFUA-Ref-2-01_Magazine-danish-M09,M09,Acrobat vs veraPDF,Missed,Detected,NO_TARGET_DETECTION,DIRECT_TARGET_DETECTION,M09_ROLEMAP_RULE_PROFILE_DIFFERENCE,BASELINE_PASS,BASELINE_PASS
PDFUA-Ref-2-02_Invoice-M10,M10,Acrobat vs veraPDF,Missed,Detected,NO_TARGET_DETECTION,DIRECT_TARGET_DETECTION,RULE_OR_PROFILE_DIFFERENCE,BASELINE_PASS,BASELINE_PASS
PDFUA-Ref-2-03_AcademicAbstract-M01,M01,Acrobat vs veraPDF,Needs Manual Check,Missed,MANUAL_REVIEW,NO_TARGET_DETECTION,ACROBAT_MANUAL_VS_AUTOMATED,BASELINE_PASS,BASELINE_PASS
PDFUA-Ref-2-03_AcademicAbstract-M05,M05,Acrobat vs veraPDF,Needs Manual Check,Missed,MANUAL_REVIEW,NO_TARGET_DETECTION,ACROBAT_MANUAL_VS_AUTOMATED,BASELINE_PASS,BASELINE_PASS
PDFUA-Ref-2-04_Presentation-M01,M01,Acrobat vs veraPDF,Needs Manual Check,Missed,MANUAL_REVIEW,NO_TARGET_DETECTION,ACROBAT_MANUAL_VS_AUTOMATED,BASELINE_PASS,BASELINE_PASS
PDFUA-Ref-2-04_Presentation-M05,M05,Acrobat vs veraPDF,Needs Manual Check,Missed,MANUAL_REVIEW,NO_TARGET_DETECTION,ACROBAT_MANUAL_VS_AUTOMATED,BASELINE_PASS,BASELINE_PASS
PDFUA-Ref-2-04_Presentation-M09,M09,Acrobat vs veraPDF,Missed,Detected,NO_TARGET_DETECTION,DIRECT_TARGET_DETECTION,M09_ROLEMAP_RULE_PROFILE_DIFFERENCE,BASELINE_PASS,BASELINE_PASS
PDFUA-Ref-2-05_BookChapter-german-M01,M01,Acrobat vs veraPDF,Needs Manual Check,Missed,MANUAL_REVIEW,NO_TARGET_DETECTION,ACROBAT_MANUAL_VS_AUTOMATED,BASELINE_FAIL,BASELINE_PASS
PDFUA-Ref-2-05_BookChapter-german-M05,M05,Acrobat vs veraPDF,Needs Manual Check,Missed,MANUAL_REVIEW,NO_TARGET_DETECTION,ACROBAT_MANUAL_VS_AUTOMATED,BASELINE_FAIL,BASELINE_PASS
PDFUA-Ref-2-05_BookChapter-german-M09,M09,Acrobat vs veraPDF,Missed,Detected,NO_TARGET_DETECTION,DIRECT_TARGET_DETECTION,M09_ROLEMAP_RULE_PROFILE_DIFFERENCE,BASELINE_FAIL,BASELINE_PASS
PDFUA-Ref-2-06_Brochure-M01,M01,Acrobat vs veraPDF,Needs Manual Check,Missed,MANUAL_REVIEW,NO_TARGET_DETECTION,ACROBAT_MANUAL_VS_AUTOMATED,BASELINE_PASS,BASELINE_PASS
PDFUA-Ref-2-06_Brochure-M05,M05,Acrobat vs veraPDF,Needs Manual Check,Missed,MANUAL_REVIEW,NO_TARGET_DETECTION,ACROBAT_MANUAL_VS_AUTOMATED,BASELINE_PASS,BASELINE_PASS
PDFUA-Ref-2-08_BookChapter-M01,M01,Acrobat vs veraPDF,Needs Manual Check,Missed,MANUAL_REVIEW,COLLATERAL_DETECTION,ACROBAT_MANUAL_VS_AUTOMATED,BASELINE_PASS,BASELINE_PASS
PDFUA-Ref-2-08_BookChapter-M05,M05,Acrobat vs veraPDF,Needs Manual Check,Missed,MANUAL_REVIEW,NO_TARGET_DETECTION,ACROBAT_MANUAL_VS_AUTOMATED,BASELINE_PASS,BASELINE_PASS
PDFUA-Ref-2-09_Scanned-M01,M01,Acrobat vs veraPDF,Needs Manual Check,Missed,MANUAL_REVIEW,COLLATERAL_DETECTION,ACROBAT_MANUAL_VS_AUTOMATED,BASELINE_PASS,BASELINE_PASS
PDFUA-Ref-2-09_Scanned-M05,M05,Acrobat vs veraPDF,Needs Manual Check,Missed,MANUAL_REVIEW,NO_TARGET_DETECTION,ACROBAT_MANUAL_VS_AUTOMATED,BASELINE_PASS,BASELINE_PASS
PDFUA-Ref-2-10_Form-M01,M01,Acrobat vs veraPDF,Needs Manual Check,Missed,MANUAL_REVIEW,NO_TARGET_DETECTION,ACROBAT_MANUAL_VS_AUTOMATED,BASELINE_PASS,BASELINE_PASS
