batch_id,artifact_type,artifact_id,operator,source_golden,filepath,sha256,expected_report,evidence_path,configuration,ai_state,control_type,status,selection_reason
B07_GOLDEN_PAC_AI_SELECTED,golden,PDFUA-Ref-2-01_Magazine-danish,,PDFUA-Ref-2-01_Magazine-danish,corpus/golden/PDFUA-Ref-2-01_Magazine-danish.pdf,aef89af13c9c94fc4f4e1a8c5872450cc4c8fff7de544d8ada6a0912425aa434,PDFUA-Ref-2-01_Magazine-danish__aef89af13c9c94fc4f4e1a8c5872450cc4c8fff7de544d8ada6a0912425aa434.pdf,evidence/pac/ai,AI,ON_REQUIRED,golden_baseline,TODO,Required golden baseline for selected PAC AI mutants.
B07_GOLDEN_PAC_AI_SELECTED,golden,PDFUA-Ref-2-02_Invoice,,PDFUA-Ref-2-02_Invoice,corpus/golden/PDFUA-Ref-2-02_Invoice.pdf,fbae08464f192f532205833215505b78266e86df6283d9b0c439cb06927ce0b9,PDFUA-Ref-2-02_Invoice__fbae08464f192f532205833215505b78266e86df6283d9b0c439cb06927ce0b9.pdf,evidence/pac/ai,AI,ON_REQUIRED,golden_baseline,TODO,Required golden baseline for selected PAC AI mutants.
B07_GOLDEN_PAC_AI_SELECTED,golden,PDFUA-Ref-2-03_AcademicAbstract,,PDFUA-Ref-2-03_AcademicAbstract,corpus/golden/PDFUA-Ref-2-03_AcademicAbstract.pdf,e61257d371261867926eb006f8895569a95fcfbcb93fca3be04b8b9187cb93a0,PDFUA-Ref-2-03_AcademicAbstract__e61257d371261867926eb006f8895569a95fcfbcb93fca3be04b8b9187cb93a0.pdf,evidence/pac/ai,AI,ON_REQUIRED,golden_baseline,TODO,Required golden baseline for selected PAC AI mutants.
B07_GOLDEN_PAC_AI_SELECTED,golden,PDFUA-Ref-2-04_Presentation,,PDFUA-Ref-2-04_Presentation,corpus/golden/PDFUA-Ref-2-04_Presentation.pdf,90acb829ca8bfa037796592539d15010e9099d1cd2622aac1fce7d9fd3ae7575,PDFUA-Ref-2-04_Presentation__90acb829ca8bfa037796592539d15010e9099d1cd2622aac1fce7d9fd3ae7575.pdf,evidence/pac/ai,AI,ON_REQUIRED,golden_baseline,TODO,Required golden baseline for selected PAC AI mutants.
B07_GOLDEN_PAC_AI_SELECTED,golden,PDFUA-Ref-2-05_BookChapter-german,,PDFUA-Ref-2-05_BookChapter-german,corpus/golden/PDFUA-Ref-2-05_BookChapter-german.pdf,fc525b8899da31779b6143c16053779cd560d4417018a901472de33c71252352,PDFUA-Ref-2-05_BookChapter-german__fc525b8899da31779b6143c16053779cd560d4417018a901472de33c71252352.pdf,evidence/pac/ai,AI,ON_REQUIRED,golden_baseline,TODO,Required golden baseline for selected PAC AI mutants.
B07_GOLDEN_PAC_AI_SELECTED,golden,PDFUA-Ref-2-06_Brochure,,PDFUA-Ref-2-06_Brochure,corpus/golden/PDFUA-Ref-2-06_Brochure.pdf,aefd5ab48a908b9996ffadcb14d8ff31a2c653657cbe011a46f4cf61396a589e,PDFUA-Ref-2-06_Brochure__aefd5ab48a908b9996ffadcb14d8ff31a2c653657cbe011a46f4cf61396a589e.pdf,evidence/pac/ai,AI,ON_REQUIRED,golden_baseline,TODO,Required golden baseline for selected PAC AI mutants.
B07_GOLDEN_PAC_AI_SELECTED,golden,PDFUA-Ref-2-08_BookChapter,,PDFUA-Ref-2-08_BookChapter,corpus/golden/PDFUA-Ref-2-08_BookChapter.pdf,2b958600daec79373736f413f2712fcd9c604de2c352cbc1ec9d67cc5d7932f1,PDFUA-Ref-2-08_BookChapter__2b958600daec79373736f413f2712fcd9c604de2c352cbc1ec9d67cc5d7932f1.pdf,evidence/pac/ai,AI,ON_REQUIRED,golden_baseline,TODO,Required golden baseline for selected PAC AI mutants.
B07_GOLDEN_PAC_AI_SELECTED,golden,PDFUA-Ref-2-10_Form,,PDFUA-Ref-2-10_Form,corpus/golden/PDFUA-Ref-2-10_Form.pdf,06d5cacd7c5ba9573a57c6d99d3f357ee14a24cff0c138036840fc44c6311806,PDFUA-Ref-2-10_Form__06d5cacd7c5ba9573a57c6d99d3f357ee14a24cff0c138036840fc44c6311806.pdf,evidence/pac/ai,AI,ON_REQUIRED,golden_baseline,TODO,Required golden baseline for selected PAC AI mutants.
B08_MUTANT_PAC_AI_SELECTED,mutant,PDFUA-Ref-2-01_Magazine-danish-M01,M01,PDFUA-Ref-2-01_Magazine-danish,corpus/mutants/PDFUA-Ref-2-01_Magazine-danish-M01.pdf,a52e75193364438a1701f76c986fc047ee3e3b98dd691ec662d2c1d380c5d2df,PDFUA-Ref-2-01_Magazine-danish-M01__a52e75193364438a1701f76c986fc047ee3e3b98dd691ec662d2c1d380c5d2df.pdf,evidence/pac/ai,AI,ON_REQUIRED,,TODO,Semantic mutant survived PAC Formal with an interpretable baseline.
B08_MUTANT_PAC_AI_SELECTED,mutant,PDFUA-Ref-2-02_Invoice-M01,M01,PDFUA-Ref-2-02_Invoice,corpus/mutants/PDFUA-Ref-2-02_Invoice-M01.pdf,3ceee5c96667c0fab812443c3d82abdb1bfefa908c3a3d037276ec3153c3d199,PDFUA-Ref-2-02_Invoice-M01__3ceee5c96667c0fab812443c3d82abdb1bfefa908c3a3d037276ec3153c3d199.pdf,evidence/pac/ai,AI,ON_REQUIRED,,TODO,Semantic mutant survived PAC Formal with an interpretable baseline.
B08_MUTANT_PAC_AI_SELECTED,mutant,PDFUA-Ref-2-03_AcademicAbstract-M01,M01,PDFUA-Ref-2-03_AcademicAbstract,corpus/mutants/PDFUA-Ref-2-03_AcademicAbstract-M01.pdf,3e2fe0a15cd8758f335e91aef7bb50a2b45f2e003448723f106d803a55ce788f,PDFUA-Ref-2-03_AcademicAbstract-M01__3e2fe0a15cd8758f335e91aef7bb50a2b45f2e003448723f106d803a55ce788f.pdf,evidence/pac/ai,AI,ON_REQUIRED,,TODO,Semantic mutant survived PAC Formal with an interpretable baseline.
B08_MUTANT_PAC_AI_SELECTED,mutant,PDFUA-Ref-2-04_Presentation-M01,M01,PDFUA-Ref-2-04_Presentation,corpus/mutants/PDFUA-Ref-2-04_Presentation-M01.pdf,1e4ccf771ae704a24d184020cdac9bd43d0a9bdb6ab88e04b7893d040d642c9c,PDFUA-Ref-2-04_Presentation-M01__1e4ccf771ae704a24d184020cdac9bd43d0a9bdb6ab88e04b7893d040d642c9c.pdf,evidence/pac/ai,AI,ON_REQUIRED,,TODO,Semantic mutant survived PAC Formal with an interpretable baseline.
B08_MUTANT_PAC_AI_SELECTED,mutant,PDFUA-Ref-2-05_BookChapter-german-M01,M01,PDFUA-Ref-2-05_BookChapter-german,corpus/mutants/PDFUA-Ref-2-05_BookChapter-german-M01.pdf,f3455e42a1e7610054506c9ece9cfbef949f888e93294fce9eae762222be6078,PDFUA-Ref-2-05_BookChapter-german-M01__f3455e42a1e7610054506c9ece9cfbef949f888e93294fce9eae762222be6078.pdf,evidence/pac/ai,AI,ON_REQUIRED,,TODO,Semantic mutant survived PAC Formal with an interpretable baseline.
B08_MUTANT_PAC_AI_SELECTED,mutant,PDFUA-Ref-2-06_Brochure-M01,M01,PDFUA-Ref-2-06_Brochure,corpus/mutants/PDFUA-Ref-2-06_Brochure-M01.pdf,a1a94935bccdbaad7b39c045e9c627fb5deacc3f7fd7fa80c8c77cd6c02acf0a,PDFUA-Ref-2-06_Brochure-M01__a1a94935bccdbaad7b39c045e9c627fb5deacc3f7fd7fa80c8c77cd6c02acf0a.pdf,evidence/pac/ai,AI,ON_REQUIRED,,TODO,Semantic mutant survived PAC Formal with an interpretable baseline.
B08_MUTANT_PAC_AI_SELECTED,mutant,PDFUA-Ref-2-08_BookChapter-M01,M01,PDFUA-Ref-2-08_BookChapter,corpus/mutants/PDFUA-Ref-2-08_BookChapter-M01.pdf,f5fdd674ca53247a75d32f520d656f24f8e97e864466f9a72ca8e62487f63178,PDFUA-Ref-2-08_BookChapter-M01__f5fdd674ca53247a75d32f520d656f24f8e97e864466f9a72ca8e62487f63178.pdf,evidence/pac/ai,AI,ON_REQUIRED,,TODO,Semantic mutant survived PAC Formal with an interpretable baseline.
B08_MUTANT_PAC_AI_SELECTED,mutant,PDFUA-Ref-2-10_Form-M01,M01,PDFUA-Ref-2-10_Form,corpus/mutants/PDFUA-Ref-2-10_Form-M01.pdf,3f4549f2b3c4a7e8ec2859096f3bc42513bf0df4cad6c5ee1f324835425bfece,PDFUA-Ref-2-10_Form-M01__3f4549f2b3c4a7e8ec2859096f3bc42513bf0df4cad6c5ee1f324835425bfece.pdf,evidence/pac/ai,AI,ON_REQUIRED,,TODO,Semantic mutant survived PAC Formal with an interpretable baseline.
B08_MUTANT_PAC_AI_SELECTED,mutant,PDFUA-Ref-2-01_Magazine-danish-M02,M02,PDFUA-Ref-2-01_Magazine-danish,corpus/mutants/PDFUA-Ref-2-01_Magazine-danish-M02.pdf,e8df97191d286d7b52b625d3664034a14374aac4965a0bdd2aa6af57f9876c5f,PDFUA-Ref-2-01_Magazine-danish-M02__e8df97191d286d7b52b625d3664034a14374aac4965a0bdd2aa6af57f9876c5f.pdf,evidence/pac/ai,AI,ON_REQUIRED,,TODO,Semantic mutant survived PAC Formal with an interpretable baseline.
B08_MUTANT_PAC_AI_SELECTED,mutant,PDFUA-Ref-2-02_Invoice-M02,M02,PDFUA-Ref-2-02_Invoice,corpus/mutants/PDFUA-Ref-2-02_Invoice-M02.pdf,462607fdecfb53a1cfdf57d060f6f2ef467370ae7d39213b258398a1777120fd,PDFUA-Ref-2-02_Invoice-M02__462607fdecfb53a1cfdf57d060f6f2ef467370ae7d39213b258398a1777120fd.pdf,evidence/pac/ai,AI,ON_REQUIRED,,TODO,Semantic mutant survived PAC Formal with an interpretable baseline.
B08_MUTANT_PAC_AI_SELECTED,mutant,PDFUA-Ref-2-03_AcademicAbstract-M02,M02,PDFUA-Ref-2-03_AcademicAbstract,corpus/mutants/PDFUA-Ref-2-03_AcademicAbstract-M02.pdf,16aed0e5075a817106227b70904ceee8d8c2f771c2a83fc933e07e4a561ba5f1,PDFUA-Ref-2-03_AcademicAbstract-M02__16aed0e5075a817106227b70904ceee8d8c2f771c2a83fc933e07e4a561ba5f1.pdf,evidence/pac/ai,AI,ON_REQUIRED,,TODO,Semantic mutant survived PAC Formal with an interpretable baseline.
B08_MUTANT_PAC_AI_SELECTED,mutant,PDFUA-Ref-2-04_Presentation-M02,M02,PDFUA-Ref-2-04_Presentation,corpus/mutants/PDFUA-Ref-2-04_Presentation-M02.pdf,e85501fb90d221c574cae80f0cab8f7db33b2a21c9b89e7f2de4167b4dd87880,PDFUA-Ref-2-04_Presentation-M02__e85501fb90d221c574cae80f0cab8f7db33b2a21c9b89e7f2de4167b4dd87880.pdf,evidence/pac/ai,AI,ON_REQUIRED,,TODO,Semantic mutant survived PAC Formal with an interpretable baseline.
B08_MUTANT_PAC_AI_SELECTED,mutant,PDFUA-Ref-2-05_BookChapter-german-M02,M02,PDFUA-Ref-2-05_BookChapter-german,corpus/mutants/PDFUA-Ref-2-05_BookChapter-german-M02.pdf,5b806fd39c6559c0416737eb3cc131c05f5071f0b1d758af0fecca9b315070af,PDFUA-Ref-2-05_BookChapter-german-M02__5b806fd39c6559c0416737eb3cc131c05f5071f0b1d758af0fecca9b315070af.pdf,evidence/pac/ai,AI,ON_REQUIRED,,TODO,Semantic mutant survived PAC Formal with an interpretable baseline.
B08_MUTANT_PAC_AI_SELECTED,mutant,PDFUA-Ref-2-06_Brochure-M02,M02,PDFUA-Ref-2-06_Brochure,corpus/mutants/PDFUA-Ref-2-06_Brochure-M02.pdf,6a7c6c4b28369d6bc3ab0f091ff69a08665fe3b8d8398a7fa59ac5bab1cef360,PDFUA-Ref-2-06_Brochure-M02__6a7c6c4b28369d6bc3ab0f091ff69a08665fe3b8d8398a7fa59ac5bab1cef360.pdf,evidence/pac/ai,AI,ON_REQUIRED,,TODO,Semantic mutant survived PAC Formal with an interpretable baseline.
B08_MUTANT_PAC_AI_SELECTED,mutant,PDFUA-Ref-2-08_BookChapter-M02,M02,PDFUA-Ref-2-08_BookChapter,corpus/mutants/PDFUA-Ref-2-08_BookChapter-M02.pdf,820bea08c3a5eed724bb8d1e65d9e9733c1ca47a0e003ae477aea7cce81725e4,PDFUA-Ref-2-08_BookChapter-M02__820bea08c3a5eed724bb8d1e65d9e9733c1ca47a0e003ae477aea7cce81725e4.pdf,evidence/pac/ai,AI,ON_REQUIRED,,TODO,Semantic mutant survived PAC Formal with an interpretable baseline.
B08_MUTANT_PAC_AI_SELECTED,mutant,PDFUA-Ref-2-10_Form-M02,M02,PDFUA-Ref-2-10_Form,corpus/mutants/PDFUA-Ref-2-10_Form-M02.pdf,85550ea9d4a77f73600cbc328ea4c1edf6916e032e2f5c79bf30e97f3db2d478,PDFUA-Ref-2-10_Form-M02__85550ea9d4a77f73600cbc328ea4c1edf6916e032e2f5c79bf30e97f3db2d478.pdf,evidence/pac/ai,AI,ON_REQUIRED,,TODO,Semantic mutant survived PAC Formal with an interpretable baseline.
B08_MUTANT_PAC_AI_SELECTED,mutant,PDFUA-Ref-2-01_Magazine-danish-M03,M03,PDFUA-Ref-2-01_Magazine-danish,corpus/mutants/PDFUA-Ref-2-01_Magazine-danish-M03.pdf,f7b9e14f0320211e69643205e92b5c0719008a512cbb0b572b00d5362d011bfb,PDFUA-Ref-2-01_Magazine-danish-M03__f7b9e14f0320211e69643205e92b5c0719008a512cbb0b572b00d5362d011bfb.pdf,evidence/pac/ai,AI,ON_REQUIRED,machine_checkable_control,TODO,One reproducible machine-checkable control selected per operator to compare PAC AI with formal evidence.
B08_MUTANT_PAC_AI_SELECTED,mutant,PDFUA-Ref-2-01_Magazine-danish-M04,M04,PDFUA-Ref-2-01_Magazine-danish,corpus/mutants/PDFUA-Ref-2-01_Magazine-danish-M04.pdf,eb79fabe18daacdee5408ca7bc5a7968f8113c1721ff80830870d5680a639c82,PDFUA-Ref-2-01_Magazine-danish-M04__eb79fabe18daacdee5408ca7bc5a7968f8113c1721ff80830870d5680a639c82.pdf,evidence/pac/ai,AI,ON_REQUIRED,,TODO,Semantic mutant survived PAC Formal with an interpretable baseline.
B08_MUTANT_PAC_AI_SELECTED,mutant,PDFUA-Ref-2-02_Invoice-M04,M04,PDFUA-Ref-2-02_Invoice,corpus/mutants/PDFUA-Ref-2-02_Invoice-M04.pdf,c831396c411f0e67e1fa9eea43cf7e8f741b9f99c69cbdd9f0ce3c17dcab2514,PDFUA-Ref-2-02_Invoice-M04__c831396c411f0e67e1fa9eea43cf7e8f741b9f99c69cbdd9f0ce3c17dcab2514.pdf,evidence/pac/ai,AI,ON_REQUIRED,,TODO,Semantic mutant survived PAC Formal with an interpretable baseline.
B08_MUTANT_PAC_AI_SELECTED,mutant,PDFUA-Ref-2-03_AcademicAbstract-M04,M04,PDFUA-Ref-2-03_AcademicAbstract,corpus/mutants/PDFUA-Ref-2-03_AcademicAbstract-M04.pdf,aa1b231accabf87602fa064972332501785b16ce8de42ade4ccb57463f5281ec,PDFUA-Ref-2-03_AcademicAbstract-M04__aa1b231accabf87602fa064972332501785b16ce8de42ade4ccb57463f5281ec.pdf,evidence/pac/ai,AI,ON_REQUIRED,,TODO,Semantic mutant survived PAC Formal with an interpretable baseline.
B08_MUTANT_PAC_AI_SELECTED,mutant,PDFUA-Ref-2-04_Presentation-M04,M04,PDFUA-Ref-2-04_Presentation,corpus/mutants/PDFUA-Ref-2-04_Presentation-M04.pdf,d54e7cdfa78b6be17e9234803de1e88ece27cba0282e244b0f0abfdd992487cd,PDFUA-Ref-2-04_Presentation-M04__d54e7cdfa78b6be17e9234803de1e88ece27cba0282e244b0f0abfdd992487cd.pdf,evidence/pac/ai,AI,ON_REQUIRED,,TODO,Semantic mutant survived PAC Formal with an interpretable baseline.
B08_MUTANT_PAC_AI_SELECTED,mutant,PDFUA-Ref-2-05_BookChapter-german-M04,M04,PDFUA-Ref-2-05_BookChapter-german,corpus/mutants/PDFUA-Ref-2-05_BookChapter-german-M04.pdf,668b5c55c85237169484722c15354e8d353179f8b9fc9e96a2a6f83a13c71250,PDFUA-Ref-2-05_BookChapter-german-M04__668b5c55c85237169484722c15354e8d353179f8b9fc9e96a2a6f83a13c71250.pdf,evidence/pac/ai,AI,ON_REQUIRED,,TODO,Semantic mutant survived PAC Formal with an interpretable baseline.
B08_MUTANT_PAC_AI_SELECTED,mutant,PDFUA-Ref-2-06_Brochure-M04,M04,PDFUA-Ref-2-06_Brochure,corpus/mutants/PDFUA-Ref-2-06_Brochure-M04.pdf,12c8c27582c8ca949f0f95dc11371ef2a8c3a3a6a72bed7e8b82ff9aa74a049d,PDFUA-Ref-2-06_Brochure-M04__12c8c27582c8ca949f0f95dc11371ef2a8c3a3a6a72bed7e8b82ff9aa74a049d.pdf,evidence/pac/ai,AI,ON_REQUIRED,,TODO,Semantic mutant survived PAC Formal with an interpretable baseline.
B08_MUTANT_PAC_AI_SELECTED,mutant,PDFUA-Ref-2-08_BookChapter-M04,M04,PDFUA-Ref-2-08_BookChapter,corpus/mutants/PDFUA-Ref-2-08_BookChapter-M04.pdf,20ac005e0fb4cf3812fefd64b496cf14488a56d493e7c7ee5f5045ce9540c1f5,PDFUA-Ref-2-08_BookChapter-M04__20ac005e0fb4cf3812fefd64b496cf14488a56d493e7c7ee5f5045ce9540c1f5.pdf,evidence/pac/ai,AI,ON_REQUIRED,,TODO,Semantic mutant survived PAC Formal with an interpretable baseline.
B08_MUTANT_PAC_AI_SELECTED,mutant,PDFUA-Ref-2-01_Magazine-danish-M05,M05,PDFUA-Ref-2-01_Magazine-danish,corpus/mutants/PDFUA-Ref-2-01_Magazine-danish-M05.pdf,5b5f3a85909983e4b44ba0babf92c7e9704757387a94804ef792ca3d3918bb6f,PDFUA-Ref-2-01_Magazine-danish-M05__5b5f3a85909983e4b44ba0babf92c7e9704757387a94804ef792ca3d3918bb6f.pdf,evidence/pac/ai,AI,ON_REQUIRED,,TODO,Semantic mutant survived PAC Formal with an interpretable baseline.
B08_MUTANT_PAC_AI_SELECTED,mutant,PDFUA-Ref-2-03_AcademicAbstract-M05,M05,PDFUA-Ref-2-03_AcademicAbstract,corpus/mutants/PDFUA-Ref-2-03_AcademicAbstract-M05.pdf,ee82308195b4488f8c6e01bc8e4ba469df760c122c766ff84fc3425302d6f528,PDFUA-Ref-2-03_AcademicAbstract-M05__ee82308195b4488f8c6e01bc8e4ba469df760c122c766ff84fc3425302d6f528.pdf,evidence/pac/ai,AI,ON_REQUIRED,,TODO,Semantic mutant survived PAC Formal with an interpretable baseline.
B08_MUTANT_PAC_AI_SELECTED,mutant,PDFUA-Ref-2-04_Presentation-M05,M05,PDFUA-Ref-2-04_Presentation,corpus/mutants/PDFUA-Ref-2-04_Presentation-M05.pdf,5d72a6c172200b5c5bf50850d45e535a9ed8454edfec1b2714a6c72159995d5c,PDFUA-Ref-2-04_Presentation-M05__5d72a6c172200b5c5bf50850d45e535a9ed8454edfec1b2714a6c72159995d5c.pdf,evidence/pac/ai,AI,ON_REQUIRED,,TODO,Semantic mutant survived PAC Formal with an interpretable baseline.
B08_MUTANT_PAC_AI_SELECTED,mutant,PDFUA-Ref-2-05_BookChapter-german-M05,M05,PDFUA-Ref-2-05_BookChapter-german,corpus/mutants/PDFUA-Ref-2-05_BookChapter-german-M05.pdf,b7a688694201ed24e8dda1fcf6290c752e42d1ab1d074fc0c8f9d29c0dcad216,PDFUA-Ref-2-05_BookChapter-german-M05__b7a688694201ed24e8dda1fcf6290c752e42d1ab1d074fc0c8f9d29c0dcad216.pdf,evidence/pac/ai,AI,ON_REQUIRED,,TODO,Semantic mutant survived PAC Formal with an interpretable baseline.
B08_MUTANT_PAC_AI_SELECTED,mutant,PDFUA-Ref-2-06_Brochure-M05,M05,PDFUA-Ref-2-06_Brochure,corpus/mutants/PDFUA-Ref-2-06_Brochure-M05.pdf,692c7fddc91d6d6899dc1f9e820e2851a6cbeaa9694f0841b53445b15b8e3012,PDFUA-Ref-2-06_Brochure-M05__692c7fddc91d6d6899dc1f9e820e2851a6cbeaa9694f0841b53445b15b8e3012.pdf,evidence/pac/ai,AI,ON_REQUIRED,,TODO,Semantic mutant survived PAC Formal with an interpretable baseline.
B08_MUTANT_PAC_AI_SELECTED,mutant,PDFUA-Ref-2-08_BookChapter-M05,M05,PDFUA-Ref-2-08_BookChapter,corpus/mutants/PDFUA-Ref-2-08_BookChapter-M05.pdf,db8fd0be417f0b011ca55e313d0bc1bbe4421aec1d8bb27584fa99a9c5d1f7d3,PDFUA-Ref-2-08_BookChapter-M05__db8fd0be417f0b011ca55e313d0bc1bbe4421aec1d8bb27584fa99a9c5d1f7d3.pdf,evidence/pac/ai,AI,ON_REQUIRED,,TODO,Semantic mutant survived PAC Formal with an interpretable baseline.
B08_MUTANT_PAC_AI_SELECTED,mutant,PDFUA-Ref-2-01_Magazine-danish-M06,M06,PDFUA-Ref-2-01_Magazine-danish,corpus/mutants/PDFUA-Ref-2-01_Magazine-danish-M06.pdf,4774ad31d5381502e81bc0e30ee6a92559c51bf4bd3772adcc50b3ca1d671d81,PDFUA-Ref-2-01_Magazine-danish-M06__4774ad31d5381502e81bc0e30ee6a92559c51bf4bd3772adcc50b3ca1d671d81.pdf,evidence/pac/ai,AI,ON_REQUIRED,machine_checkable_control,TODO,One reproducible machine-checkable control selected per operator to compare PAC AI with formal evidence.
B08_MUTANT_PAC_AI_SELECTED,mutant,PDFUA-Ref-2-01_Magazine-danish-M07,M07,PDFUA-Ref-2-01_Magazine-danish,corpus/mutants/PDFUA-Ref-2-01_Magazine-danish-M07.pdf,a45021dfa3ce09f803eac101d0d5bffcd1326662a9a71c028bbd51cbe01a595f,PDFUA-Ref-2-01_Magazine-danish-M07__a45021dfa3ce09f803eac101d0d5bffcd1326662a9a71c028bbd51cbe01a595f.pdf,evidence/pac/ai,AI,ON_REQUIRED,machine_checkable_control,TODO,One reproducible machine-checkable control selected per operator to compare PAC AI with formal evidence.
B08_MUTANT_PAC_AI_SELECTED,mutant,PDFUA-Ref-2-01_Magazine-danish-M08,M08,PDFUA-Ref-2-01_Magazine-danish,corpus/mutants/PDFUA-Ref-2-01_Magazine-danish-M08.pdf,798d1807493ecbed375ba1a175bb6d19f6d51dfe508c6df88df7ec3f8e1d6061,PDFUA-Ref-2-01_Magazine-danish-M08__798d1807493ecbed375ba1a175bb6d19f6d51dfe508c6df88df7ec3f8e1d6061.pdf,evidence/pac/ai,AI,ON_REQUIRED,machine_checkable_control,TODO,One reproducible machine-checkable control selected per operator to compare PAC AI with formal evidence.
B08_MUTANT_PAC_AI_SELECTED,mutant,PDFUA-Ref-2-01_Magazine-danish-M09,M09,PDFUA-Ref-2-01_Magazine-danish,corpus/mutants/PDFUA-Ref-2-01_Magazine-danish-M09.pdf,3ef299495b93ea1d1fd50ba38ec265412abb6e1d7e147918d50ec9afcc36662b,PDFUA-Ref-2-01_Magazine-danish-M09__3ef299495b93ea1d1fd50ba38ec265412abb6e1d7e147918d50ec9afcc36662b.pdf,evidence/pac/ai,AI,ON_REQUIRED,machine_checkable_control,TODO,One reproducible machine-checkable control selected per operator to compare PAC AI with formal evidence.
B08_MUTANT_PAC_AI_SELECTED,mutant,PDFUA-Ref-2-02_Invoice-M10,M10,PDFUA-Ref-2-02_Invoice,corpus/mutants/PDFUA-Ref-2-02_Invoice-M10.pdf,a4e6177f2fba056f3364f7ac88c2907effa97ee177584a1c46c4aeeca5f31c48,PDFUA-Ref-2-02_Invoice-M10__a4e6177f2fba056f3364f7ac88c2907effa97ee177584a1c46c4aeeca5f31c48.pdf,evidence/pac/ai,AI,ON_REQUIRED,machine_checkable_control,TODO,One reproducible machine-checkable control selected per operator to compare PAC AI with formal evidence.
