mutant_id,operator,operator_class,source_golden,target_type,golden_pac_automated_findings,mutant_pac_automated_findings,new_pac_automated_findings,intended_detection_classification,collateral_finding,baseline_carried_finding,ambiguity,classification_reason,raw_pac_report_path,mutant_sha256,baseline_status,purity_status
PDFUA-Ref-2-01_Magazine-danish-M01,M01,semantic,PDFUA-Ref-2-01_Magazine-danish,/Document,none,none,none,SURVIVED_AUTOMATED_CHECKS,none,none,none,PAC reported no new automated finding relevant to M01 reading-order/semantic-order mutation.,evidence\pac\formal\PDFUA-Ref-2-01_Magazine-danish-M01__a52e75193364438a1701f76c986fc047ee3e3b98dd691ec662d2c1d380c5d2df.pdf,a52e75193364438a1701f76c986fc047ee3e3b98dd691ec662d2c1d380c5d2df,BASELINE_PASS,PASS
PDFUA-Ref-2-02_Invoice-M01,M01,semantic,PDFUA-Ref-2-02_Invoice,/Part,none,none,none,SURVIVED_AUTOMATED_CHECKS,none,none,none,PAC reported no new automated finding relevant to M01 reading-order/semantic-order mutation.,evidence\pac\formal\PDFUA-Ref-2-02_Invoice-M01__3ceee5c96667c0fab812443c3d82abdb1bfefa908c3a3d037276ec3153c3d199.pdf,3ceee5c96667c0fab812443c3d82abdb1bfefa908c3a3d037276ec3153c3d199,BASELINE_PASS,PASS
PDFUA-Ref-2-03_AcademicAbstract-M01,M01,semantic,PDFUA-Ref-2-03_AcademicAbstract,/Document,none,none,none,SURVIVED_AUTOMATED_CHECKS,none,none,none,PAC reported no new automated finding relevant to M01 reading-order/semantic-order mutation.,evidence\pac\formal\PDFUA-Ref-2-03_AcademicAbstract-M01__3e2fe0a15cd8758f335e91aef7bb50a2b45f2e003448723f106d803a55ce788f.pdf,3e2fe0a15cd8758f335e91aef7bb50a2b45f2e003448723f106d803a55ce788f,BASELINE_PASS,PASS
PDFUA-Ref-2-04_Presentation-M01,M01,semantic,PDFUA-Ref-2-04_Presentation,/Document,none,none,none,SURVIVED_AUTOMATED_CHECKS,none,none,none,PAC reported no new automated finding relevant to M01 reading-order/semantic-order mutation.,evidence\pac\formal\PDFUA-Ref-2-04_Presentation-M01__1e4ccf771ae704a24d184020cdac9bd43d0a9bdb6ab88e04b7893d040d642c9c.pdf,1e4ccf771ae704a24d184020cdac9bd43d0a9bdb6ab88e04b7893d040d642c9c,BASELINE_PASS,PASS
PDFUA-Ref-2-05_BookChapter-german-M01,M01,semantic,PDFUA-Ref-2-05_BookChapter-german,/Article,none,none,none,SURVIVED_AUTOMATED_CHECKS,none,none,none,PAC reported no new automated finding relevant to M01 reading-order/semantic-order mutation.,evidence\pac\formal\PDFUA-Ref-2-05_BookChapter-german-M01__f3455e42a1e7610054506c9ece9cfbef949f888e93294fce9eae762222be6078.pdf,f3455e42a1e7610054506c9ece9cfbef949f888e93294fce9eae762222be6078,BASELINE_PASS,PASS
PDFUA-Ref-2-06_Brochure-M01,M01,semantic,PDFUA-Ref-2-06_Brochure,/Document,none,none,none,SURVIVED_AUTOMATED_CHECKS,none,none,none,PAC reported no new automated finding relevant to M01 reading-order/semantic-order mutation.,evidence\pac\formal\PDFUA-Ref-2-06_Brochure-M01__a1a94935bccdbaad7b39c045e9c627fb5deacc3f7fd7fa80c8c77cd6c02acf0a.pdf,a1a94935bccdbaad7b39c045e9c627fb5deacc3f7fd7fa80c8c77cd6c02acf0a,BASELINE_PASS,PASS
PDFUA-Ref-2-08_BookChapter-M01,M01,semantic,PDFUA-Ref-2-08_BookChapter,/Document,none,Structure elements,Structure elements,COLLATERAL_DETECTION,Structure elements,none,none,The mutant adds automated rule(s) outside M01 reading-order semantics: Structure elements.,evidence\pac\formal\PDFUA-Ref-2-08_BookChapter-M01__f5fdd674ca53247a75d32f520d656f24f8e97e864466f9a72ca8e62487f63178.pdf,f5fdd674ca53247a75d32f520d656f24f8e97e864466f9a72ca8e62487f63178,BASELINE_PASS,PASS
PDFUA-Ref-2-09_Scanned-M01,M01,semantic,PDFUA-Ref-2-09_Scanned,/Document,Natural language,Natural language;Structure elements,Structure elements,COLLATERAL_DETECTION,Structure elements,Natural language,none,The mutant adds automated rule(s) outside M01 reading-order semantics: Structure elements.,evidence\pac\formal\PDFUA-Ref-2-09_Scanned-M01__04ce7bde54a9e481e0da7d5bf8a4e7fc98467f2bdbc3803291d166e219df9dc0.pdf,04ce7bde54a9e481e0da7d5bf8a4e7fc98467f2bdbc3803291d166e219df9dc0,BASELINE_FAIL,PASS
PDFUA-Ref-2-10_Form-M01,M01,semantic,PDFUA-Ref-2-10_Form,/Sect,none,none,none,SURVIVED_AUTOMATED_CHECKS,none,none,none,PAC reported no new automated finding relevant to M01 reading-order/semantic-order mutation.,evidence\pac\formal\PDFUA-Ref-2-10_Form-M01__3f4549f2b3c4a7e8ec2859096f3bc42513bf0df4cad6c5ee1f324835425bfece.pdf,3f4549f2b3c4a7e8ec2859096f3bc42513bf0df4cad6c5ee1f324835425bfece,BASELINE_PASS,PASS
PDFUA-Ref-2-01_Magazine-danish-M02,M02,semantic,PDFUA-Ref-2-01_Magazine-danish,/Document,none,none,none,SURVIVED_AUTOMATED_CHECKS,none,none,none,PAC reported no automated finding explicitly corresponding to omitted or unreachable tagged content.,evidence\pac\formal\PDFUA-Ref-2-01_Magazine-danish-M02__e8df97191d286d7b52b625d3664034a14374aac4965a0bdd2aa6af57f9876c5f.pdf,e8df97191d286d7b52b625d3664034a14374aac4965a0bdd2aa6af57f9876c5f,BASELINE_PASS,PASS
PDFUA-Ref-2-02_Invoice-M02,M02,semantic,PDFUA-Ref-2-02_Invoice,/Document,none,none,none,SURVIVED_AUTOMATED_CHECKS,none,none,none,PAC reported no automated finding explicitly corresponding to omitted or unreachable tagged content.,evidence\pac\formal\PDFUA-Ref-2-02_Invoice-M02__462607fdecfb53a1cfdf57d060f6f2ef467370ae7d39213b258398a1777120fd.pdf,462607fdecfb53a1cfdf57d060f6f2ef467370ae7d39213b258398a1777120fd,BASELINE_PASS,PASS
PDFUA-Ref-2-03_AcademicAbstract-M02,M02,semantic,PDFUA-Ref-2-03_AcademicAbstract,/Document,none,none,none,SURVIVED_AUTOMATED_CHECKS,none,none,none,PAC reported no automated finding explicitly corresponding to omitted or unreachable tagged content.,evidence\pac\formal\PDFUA-Ref-2-03_AcademicAbstract-M02__16aed0e5075a817106227b70904ceee8d8c2f771c2a83fc933e07e4a561ba5f1.pdf,16aed0e5075a817106227b70904ceee8d8c2f771c2a83fc933e07e4a561ba5f1,BASELINE_PASS,PASS
PDFUA-Ref-2-04_Presentation-M02,M02,semantic,PDFUA-Ref-2-04_Presentation,/Document,none,none,none,SURVIVED_AUTOMATED_CHECKS,none,none,none,PAC reported no automated finding explicitly corresponding to omitted or unreachable tagged content.,evidence\pac\formal\PDFUA-Ref-2-04_Presentation-M02__e85501fb90d221c574cae80f0cab8f7db33b2a21c9b89e7f2de4167b4dd87880.pdf,e85501fb90d221c574cae80f0cab8f7db33b2a21c9b89e7f2de4167b4dd87880,BASELINE_PASS,PASS
PDFUA-Ref-2-05_BookChapter-german-M02,M02,semantic,PDFUA-Ref-2-05_BookChapter-german,/Document,none,none,none,SURVIVED_AUTOMATED_CHECKS,none,none,none,PAC reported no automated finding explicitly corresponding to omitted or unreachable tagged content.,evidence\pac\formal\PDFUA-Ref-2-05_BookChapter-german-M02__5b806fd39c6559c0416737eb3cc131c05f5071f0b1d758af0fecca9b315070af.pdf,5b806fd39c6559c0416737eb3cc131c05f5071f0b1d758af0fecca9b315070af,BASELINE_PASS,PASS
PDFUA-Ref-2-06_Brochure-M02,M02,semantic,PDFUA-Ref-2-06_Brochure,/Document,none,none,none,SURVIVED_AUTOMATED_CHECKS,none,none,none,PAC reported no automated finding explicitly corresponding to omitted or unreachable tagged content.,evidence\pac\formal\PDFUA-Ref-2-06_Brochure-M02__6a7c6c4b28369d6bc3ab0f091ff69a08665fe3b8d8398a7fa59ac5bab1cef360.pdf,6a7c6c4b28369d6bc3ab0f091ff69a08665fe3b8d8398a7fa59ac5bab1cef360,BASELINE_PASS,PASS
PDFUA-Ref-2-08_BookChapter-M02,M02,semantic,PDFUA-Ref-2-08_BookChapter,/Document,none,Structure elements,Structure elements,COLLATERAL_DETECTION,Structure elements,none,none,"The mutant adds automated rule(s), but the finding is a generic structural/conformance result rather than an explicit M02 omission/content-completeness finding: Structure elements.",evidence\pac\formal\PDFUA-Ref-2-08_BookChapter-M02__820bea08c3a5eed724bb8d1e65d9e9733c1ca47a0e003ae477aea7cce81725e4.pdf,820bea08c3a5eed724bb8d1e65d9e9733c1ca47a0e003ae477aea7cce81725e4,BASELINE_PASS,PASS
PDFUA-Ref-2-09_Scanned-M02,M02,semantic,PDFUA-Ref-2-09_Scanned,/Document,Natural language,Natural language;Structure elements,Structure elements,COLLATERAL_DETECTION,Structure elements,Natural language,none,"The mutant adds automated rule(s), but the finding is a generic structural/conformance result rather than an explicit M02 omission/content-completeness finding: Structure elements.",evidence\pac\formal\PDFUA-Ref-2-09_Scanned-M02__f45a0b6356c4f2435d8bd75482c8ff0c17fc8f072b81169e342bff4376b04946.pdf,f45a0b6356c4f2435d8bd75482c8ff0c17fc8f072b81169e342bff4376b04946,BASELINE_FAIL,PASS
PDFUA-Ref-2-10_Form-M02,M02,semantic,PDFUA-Ref-2-10_Form,/Document,none,none,none,SURVIVED_AUTOMATED_CHECKS,none,none,none,PAC reported no automated finding explicitly corresponding to omitted or unreachable tagged content.,evidence\pac\formal\PDFUA-Ref-2-10_Form-M02__85550ea9d4a77f73600cbc328ea4c1edf6916e032e2f5c79bf30e97f3db2d478.pdf,85550ea9d4a77f73600cbc328ea4c1edf6916e032e2f5c79bf30e97f3db2d478,BASELINE_PASS,PASS
PDFUA-Ref-2-01_Magazine-danish-M03,M03,machine_checkable,PDFUA-Ref-2-01_Magazine-danish,/H1,none,Structure elements,Structure elements,INTENDED_DETECTION,none,none,none,"PAC reported a new Structure elements failure, the PAC summary checkpoint used by this protocol for the M03 heading-hierarchy mutation.",evidence\pac\formal\PDFUA-Ref-2-01_Magazine-danish-M03__f7b9e14f0320211e69643205e92b5c0719008a512cbb0b572b00d5362d011bfb.pdf,f7b9e14f0320211e69643205e92b5c0719008a512cbb0b572b00d5362d011bfb,BASELINE_PASS,PASS
PDFUA-Ref-2-02_Invoice-M03,M03,machine_checkable,PDFUA-Ref-2-02_Invoice,/H1,none,Structure elements,Structure elements,INTENDED_DETECTION,none,none,none,"PAC reported a new Structure elements failure, the PAC summary checkpoint used by this protocol for the M03 heading-hierarchy mutation.",evidence\pac\formal\PDFUA-Ref-2-02_Invoice-M03__7887ebfcc438c907ca1981ad33769f3ebee0831b86c8f18ba672a682e45e0323.pdf,7887ebfcc438c907ca1981ad33769f3ebee0831b86c8f18ba672a682e45e0323,BASELINE_PASS,PASS
PDFUA-Ref-2-03_AcademicAbstract-M03,M03,machine_checkable,PDFUA-Ref-2-03_AcademicAbstract,/H1,none,Structure elements,Structure elements,INTENDED_DETECTION,none,none,none,"PAC reported a new Structure elements failure, the PAC summary checkpoint used by this protocol for the M03 heading-hierarchy mutation.",evidence\pac\formal\PDFUA-Ref-2-03_AcademicAbstract-M03__fcc8533b325c9a1a1675c46ec0856649fa02feea531e4aba4492a12a41e1a571.pdf,fcc8533b325c9a1a1675c46ec0856649fa02feea531e4aba4492a12a41e1a571,BASELINE_PASS,PASS
PDFUA-Ref-2-04_Presentation-M03,M03,machine_checkable,PDFUA-Ref-2-04_Presentation,/H1,none,Structure elements,Structure elements,INTENDED_DETECTION,none,none,none,"PAC reported a new Structure elements failure, the PAC summary checkpoint used by this protocol for the M03 heading-hierarchy mutation.",evidence\pac\formal\PDFUA-Ref-2-04_Presentation-M03__23612f2c7708412a2bcfc9ba1023d8712c0db74be6f6752d7b04bb54b23913b7.pdf,23612f2c7708412a2bcfc9ba1023d8712c0db74be6f6752d7b04bb54b23913b7,BASELINE_PASS,PASS
PDFUA-Ref-2-05_BookChapter-german-M03,M03,machine_checkable,PDFUA-Ref-2-05_BookChapter-german,/H1,none,Structure elements,Structure elements,INTENDED_DETECTION,none,none,none,"PAC reported a new Structure elements failure, the PAC summary checkpoint used by this protocol for the M03 heading-hierarchy mutation.",evidence\pac\formal\PDFUA-Ref-2-05_BookChapter-german-M03__08a17db95cf262351a8e2a6464edaec73836e71fd34b0db112bdec9676930e75.pdf,08a17db95cf262351a8e2a6464edaec73836e71fd34b0db112bdec9676930e75,BASELINE_PASS,PASS
PDFUA-Ref-2-06_Brochure-M03,M03,machine_checkable,PDFUA-Ref-2-06_Brochure,/H1,none,Structure elements,Structure elements,INTENDED_DETECTION,none,none,none,"PAC reported a new Structure elements failure, the PAC summary checkpoint used by this protocol for the M03 heading-hierarchy mutation.",evidence\pac\formal\PDFUA-Ref-2-06_Brochure-M03__ed0e82b1eecd666930ccb41d3c75cc0a8703cc39d76b6ab87e15b1f70fd5935f.pdf,ed0e82b1eecd666930ccb41d3c75cc0a8703cc39d76b6ab87e15b1f70fd5935f,BASELINE_PASS,PASS
PDFUA-Ref-2-08_BookChapter-M03,M03,machine_checkable,PDFUA-Ref-2-08_BookChapter,/H1,none,Structure elements,Structure elements,INTENDED_DETECTION,none,none,none,"PAC reported a new Structure elements failure, the PAC summary checkpoint used by this protocol for the M03 heading-hierarchy mutation.",evidence\pac\formal\PDFUA-Ref-2-08_BookChapter-M03__2907d533740ae0bea18da032ef36cea8ec48e3bf026dcf8b61439b86b931ed27.pdf,2907d533740ae0bea18da032ef36cea8ec48e3bf026dcf8b61439b86b931ed27,BASELINE_PASS,PASS
PDFUA-Ref-2-09_Scanned-M03,M03,machine_checkable,PDFUA-Ref-2-09_Scanned,/H1,Natural language,Natural language;Structure elements,Structure elements,INTENDED_DETECTION,none,Natural language,none,"PAC reported a new Structure elements failure, the PAC summary checkpoint used by this protocol for the M03 heading-hierarchy mutation.",evidence\pac\formal\PDFUA-Ref-2-09_Scanned-M03__b86a34d9c3d9be9e5022027a4856df45a5ab30b42b4cc04791130c0229119f7b.pdf,b86a34d9c3d9be9e5022027a4856df45a5ab30b42b4cc04791130c0229119f7b,BASELINE_FAIL,PASS
PDFUA-Ref-2-01_Magazine-danish-M04,M04,semantic,PDFUA-Ref-2-01_Magazine-danish,/P + /P,none,PDF Syntax,PDF Syntax,COLLATERAL_DETECTION,PDF Syntax,none,none,"The mutant adds automated rule(s), but they do not correspond to the intended marked-content association property: PDF Syntax.",evidence\pac\formal\PDFUA-Ref-2-01_Magazine-danish-M04__eb79fabe18daacdee5408ca7bc5a7968f8113c1721ff80830870d5680a639c82.pdf,eb79fabe18daacdee5408ca7bc5a7968f8113c1721ff80830870d5680a639c82,BASELINE_PASS,PASS
PDFUA-Ref-2-02_Invoice-M04,M04,semantic,PDFUA-Ref-2-02_Invoice,/TH + /TH,none,PDF Syntax,PDF Syntax,COLLATERAL_DETECTION,PDF Syntax,none,none,"The mutant adds automated rule(s), but they do not correspond to the intended marked-content association property: PDF Syntax.",evidence\pac\formal\PDFUA-Ref-2-02_Invoice-M04__c831396c411f0e67e1fa9eea43cf7e8f741b9f99c69cbdd9f0ce3c17dcab2514.pdf,c831396c411f0e67e1fa9eea43cf7e8f741b9f99c69cbdd9f0ce3c17dcab2514,BASELINE_PASS,PASS
PDFUA-Ref-2-03_AcademicAbstract-M04,M04,semantic,PDFUA-Ref-2-03_AcademicAbstract,/P + /P,none,PDF Syntax,PDF Syntax,COLLATERAL_DETECTION,PDF Syntax,none,none,"The mutant adds automated rule(s), but they do not correspond to the intended marked-content association property: PDF Syntax.",evidence\pac\formal\PDFUA-Ref-2-03_AcademicAbstract-M04__aa1b231accabf87602fa064972332501785b16ce8de42ade4ccb57463f5281ec.pdf,aa1b231accabf87602fa064972332501785b16ce8de42ade4ccb57463f5281ec,BASELINE_PASS,PASS
PDFUA-Ref-2-04_Presentation-M04,M04,semantic,PDFUA-Ref-2-04_Presentation,/Span + /Span,none,PDF Syntax,PDF Syntax,COLLATERAL_DETECTION,PDF Syntax,none,none,"The mutant adds automated rule(s), but they do not correspond to the intended marked-content association property: PDF Syntax.",evidence\pac\formal\PDFUA-Ref-2-04_Presentation-M04__d54e7cdfa78b6be17e9234803de1e88ece27cba0282e244b0f0abfdd992487cd.pdf,d54e7cdfa78b6be17e9234803de1e88ece27cba0282e244b0f0abfdd992487cd,BASELINE_PASS,PASS
PDFUA-Ref-2-05_BookChapter-german-M04,M04,semantic,PDFUA-Ref-2-05_BookChapter-german,/Span + /Span,none,PDF Syntax,PDF Syntax,COLLATERAL_DETECTION,PDF Syntax,none,none,"The mutant adds automated rule(s), but they do not correspond to the intended marked-content association property: PDF Syntax.",evidence\pac\formal\PDFUA-Ref-2-05_BookChapter-german-M04__668b5c55c85237169484722c15354e8d353179f8b9fc9e96a2a6f83a13c71250.pdf,668b5c55c85237169484722c15354e8d353179f8b9fc9e96a2a6f83a13c71250,BASELINE_PASS,PASS
PDFUA-Ref-2-06_Brochure-M04,M04,semantic,PDFUA-Ref-2-06_Brochure,/P + /P,none,PDF Syntax,PDF Syntax,COLLATERAL_DETECTION,PDF Syntax,none,none,"The mutant adds automated rule(s), but they do not correspond to the intended marked-content association property: PDF Syntax.",evidence\pac\formal\PDFUA-Ref-2-06_Brochure-M04__12c8c27582c8ca949f0f95dc11371ef2a8c3a3a6a72bed7e8b82ff9aa74a049d.pdf,12c8c27582c8ca949f0f95dc11371ef2a8c3a3a6a72bed7e8b82ff9aa74a049d,BASELINE_PASS,PASS
PDFUA-Ref-2-08_BookChapter-M04,M04,semantic,PDFUA-Ref-2-08_BookChapter,/P + /P,none,PDF Syntax,PDF Syntax,COLLATERAL_DETECTION,PDF Syntax,none,none,"The mutant adds automated rule(s), but they do not correspond to the intended marked-content association property: PDF Syntax.",evidence\pac\formal\PDFUA-Ref-2-08_BookChapter-M04__20ac005e0fb4cf3812fefd64b496cf14488a56d493e7c7ee5f5045ce9540c1f5.pdf,20ac005e0fb4cf3812fefd64b496cf14488a56d493e7c7ee5f5045ce9540c1f5,BASELINE_PASS,PASS
PDFUA-Ref-2-09_Scanned-M04,M04,semantic,PDFUA-Ref-2-09_Scanned,/P + /P,Natural language,PDF Syntax;Natural language,PDF Syntax,COLLATERAL_DETECTION,PDF Syntax,Natural language,none,"The mutant adds automated rule(s), but they do not correspond to the intended marked-content association property: PDF Syntax.",evidence\pac\formal\PDFUA-Ref-2-09_Scanned-M04__494532eaa86c5136f8de492a0bf4f227d91b90aabc6d7eed62506f2e1838ef28.pdf,494532eaa86c5136f8de492a0bf4f227d91b90aabc6d7eed62506f2e1838ef28,BASELINE_FAIL,PASS
PDFUA-Ref-2-01_Magazine-danish-M05,M05,semantic,PDFUA-Ref-2-01_Magazine-danish,/H1,none,none,none,SURVIVED_AUTOMATED_CHECKS,none,none,none,PAC reported no new automated finding corresponding to the intended internal marked-content sequence property.,evidence\pac\formal\PDFUA-Ref-2-01_Magazine-danish-M05__5b5f3a85909983e4b44ba0babf92c7e9704757387a94804ef792ca3d3918bb6f.pdf,5b5f3a85909983e4b44ba0babf92c7e9704757387a94804ef792ca3d3918bb6f,BASELINE_PASS,PASS
PDFUA-Ref-2-03_AcademicAbstract-M05,M05,semantic,PDFUA-Ref-2-03_AcademicAbstract,/Link,none,none,none,SURVIVED_AUTOMATED_CHECKS,none,none,none,PAC reported no new automated finding corresponding to the intended internal marked-content sequence property.,evidence\pac\formal\PDFUA-Ref-2-03_AcademicAbstract-M05__ee82308195b4488f8c6e01bc8e4ba469df760c122c766ff84fc3425302d6f528.pdf,ee82308195b4488f8c6e01bc8e4ba469df760c122c766ff84fc3425302d6f528,BASELINE_PASS,PASS
PDFUA-Ref-2-04_Presentation-M05,M05,semantic,PDFUA-Ref-2-04_Presentation,/LBody,none,none,none,SURVIVED_AUTOMATED_CHECKS,none,none,none,PAC reported no new automated finding corresponding to the intended internal marked-content sequence property.,evidence\pac\formal\PDFUA-Ref-2-04_Presentation-M05__5d72a6c172200b5c5bf50850d45e535a9ed8454edfec1b2714a6c72159995d5c.pdf,5d72a6c172200b5c5bf50850d45e535a9ed8454edfec1b2714a6c72159995d5c,BASELINE_PASS,PASS
PDFUA-Ref-2-05_BookChapter-german-M05,M05,semantic,PDFUA-Ref-2-05_BookChapter-german,/Lbl,none,none,none,SURVIVED_AUTOMATED_CHECKS,none,none,none,PAC reported no new automated finding corresponding to the intended internal marked-content sequence property.,evidence\pac\formal\PDFUA-Ref-2-05_BookChapter-german-M05__b7a688694201ed24e8dda1fcf6290c752e42d1ab1d074fc0c8f9d29c0dcad216.pdf,b7a688694201ed24e8dda1fcf6290c752e42d1ab1d074fc0c8f9d29c0dcad216,BASELINE_PASS,PASS
PDFUA-Ref-2-06_Brochure-M05,M05,semantic,PDFUA-Ref-2-06_Brochure,/P,none,none,none,SURVIVED_AUTOMATED_CHECKS,none,none,none,PAC reported no new automated finding corresponding to the intended internal marked-content sequence property.,evidence\pac\formal\PDFUA-Ref-2-06_Brochure-M05__692c7fddc91d6d6899dc1f9e820e2851a6cbeaa9694f0841b53445b15b8e3012.pdf,692c7fddc91d6d6899dc1f9e820e2851a6cbeaa9694f0841b53445b15b8e3012,BASELINE_PASS,PASS
PDFUA-Ref-2-08_BookChapter-M05,M05,semantic,PDFUA-Ref-2-08_BookChapter,/P,none,none,none,SURVIVED_AUTOMATED_CHECKS,none,none,none,PAC reported no new automated finding corresponding to the intended internal marked-content sequence property.,evidence\pac\formal\PDFUA-Ref-2-08_BookChapter-M05__db8fd0be417f0b011ca55e313d0bc1bbe4421aec1d8bb27584fa99a9c5d1f7d3.pdf,db8fd0be417f0b011ca55e313d0bc1bbe4421aec1d8bb27584fa99a9c5d1f7d3,BASELINE_PASS,PASS
PDFUA-Ref-2-09_Scanned-M05,M05,semantic,PDFUA-Ref-2-09_Scanned,/P,Natural language,Natural language,none,BASELINE_CARRIED,none,Natural language,none,All mutant automated failures are already present in the matching PAC golden baseline.,evidence\pac\formal\PDFUA-Ref-2-09_Scanned-M05__6bbc4a32f5cfa0ae69e6f77ec68a66988bc5644b1e60e34278181c151d71b932.pdf,6bbc4a32f5cfa0ae69e6f77ec68a66988bc5644b1e60e34278181c151d71b932,BASELINE_FAIL,PASS
PDFUA-Ref-2-01_Magazine-danish-M06,M06,machine_checkable,PDFUA-Ref-2-01_Magazine-danish,/L,none,none,none,SURVIVED_AUTOMATED_CHECKS,none,none,none,PAC reported no new automated finding corresponding to the intended duplicate list-item reference property.,evidence\pac\formal\PDFUA-Ref-2-01_Magazine-danish-M06__4774ad31d5381502e81bc0e30ee6a92559c51bf4bd3772adcc50b3ca1d671d81.pdf,4774ad31d5381502e81bc0e30ee6a92559c51bf4bd3772adcc50b3ca1d671d81,BASELINE_PASS,PASS
PDFUA-Ref-2-03_AcademicAbstract-M06,M06,machine_checkable,PDFUA-Ref-2-03_AcademicAbstract,/L,none,none,none,SURVIVED_AUTOMATED_CHECKS,none,none,none,PAC reported no new automated finding corresponding to the intended duplicate list-item reference property.,evidence\pac\formal\PDFUA-Ref-2-03_AcademicAbstract-M06__ca37553b2d45198cd26b168a6c9eb41f248cd4f9179118b991fc47917a443afb.pdf,ca37553b2d45198cd26b168a6c9eb41f248cd4f9179118b991fc47917a443afb,BASELINE_PASS,PASS
PDFUA-Ref-2-04_Presentation-M06,M06,machine_checkable,PDFUA-Ref-2-04_Presentation,/L,none,none,none,SURVIVED_AUTOMATED_CHECKS,none,none,none,PAC reported no new automated finding corresponding to the intended duplicate list-item reference property.,evidence\pac\formal\PDFUA-Ref-2-04_Presentation-M06__56a2b7314c6bb652499bd6ed6a070925d4a76b840d9a06a4377b055a02d37da4.pdf,56a2b7314c6bb652499bd6ed6a070925d4a76b840d9a06a4377b055a02d37da4,BASELINE_PASS,PASS
PDFUA-Ref-2-05_BookChapter-german-M06,M06,machine_checkable,PDFUA-Ref-2-05_BookChapter-german,/L,none,none,none,SURVIVED_AUTOMATED_CHECKS,none,none,none,PAC reported no new automated finding corresponding to the intended duplicate list-item reference property.,evidence\pac\formal\PDFUA-Ref-2-05_BookChapter-german-M06__823c2b5ddc120128c9e6eb07963de30f15be94f72a40d781b698af48fb5833a6.pdf,823c2b5ddc120128c9e6eb07963de30f15be94f72a40d781b698af48fb5833a6,BASELINE_PASS,PASS
PDFUA-Ref-2-06_Brochure-M06,M06,machine_checkable,PDFUA-Ref-2-06_Brochure,/L,none,none,none,SURVIVED_AUTOMATED_CHECKS,none,none,none,PAC reported no new automated finding corresponding to the intended duplicate list-item reference property.,evidence\pac\formal\PDFUA-Ref-2-06_Brochure-M06__a8629a74e71648776b2bb71606a7de30f1cbea3ffa60417d0bc936fabdb3c382.pdf,a8629a74e71648776b2bb71606a7de30f1cbea3ffa60417d0bc936fabdb3c382,BASELINE_PASS,PASS
PDFUA-Ref-2-08_BookChapter-M06,M06,machine_checkable,PDFUA-Ref-2-08_BookChapter,/L,none,none,none,SURVIVED_AUTOMATED_CHECKS,none,none,none,PAC reported no new automated finding corresponding to the intended duplicate list-item reference property.,evidence\pac\formal\PDFUA-Ref-2-08_BookChapter-M06__86091f5caa50e48f16a3a67354122d88c286f8ad8e5a892f22202d5dfe0be414.pdf,86091f5caa50e48f16a3a67354122d88c286f8ad8e5a892f22202d5dfe0be414,BASELINE_PASS,PASS
PDFUA-Ref-2-09_Scanned-M06,M06,machine_checkable,PDFUA-Ref-2-09_Scanned,/L,Natural language,Natural language,none,BASELINE_CARRIED,none,Natural language,none,All mutant automated failures are already present in the matching PAC golden baseline.,evidence\pac\formal\PDFUA-Ref-2-09_Scanned-M06__637c71a7db4ce2fccd3d34ad662d600b62ef46c275c3ca370c2d17a97980c9fa.pdf,637c71a7db4ce2fccd3d34ad662d600b62ef46c275c3ca370c2d17a97980c9fa,BASELINE_FAIL,PASS
PDFUA-Ref-2-01_Magazine-danish-M07,M07,machine_checkable,PDFUA-Ref-2-01_Magazine-danish,/Figure,none,Alternative Descriptions,Alternative Descriptions,INTENDED_DETECTION,none,none,none,PAC reported a new automated finding corresponding to the M04-M10 missing figure alternate description mutation.,evidence\pac\formal\PDFUA-Ref-2-01_Magazine-danish-M07__a45021dfa3ce09f803eac101d0d5bffcd1326662a9a71c028bbd51cbe01a595f.pdf,a45021dfa3ce09f803eac101d0d5bffcd1326662a9a71c028bbd51cbe01a595f,BASELINE_PASS,PASS
PDFUA-Ref-2-02_Invoice-M07,M07,machine_checkable,PDFUA-Ref-2-02_Invoice,/Figure,none,Alternative Descriptions,Alternative Descriptions,INTENDED_DETECTION,none,none,none,PAC reported a new automated finding corresponding to the M04-M10 missing figure alternate description mutation.,evidence\pac\formal\PDFUA-Ref-2-02_Invoice-M07__14e04ae7cadc509f5b6479aff17be9cf6d79e68524801d8aa9a27e49ea348506.pdf,14e04ae7cadc509f5b6479aff17be9cf6d79e68524801d8aa9a27e49ea348506,BASELINE_PASS,PASS
PDFUA-Ref-2-04_Presentation-M07,M07,machine_checkable,PDFUA-Ref-2-04_Presentation,/Figure,none,Alternative Descriptions,Alternative Descriptions,INTENDED_DETECTION,none,none,none,PAC reported a new automated finding corresponding to the M04-M10 missing figure alternate description mutation.,evidence\pac\formal\PDFUA-Ref-2-04_Presentation-M07__09d414160bdb30b7d9aa23413647b6ba38f434340f1d3f0d3164a1d37d5d3088.pdf,09d414160bdb30b7d9aa23413647b6ba38f434340f1d3f0d3164a1d37d5d3088,BASELINE_PASS,PASS
PDFUA-Ref-2-05_BookChapter-german-M07,M07,machine_checkable,PDFUA-Ref-2-05_BookChapter-german,/Figure,none,Alternative Descriptions,Alternative Descriptions,INTENDED_DETECTION,none,none,none,PAC reported a new automated finding corresponding to the M04-M10 missing figure alternate description mutation.,evidence\pac\formal\PDFUA-Ref-2-05_BookChapter-german-M07__be8cb7f6aca4a81ecb01654b816f6ae0f5cf8f5daa45ebf5468925fcf7ab9742.pdf,be8cb7f6aca4a81ecb01654b816f6ae0f5cf8f5daa45ebf5468925fcf7ab9742,BASELINE_PASS,PASS
PDFUA-Ref-2-06_Brochure-M07,M07,machine_checkable,PDFUA-Ref-2-06_Brochure,/Figure,none,Alternative Descriptions,Alternative Descriptions,INTENDED_DETECTION,none,none,none,PAC reported a new automated finding corresponding to the M04-M10 missing figure alternate description mutation.,evidence\pac\formal\PDFUA-Ref-2-06_Brochure-M07__7aed010a1cad015f6b9de4498a855cccc6599be37fe85e0ecdbddaef1d9af3dd.pdf,7aed010a1cad015f6b9de4498a855cccc6599be37fe85e0ecdbddaef1d9af3dd,BASELINE_PASS,PASS
PDFUA-Ref-2-08_BookChapter-M07,M07,machine_checkable,PDFUA-Ref-2-08_BookChapter,/Figure,none,Alternative Descriptions,Alternative Descriptions,INTENDED_DETECTION,none,none,none,PAC reported a new automated finding corresponding to the M04-M10 missing figure alternate description mutation.,evidence\pac\formal\PDFUA-Ref-2-08_BookChapter-M07__8df764ab15f21435fc2283a261e0fa073baef1005f3d740e3991a952285746e8.pdf,8df764ab15f21435fc2283a261e0fa073baef1005f3d740e3991a952285746e8,BASELINE_PASS,PASS
PDFUA-Ref-2-09_Scanned-M07,M07,machine_checkable,PDFUA-Ref-2-09_Scanned,/Figure,Natural language,Natural language;Alternative Descriptions,Alternative Descriptions,INTENDED_DETECTION,none,Natural language,none,PAC reported a new automated finding corresponding to the M04-M10 missing figure alternate description mutation.,evidence\pac\formal\PDFUA-Ref-2-09_Scanned-M07__c16652da4ab2f15701bf4b12fb0790c269bea5fadbfd0443c1e5db51c51d2c3a.pdf,c16652da4ab2f15701bf4b12fb0790c269bea5fadbfd0443c1e5db51c51d2c3a,BASELINE_FAIL,PASS
PDFUA-Ref-2-01_Magazine-danish-M08,M08,machine_checkable,PDFUA-Ref-2-01_Magazine-danish,Catalog (/Lang),none,Natural language,Natural language,INTENDED_DETECTION,none,none,none,PAC reported a new automated finding corresponding to the M04-M10 missing document language metadata mutation.,evidence\pac\formal\PDFUA-Ref-2-01_Magazine-danish-M08__798d1807493ecbed375ba1a175bb6d19f6d51dfe508c6df88df7ec3f8e1d6061.pdf,798d1807493ecbed375ba1a175bb6d19f6d51dfe508c6df88df7ec3f8e1d6061,BASELINE_PASS,PASS
PDFUA-Ref-2-02_Invoice-M08,M08,machine_checkable,PDFUA-Ref-2-02_Invoice,Catalog (/Lang),none,Natural language,Natural language,INTENDED_DETECTION,none,none,none,PAC reported a new automated finding corresponding to the M04-M10 missing document language metadata mutation.,evidence\pac\formal\PDFUA-Ref-2-02_Invoice-M08__4fa45b60c80cb404e90b60c4eb2e273acfc22555afdab15b8b1684d09b4f33df.pdf,4fa45b60c80cb404e90b60c4eb2e273acfc22555afdab15b8b1684d09b4f33df,BASELINE_PASS,PASS
PDFUA-Ref-2-03_AcademicAbstract-M08,M08,machine_checkable,PDFUA-Ref-2-03_AcademicAbstract,Catalog (/Lang),none,Natural language,Natural language,INTENDED_DETECTION,none,none,none,PAC reported a new automated finding corresponding to the M04-M10 missing document language metadata mutation.,evidence\pac\formal\PDFUA-Ref-2-03_AcademicAbstract-M08__381ec9f9fe1f7ef256d3f2ed7e5e405bb9802b17bb64d762f572bc6d313af091.pdf,381ec9f9fe1f7ef256d3f2ed7e5e405bb9802b17bb64d762f572bc6d313af091,BASELINE_PASS,PASS
PDFUA-Ref-2-04_Presentation-M08,M08,machine_checkable,PDFUA-Ref-2-04_Presentation,Catalog (/Lang),none,Natural language,Natural language,INTENDED_DETECTION,none,none,none,PAC reported a new automated finding corresponding to the M04-M10 missing document language metadata mutation.,evidence\pac\formal\PDFUA-Ref-2-04_Presentation-M08__72f5f8517793703f0eb2affec0285f5bfb13a062e91810ef96c17a766aa81539.pdf,72f5f8517793703f0eb2affec0285f5bfb13a062e91810ef96c17a766aa81539,BASELINE_PASS,PASS
PDFUA-Ref-2-05_BookChapter-german-M08,M08,machine_checkable,PDFUA-Ref-2-05_BookChapter-german,Catalog (/Lang),none,Natural language,Natural language,INTENDED_DETECTION,none,none,none,PAC reported a new automated finding corresponding to the M04-M10 missing document language metadata mutation.,evidence\pac\formal\PDFUA-Ref-2-05_BookChapter-german-M08__01ada38b1d9dc17882581a3ae080fa771f7a3ed2d3affbff49473ff510719fdd.pdf,01ada38b1d9dc17882581a3ae080fa771f7a3ed2d3affbff49473ff510719fdd,BASELINE_PASS,PASS
PDFUA-Ref-2-06_Brochure-M08,M08,machine_checkable,PDFUA-Ref-2-06_Brochure,Catalog (/Lang),none,Natural language,Natural language,INTENDED_DETECTION,none,none,none,PAC reported a new automated finding corresponding to the M04-M10 missing document language metadata mutation.,evidence\pac\formal\PDFUA-Ref-2-06_Brochure-M08__fa090d7a7a195eca6b885da4e9b0884b162b73a3b015be189fc41173738c2996.pdf,fa090d7a7a195eca6b885da4e9b0884b162b73a3b015be189fc41173738c2996,BASELINE_PASS,PASS
PDFUA-Ref-2-08_BookChapter-M08,M08,machine_checkable,PDFUA-Ref-2-08_BookChapter,Catalog (/Lang),none,Natural language,Natural language,INTENDED_DETECTION,none,none,none,PAC reported a new automated finding corresponding to the M04-M10 missing document language metadata mutation.,evidence\pac\formal\PDFUA-Ref-2-08_BookChapter-M08__2c631cd85add3b7883781fb114651993280bb8c9f360361eaf20cb1f3c1ef0c1.pdf,2c631cd85add3b7883781fb114651993280bb8c9f360361eaf20cb1f3c1ef0c1,BASELINE_PASS,PASS
PDFUA-Ref-2-10_Form-M08,M08,machine_checkable,PDFUA-Ref-2-10_Form,Catalog (/Lang),none,Natural language,Natural language,INTENDED_DETECTION,none,none,none,PAC reported a new automated finding corresponding to the M04-M10 missing document language metadata mutation.,evidence\pac\formal\PDFUA-Ref-2-10_Form-M08__53befb723e3cca79d246644678be0a3a09dae65ff4e514fc56d3fa404cd4ff8a.pdf,53befb723e3cca79d246644678be0a3a09dae65ff4e514fc56d3fa404cd4ff8a,BASELINE_PASS,PASS
PDFUA-Ref-2-01_Magazine-danish-M09,M09,machine_checkable,PDFUA-Ref-2-01_Magazine-danish,Catalog/StructTreeRoot (/RoleMap),none,Role mapping,Role mapping,INTENDED_DETECTION,none,none,none,PAC reported a new automated finding corresponding to the M04-M10 invalid RoleMap target mutation.,evidence\pac\formal\PDFUA-Ref-2-01_Magazine-danish-M09__3ef299495b93ea1d1fd50ba38ec265412abb6e1d7e147918d50ec9afcc36662b.pdf,3ef299495b93ea1d1fd50ba38ec265412abb6e1d7e147918d50ec9afcc36662b,BASELINE_PASS,PASS
PDFUA-Ref-2-04_Presentation-M09,M09,machine_checkable,PDFUA-Ref-2-04_Presentation,Catalog/StructTreeRoot (/RoleMap),none,Role mapping,Role mapping,INTENDED_DETECTION,none,none,none,PAC reported a new automated finding corresponding to the M04-M10 invalid RoleMap target mutation.,evidence\pac\formal\PDFUA-Ref-2-04_Presentation-M09__d9603ca680cfdcaf22033828f12e55e1d26f825bcbdfaf7dd0a29798ea61de3a.pdf,d9603ca680cfdcaf22033828f12e55e1d26f825bcbdfaf7dd0a29798ea61de3a,BASELINE_PASS,PASS
PDFUA-Ref-2-05_BookChapter-german-M09,M09,machine_checkable,PDFUA-Ref-2-05_BookChapter-german,Catalog/StructTreeRoot (/RoleMap),none,Role mapping,Role mapping,INTENDED_DETECTION,none,none,none,PAC reported a new automated finding corresponding to the M04-M10 invalid RoleMap target mutation.,evidence\pac\formal\PDFUA-Ref-2-05_BookChapter-german-M09__0ceaf48c6cf200ecab12a36c5bc30bb019911102fe2f2c7bc94508c87f43333f.pdf,0ceaf48c6cf200ecab12a36c5bc30bb019911102fe2f2c7bc94508c87f43333f,BASELINE_PASS,PASS
PDFUA-Ref-2-02_Invoice-M10,M10,machine_checkable,PDFUA-Ref-2-02_Invoice,/TH,none,Structure tree,Structure tree,INTENDED_DETECTION,none,none,none,"PAC reported a new Structure tree failure, the direct structural consequence of the illegal table-child role.",evidence\pac\formal\PDFUA-Ref-2-02_Invoice-M10__a4e6177f2fba056f3364f7ac88c2907effa97ee177584a1c46c4aeeca5f31c48.pdf,a4e6177f2fba056f3364f7ac88c2907effa97ee177584a1c46c4aeeca5f31c48,BASELINE_PASS,PASS
PDFUA-Ref-2-05_BookChapter-german-M10,M10,machine_checkable,PDFUA-Ref-2-05_BookChapter-german,/TH,none,Structure tree,Structure tree,INTENDED_DETECTION,none,none,none,"PAC reported a new Structure tree failure, the direct structural consequence of the illegal table-child role.",evidence\pac\formal\PDFUA-Ref-2-05_BookChapter-german-M10__4dcdbc2dd191cbca8b848640ec29c68cd21d74dedbbcacdb21e76112bb1d3f9c.pdf,4dcdbc2dd191cbca8b848640ec29c68cd21d74dedbbcacdb21e76112bb1d3f9c,BASELINE_PASS,PASS
PDFUA-Ref-2-08_BookChapter-M10,M10,machine_checkable,PDFUA-Ref-2-08_BookChapter,/TH,none,Structure tree,Structure tree,INTENDED_DETECTION,none,none,none,"PAC reported a new Structure tree failure, the direct structural consequence of the illegal table-child role.",evidence\pac\formal\PDFUA-Ref-2-08_BookChapter-M10__135ebc92b095127190c98164be07186359b69f0908bda83266abdbb34adab269.pdf,135ebc92b095127190c98164be07186359b69f0908bda83266abdbb34adab269,BASELINE_PASS,PASS
PDFUA-Ref-2-09_Scanned-M10,M10,machine_checkable,PDFUA-Ref-2-09_Scanned,/TH,Natural language,Natural language;Structure tree,Structure tree,INTENDED_DETECTION,none,Natural language,none,"PAC reported a new Structure tree failure, the direct structural consequence of the illegal table-child role.",evidence\pac\formal\PDFUA-Ref-2-09_Scanned-M10__c5f2c1706faf55b963f7ae539710aa419a530967f41fcbc495d5fbc6708927e8.pdf,c5f2c1706faf55b963f7ae539710aa419a530967f41fcbc495d5fbc6708927e8,BASELINE_FAIL,PASS
