operator,validator,detected,missed,needs_manual_check,not_applicable,total_with_classification,rate_numerator,rate_denominator,rate_denominator_definition,rate
M01,PAC,0,8,0,0,8,0,8,Detected + Missed; manual and not-applicable rows excluded,0.0000
M01,Acrobat,0,0,8,0,8,0,0,Detected + Missed; manual and not-applicable rows excluded,
M01,veraPDF,0,8,0,0,8,0,8,Detected + Missed; manual and not-applicable rows excluded,0.0000
M02,PAC,0,9,0,0,9,0,9,Detected + Missed; manual and not-applicable rows excluded,0.0000
M02,Acrobat,0,9,0,0,9,0,9,Detected + Missed; manual and not-applicable rows excluded,0.0000
M02,veraPDF,0,9,0,0,9,0,9,Detected + Missed; manual and not-applicable rows excluded,0.0000
M03,PAC,8,0,0,0,8,8,8,Detected + Missed; manual and not-applicable rows excluded,1.0000
M03,Acrobat,8,0,0,0,8,8,8,Detected + Missed; manual and not-applicable rows excluded,1.0000
M03,veraPDF,8,0,0,0,8,8,8,Detected + Missed; manual and not-applicable rows excluded,1.0000
M04,PAC,0,8,0,0,8,0,8,Detected + Missed; manual and not-applicable rows excluded,0.0000
M04,Acrobat,0,8,0,0,8,0,8,Detected + Missed; manual and not-applicable rows excluded,0.0000
M04,veraPDF,0,8,0,0,8,0,8,Detected + Missed; manual and not-applicable rows excluded,0.0000
M05,PAC,0,7,0,0,7,0,7,Detected + Missed; manual and not-applicable rows excluded,0.0000
M05,Acrobat,0,0,7,0,7,0,0,Detected + Missed; manual and not-applicable rows excluded,
M05,veraPDF,0,7,0,0,7,0,7,Detected + Missed; manual and not-applicable rows excluded,0.0000
M06,PAC,0,7,0,0,7,0,7,Detected + Missed; manual and not-applicable rows excluded,0.0000
M06,Acrobat,0,7,0,0,7,0,7,Detected + Missed; manual and not-applicable rows excluded,0.0000
M06,veraPDF,0,7,0,0,7,0,7,Detected + Missed; manual and not-applicable rows excluded,0.0000
M07,PAC,7,0,0,0,7,7,7,Detected + Missed; manual and not-applicable rows excluded,1.0000
M07,Acrobat,7,0,0,0,7,7,7,Detected + Missed; manual and not-applicable rows excluded,1.0000
M07,veraPDF,7,0,0,0,7,7,7,Detected + Missed; manual and not-applicable rows excluded,1.0000
M08,PAC,8,0,0,0,8,8,8,Detected + Missed; manual and not-applicable rows excluded,1.0000
M08,Acrobat,8,0,0,0,8,8,8,Detected + Missed; manual and not-applicable rows excluded,1.0000
M08,veraPDF,8,0,0,0,8,8,8,Detected + Missed; manual and not-applicable rows excluded,1.0000
M09,PAC,3,0,0,0,3,3,3,Detected + Missed; manual and not-applicable rows excluded,1.0000
M09,Acrobat,0,3,0,0,3,0,3,Detected + Missed; manual and not-applicable rows excluded,0.0000
M09,veraPDF,3,0,0,0,3,3,3,Detected + Missed; manual and not-applicable rows excluded,1.0000
M10,PAC,4,0,0,0,4,4,4,Detected + Missed; manual and not-applicable rows excluded,1.0000
M10,Acrobat,3,1,0,0,4,3,4,Detected + Missed; manual and not-applicable rows excluded,0.7500
M10,veraPDF,4,0,0,0,4,4,4,Detected + Missed; manual and not-applicable rows excluded,1.0000
