mutant_id,operator,status,failures
PDFUA-Ref-2-01_Magazine-danish-M01,M01,PASS,
PDFUA-Ref-2-03_AcademicAbstract-M01,M01,PASS,
PDFUA-Ref-2-04_Presentation-M01,M01,PASS,
PDFUA-Ref-2-05_BookChapter-german-M01,M01,PASS,
PDFUA-Ref-2-06_Brochure-M01,M01,PASS,
PDFUA-Ref-2-08_BookChapter-M01,M01,PASS,
PDFUA-Ref-2-09_Scanned-M01,M01,PASS,
PDFUA-Ref-2-10_Form-M01,M01,PASS,
PDFUA-Ref-2-01_Magazine-danish-M02,M02,PASS,
PDFUA-Ref-2-02_Invoice-M02,M02,PASS,
PDFUA-Ref-2-03_AcademicAbstract-M02,M02,PASS,
PDFUA-Ref-2-04_Presentation-M02,M02,PASS,
PDFUA-Ref-2-05_BookChapter-german-M02,M02,PASS,
PDFUA-Ref-2-06_Brochure-M02,M02,PASS,
PDFUA-Ref-2-08_BookChapter-M02,M02,PASS,
PDFUA-Ref-2-09_Scanned-M02,M02,PASS,
PDFUA-Ref-2-10_Form-M02,M02,PASS,
PDFUA-Ref-2-01_Magazine-danish-M03,M03,PASS,
PDFUA-Ref-2-02_Invoice-M03,M03,PASS,
PDFUA-Ref-2-03_AcademicAbstract-M03,M03,PASS,
PDFUA-Ref-2-04_Presentation-M03,M03,PASS,
PDFUA-Ref-2-05_BookChapter-german-M03,M03,PASS,
PDFUA-Ref-2-06_Brochure-M03,M03,PASS,
PDFUA-Ref-2-08_BookChapter-M03,M03,PASS,
PDFUA-Ref-2-09_Scanned-M03,M03,PASS,
PDFUA-Ref-2-01_Magazine-danish-M04,M04,PASS,
PDFUA-Ref-2-02_Invoice-M04,M04,PASS,
PDFUA-Ref-2-03_AcademicAbstract-M04,M04,PASS,
PDFUA-Ref-2-04_Presentation-M04,M04,PASS,
PDFUA-Ref-2-05_BookChapter-german-M04,M04,PASS,
PDFUA-Ref-2-06_Brochure-M04,M04,PASS,
PDFUA-Ref-2-08_BookChapter-M04,M04,PASS,
PDFUA-Ref-2-09_Scanned-M04,M04,PASS,
PDFUA-Ref-2-01_Magazine-danish-M05,M05,PASS,
PDFUA-Ref-2-03_AcademicAbstract-M05,M05,PASS,
PDFUA-Ref-2-04_Presentation-M05,M05,PASS,
PDFUA-Ref-2-05_BookChapter-german-M05,M05,PASS,
PDFUA-Ref-2-06_Brochure-M05,M05,PASS,
PDFUA-Ref-2-08_BookChapter-M05,M05,PASS,
PDFUA-Ref-2-09_Scanned-M05,M05,PASS,
PDFUA-Ref-2-01_Magazine-danish-M06,M06,PASS,
PDFUA-Ref-2-03_AcademicAbstract-M06,M06,PASS,
PDFUA-Ref-2-04_Presentation-M06,M06,PASS,
PDFUA-Ref-2-05_BookChapter-german-M06,M06,PASS,
PDFUA-Ref-2-06_Brochure-M06,M06,PASS,
PDFUA-Ref-2-08_BookChapter-M06,M06,PASS,
PDFUA-Ref-2-09_Scanned-M06,M06,PASS,
PDFUA-Ref-2-01_Magazine-danish-M07,M07,PASS,
PDFUA-Ref-2-02_Invoice-M07,M07,PASS,
PDFUA-Ref-2-04_Presentation-M07,M07,PASS,
PDFUA-Ref-2-05_BookChapter-german-M07,M07,PASS,
PDFUA-Ref-2-06_Brochure-M07,M07,PASS,
PDFUA-Ref-2-08_BookChapter-M07,M07,PASS,
PDFUA-Ref-2-09_Scanned-M07,M07,PASS,
PDFUA-Ref-2-01_Magazine-danish-M08,M08,PASS,
PDFUA-Ref-2-02_Invoice-M08,M08,PASS,
PDFUA-Ref-2-03_AcademicAbstract-M08,M08,PASS,
PDFUA-Ref-2-04_Presentation-M08,M08,PASS,
PDFUA-Ref-2-05_BookChapter-german-M08,M08,PASS,
PDFUA-Ref-2-06_Brochure-M08,M08,PASS,
PDFUA-Ref-2-08_BookChapter-M08,M08,PASS,
PDFUA-Ref-2-10_Form-M08,M08,PASS,
PDFUA-Ref-2-01_Magazine-danish-M09,M09,PASS,
PDFUA-Ref-2-04_Presentation-M09,M09,PASS,
PDFUA-Ref-2-05_BookChapter-german-M09,M09,PASS,
PDFUA-Ref-2-02_Invoice-M10,M10,PASS,
PDFUA-Ref-2-05_BookChapter-german-M10,M10,PASS,
PDFUA-Ref-2-08_BookChapter-M10,M10,PASS,
PDFUA-Ref-2-09_Scanned-M10,M10,PASS,
