source_golden,validator,mutants,detected,missed,manual,rate_denominator,rate
PDFUA-Ref-2-01_Magazine-danish,PAC,9,4,5,0,9,0.4444
PDFUA-Ref-2-02_Invoice,PAC,6,4,2,0,6,0.6667
PDFUA-Ref-2-03_AcademicAbstract,PAC,7,2,5,0,7,0.2857
PDFUA-Ref-2-04_Presentation,PAC,9,4,5,0,9,0.4444
PDFUA-Ref-2-05_BookChapter-german,PAC,10,5,5,0,10,0.5000
PDFUA-Ref-2-06_Brochure,PAC,8,3,5,0,8,0.3750
PDFUA-Ref-2-08_BookChapter,PAC,9,4,5,0,9,0.4444
PDFUA-Ref-2-09_Scanned,PAC,8,3,5,0,8,0.3750
PDFUA-Ref-2-10_Form,PAC,3,1,2,0,3,0.3333
PDFUA-Ref-2-01_Magazine-danish,Acrobat,9,3,4,2,7,0.4286
PDFUA-Ref-2-02_Invoice,Acrobat,6,3,3,0,6,0.5000
PDFUA-Ref-2-03_AcademicAbstract,Acrobat,7,2,3,2,5,0.4000
PDFUA-Ref-2-04_Presentation,Acrobat,9,3,4,2,7,0.4286
PDFUA-Ref-2-05_BookChapter-german,Acrobat,10,4,4,2,8,0.5000
PDFUA-Ref-2-06_Brochure,Acrobat,8,3,3,2,6,0.5000
PDFUA-Ref-2-08_BookChapter,Acrobat,9,4,3,2,7,0.5714
PDFUA-Ref-2-09_Scanned,Acrobat,8,3,3,2,6,0.5000
PDFUA-Ref-2-10_Form,Acrobat,3,1,1,1,2,0.5000
PDFUA-Ref-2-01_Magazine-danish,veraPDF,9,4,5,0,9,0.4444
PDFUA-Ref-2-02_Invoice,veraPDF,6,4,2,0,6,0.6667
PDFUA-Ref-2-03_AcademicAbstract,veraPDF,7,2,5,0,7,0.2857
PDFUA-Ref-2-04_Presentation,veraPDF,9,4,5,0,9,0.4444
PDFUA-Ref-2-05_BookChapter-german,veraPDF,10,5,5,0,10,0.5000
PDFUA-Ref-2-06_Brochure,veraPDF,8,3,5,0,8,0.3750
PDFUA-Ref-2-08_BookChapter,veraPDF,9,4,5,0,9,0.4444
PDFUA-Ref-2-09_Scanned,veraPDF,8,3,5,0,8,0.3750
PDFUA-Ref-2-10_Form,veraPDF,3,1,2,0,3,0.3333
