batch_id,sub_batch_id,order,artifact_id,filepath,sha256,operator,source_golden,validator,configuration,baseline_or_mutant,exact_output_filename,evidence_destination,status,notes
B00_CORPUS_PROVENANCE_REVIEW,,1,CORPUS_PROVENANCE_REVIEW,CORPUS_LICENSES.md,,,,Provenance,Source/license mapping,setup,USER_ACTION_REQUIRED.md,.,COMPLETE,Verified 2026-09-24 against the official PDF Association suite page, the recorded public mirror URLs, exact local filenames, and matching local SHA-256 values; historical acquisition archive/timestamp remains unavailable and is documented as a limitation in data/provenance_verification_2026-09-24.md.
B01_GOLDEN_PAC_FORMAL,,2,PDFUA-Ref-2-01_Magazine-danish,corpus\golden\PDFUA-Ref-2-01_Magazine-danish.pdf,aef89af13c9c94fc4f4e1a8c5872450cc4c8fff7de544d8ada6a0912425aa434,,PDFUA-Ref-2-01_Magazine-danish,PAC,Formal,golden_baseline,PDFUA-Ref-2-01_Magazine-danish__aef89af13c9c94fc4f4e1a8c5872450cc4c8fff7de544d8ada6a0912425aa434.pdf,evidence/pac/formal,COMPLETE,Complete this baseline before interpreting any matching mutant.
B01_GOLDEN_PAC_FORMAL,,3,PDFUA-Ref-2-02_Invoice,corpus\golden\PDFUA-Ref-2-02_Invoice.pdf,fbae08464f192f532205833215505b78266e86df6283d9b0c439cb06927ce0b9,,PDFUA-Ref-2-02_Invoice,PAC,Formal,golden_baseline,PDFUA-Ref-2-02_Invoice__fbae08464f192f532205833215505b78266e86df6283d9b0c439cb06927ce0b9.pdf,evidence/pac/formal,COMPLETE,Complete this baseline before interpreting any matching mutant.
B01_GOLDEN_PAC_FORMAL,,4,PDFUA-Ref-2-03_AcademicAbstract,corpus\golden\PDFUA-Ref-2-03_AcademicAbstract.pdf,e61257d371261867926eb006f8895569a95fcfbcb93fca3be04b8b9187cb93a0,,PDFUA-Ref-2-03_AcademicAbstract,PAC,Formal,golden_baseline,PDFUA-Ref-2-03_AcademicAbstract__e61257d371261867926eb006f8895569a95fcfbcb93fca3be04b8b9187cb93a0.pdf,evidence/pac/formal,COMPLETE,Complete this baseline before interpreting any matching mutant.
B01_GOLDEN_PAC_FORMAL,,5,PDFUA-Ref-2-04_Presentation,corpus\golden\PDFUA-Ref-2-04_Presentation.pdf,90acb829ca8bfa037796592539d15010e9099d1cd2622aac1fce7d9fd3ae7575,,PDFUA-Ref-2-04_Presentation,PAC,Formal,golden_baseline,PDFUA-Ref-2-04_Presentation__90acb829ca8bfa037796592539d15010e9099d1cd2622aac1fce7d9fd3ae7575.pdf,evidence/pac/formal,COMPLETE,Complete this baseline before interpreting any matching mutant.
B01_GOLDEN_PAC_FORMAL,,6,PDFUA-Ref-2-05_BookChapter-german,corpus\golden\PDFUA-Ref-2-05_BookChapter-german.pdf,fc525b8899da31779b6143c16053779cd560d4417018a901472de33c71252352,,PDFUA-Ref-2-05_BookChapter-german,PAC,Formal,golden_baseline,PDFUA-Ref-2-05_BookChapter-german__fc525b8899da31779b6143c16053779cd560d4417018a901472de33c71252352.pdf,evidence/pac/formal,COMPLETE,Complete this baseline before interpreting any matching mutant.
B01_GOLDEN_PAC_FORMAL,,7,PDFUA-Ref-2-06_Brochure,corpus\golden\PDFUA-Ref-2-06_Brochure.pdf,aefd5ab48a908b9996ffadcb14d8ff31a2c653657cbe011a46f4cf61396a589e,,PDFUA-Ref-2-06_Brochure,PAC,Formal,golden_baseline,PDFUA-Ref-2-06_Brochure__aefd5ab48a908b9996ffadcb14d8ff31a2c653657cbe011a46f4cf61396a589e.pdf,evidence/pac/formal,COMPLETE,Complete this baseline before interpreting any matching mutant.
B01_GOLDEN_PAC_FORMAL,,8,PDFUA-Ref-2-08_BookChapter,corpus\golden\PDFUA-Ref-2-08_BookChapter.pdf,2b958600daec79373736f413f2712fcd9c604de2c352cbc1ec9d67cc5d7932f1,,PDFUA-Ref-2-08_BookChapter,PAC,Formal,golden_baseline,PDFUA-Ref-2-08_BookChapter__2b958600daec79373736f413f2712fcd9c604de2c352cbc1ec9d67cc5d7932f1.pdf,evidence/pac/formal,COMPLETE,Complete this baseline before interpreting any matching mutant.
B01_GOLDEN_PAC_FORMAL,,9,PDFUA-Ref-2-09_Scanned,corpus\golden\PDFUA-Ref-2-09_Scanned.pdf,bb46d5c723fe1427dd1bf92ccd8653f9a5cef4054f7d878168b99477fa3792ae,,PDFUA-Ref-2-09_Scanned,PAC,Formal,golden_baseline,PDFUA-Ref-2-09_Scanned__bb46d5c723fe1427dd1bf92ccd8653f9a5cef4054f7d878168b99477fa3792ae.pdf,evidence/pac/formal,COMPLETE,Complete this baseline before interpreting any matching mutant.
B01_GOLDEN_PAC_FORMAL,,10,PDFUA-Ref-2-10_Form,corpus\golden\PDFUA-Ref-2-10_Form.pdf,06d5cacd7c5ba9573a57c6d99d3f357ee14a24cff0c138036840fc44c6311806,,PDFUA-Ref-2-10_Form,PAC,Formal,golden_baseline,PDFUA-Ref-2-10_Form__06d5cacd7c5ba9573a57c6d99d3f357ee14a24cff0c138036840fc44c6311806.pdf,evidence/pac/formal,COMPLETE,Complete this baseline before interpreting any matching mutant.
B02_GOLDEN_ACROBAT,,11,PDFUA-Ref-2-01_Magazine-danish,corpus\golden\PDFUA-Ref-2-01_Magazine-danish.pdf,aef89af13c9c94fc4f4e1a8c5872450cc4c8fff7de544d8ada6a0912425aa434,,PDFUA-Ref-2-01_Magazine-danish,Acrobat,Full Check,golden_baseline,PDFUA-Ref-2-01_Magazine-danish__aef89af13c9c94fc4f4e1a8c5872450cc4c8fff7de544d8ada6a0912425aa434.json,evidence/acrobat,COMPLETE,Complete this baseline before interpreting any matching mutant.
B02_GOLDEN_ACROBAT,,12,PDFUA-Ref-2-02_Invoice,corpus\golden\PDFUA-Ref-2-02_Invoice.pdf,fbae08464f192f532205833215505b78266e86df6283d9b0c439cb06927ce0b9,,PDFUA-Ref-2-02_Invoice,Acrobat,Full Check,golden_baseline,PDFUA-Ref-2-02_Invoice__fbae08464f192f532205833215505b78266e86df6283d9b0c439cb06927ce0b9.json,evidence/acrobat,COMPLETE,Complete this baseline before interpreting any matching mutant.
B02_GOLDEN_ACROBAT,,13,PDFUA-Ref-2-03_AcademicAbstract,corpus\golden\PDFUA-Ref-2-03_AcademicAbstract.pdf,e61257d371261867926eb006f8895569a95fcfbcb93fca3be04b8b9187cb93a0,,PDFUA-Ref-2-03_AcademicAbstract,Acrobat,Full Check,golden_baseline,PDFUA-Ref-2-03_AcademicAbstract__e61257d371261867926eb006f8895569a95fcfbcb93fca3be04b8b9187cb93a0.json,evidence/acrobat,COMPLETE,Complete this baseline before interpreting any matching mutant.
B02_GOLDEN_ACROBAT,,14,PDFUA-Ref-2-04_Presentation,corpus\golden\PDFUA-Ref-2-04_Presentation.pdf,90acb829ca8bfa037796592539d15010e9099d1cd2622aac1fce7d9fd3ae7575,,PDFUA-Ref-2-04_Presentation,Acrobat,Full Check,golden_baseline,PDFUA-Ref-2-04_Presentation__90acb829ca8bfa037796592539d15010e9099d1cd2622aac1fce7d9fd3ae7575.json,evidence/acrobat,COMPLETE,Complete this baseline before interpreting any matching mutant.
B02_GOLDEN_ACROBAT,,15,PDFUA-Ref-2-05_BookChapter-german,corpus\golden\PDFUA-Ref-2-05_BookChapter-german.pdf,fc525b8899da31779b6143c16053779cd560d4417018a901472de33c71252352,,PDFUA-Ref-2-05_BookChapter-german,Acrobat,Full Check,golden_baseline,PDFUA-Ref-2-05_BookChapter-german__fc525b8899da31779b6143c16053779cd560d4417018a901472de33c71252352.json,evidence/acrobat,COMPLETE,Complete this baseline before interpreting any matching mutant.
B02_GOLDEN_ACROBAT,,16,PDFUA-Ref-2-06_Brochure,corpus\golden\PDFUA-Ref-2-06_Brochure.pdf,aefd5ab48a908b9996ffadcb14d8ff31a2c653657cbe011a46f4cf61396a589e,,PDFUA-Ref-2-06_Brochure,Acrobat,Full Check,golden_baseline,PDFUA-Ref-2-06_Brochure__aefd5ab48a908b9996ffadcb14d8ff31a2c653657cbe011a46f4cf61396a589e.json,evidence/acrobat,COMPLETE,Complete this baseline before interpreting any matching mutant.
B02_GOLDEN_ACROBAT,,17,PDFUA-Ref-2-08_BookChapter,corpus\golden\PDFUA-Ref-2-08_BookChapter.pdf,2b958600daec79373736f413f2712fcd9c604de2c352cbc1ec9d67cc5d7932f1,,PDFUA-Ref-2-08_BookChapter,Acrobat,Full Check,golden_baseline,PDFUA-Ref-2-08_BookChapter__2b958600daec79373736f413f2712fcd9c604de2c352cbc1ec9d67cc5d7932f1.json,evidence/acrobat,COMPLETE,Complete this baseline before interpreting any matching mutant.
B02_GOLDEN_ACROBAT,,18,PDFUA-Ref-2-09_Scanned,corpus\golden\PDFUA-Ref-2-09_Scanned.pdf,bb46d5c723fe1427dd1bf92ccd8653f9a5cef4054f7d878168b99477fa3792ae,,PDFUA-Ref-2-09_Scanned,Acrobat,Full Check,golden_baseline,PDFUA-Ref-2-09_Scanned__bb46d5c723fe1427dd1bf92ccd8653f9a5cef4054f7d878168b99477fa3792ae.json,evidence/acrobat,COMPLETE,Complete this baseline before interpreting any matching mutant.
B02_GOLDEN_ACROBAT,,19,PDFUA-Ref-2-10_Form,corpus\golden\PDFUA-Ref-2-10_Form.pdf,06d5cacd7c5ba9573a57c6d99d3f357ee14a24cff0c138036840fc44c6311806,,PDFUA-Ref-2-10_Form,Acrobat,Full Check,golden_baseline,PDFUA-Ref-2-10_Form__06d5cacd7c5ba9573a57c6d99d3f357ee14a24cff0c138036840fc44c6311806.json,evidence/acrobat,COMPLETE,Complete this baseline before interpreting any matching mutant.
B03_VERAPDF_SETUP,,20,VERAPDF_BATCH_SETUP,scripts\run_verapdf_batch.py,,,,veraPDF,PDF/UA-1 ua1 JSON batch,setup,VERAPDF_BATCH_SETUP__.json,evidence/verapdf,COMPLETE,Install veraPDF and run the single 84-file automated batch.
B04_MUTANT_PAC_FORMAL,B04_M01,21,PDFUA-Ref-2-01_Magazine-danish-M01,corpus\mutants\PDFUA-Ref-2-01_Magazine-danish-M01.pdf,a52e75193364438a1701f76c986fc047ee3e3b98dd691ec662d2c1d380c5d2df,M01,PDFUA-Ref-2-01_Magazine-danish,PAC,Formal,mutant,PDFUA-Ref-2-01_Magazine-danish-M01__a52e75193364438a1701f76c986fc047ee3e3b98dd691ec662d2c1d380c5d2df.pdf,evidence/pac/formal,COMPLETE,Deferred until the matching golden baseline is complete and reviewed.
B04_MUTANT_PAC_FORMAL,B04_M01,22,PDFUA-Ref-2-03_AcademicAbstract-M01,corpus\mutants\PDFUA-Ref-2-03_AcademicAbstract-M01.pdf,3e2fe0a15cd8758f335e91aef7bb50a2b45f2e003448723f106d803a55ce788f,M01,PDFUA-Ref-2-03_AcademicAbstract,PAC,Formal,mutant,PDFUA-Ref-2-03_AcademicAbstract-M01__3e2fe0a15cd8758f335e91aef7bb50a2b45f2e003448723f106d803a55ce788f.pdf,evidence/pac/formal,COMPLETE,Deferred until the matching golden baseline is complete and reviewed.
B04_MUTANT_PAC_FORMAL,B04_M01,23,PDFUA-Ref-2-04_Presentation-M01,corpus\mutants\PDFUA-Ref-2-04_Presentation-M01.pdf,1e4ccf771ae704a24d184020cdac9bd43d0a9bdb6ab88e04b7893d040d642c9c,M01,PDFUA-Ref-2-04_Presentation,PAC,Formal,mutant,PDFUA-Ref-2-04_Presentation-M01__1e4ccf771ae704a24d184020cdac9bd43d0a9bdb6ab88e04b7893d040d642c9c.pdf,evidence/pac/formal,COMPLETE,Deferred until the matching golden baseline is complete and reviewed.
B04_MUTANT_PAC_FORMAL,B04_M01,24,PDFUA-Ref-2-05_BookChapter-german-M01,corpus\mutants\PDFUA-Ref-2-05_BookChapter-german-M01.pdf,f3455e42a1e7610054506c9ece9cfbef949f888e93294fce9eae762222be6078,M01,PDFUA-Ref-2-05_BookChapter-german,PAC,Formal,mutant,PDFUA-Ref-2-05_BookChapter-german-M01__f3455e42a1e7610054506c9ece9cfbef949f888e93294fce9eae762222be6078.pdf,evidence/pac/formal,COMPLETE,Deferred until the matching golden baseline is complete and reviewed.
B04_MUTANT_PAC_FORMAL,B04_M01,25,PDFUA-Ref-2-06_Brochure-M01,corpus\mutants\PDFUA-Ref-2-06_Brochure-M01.pdf,a1a94935bccdbaad7b39c045e9c627fb5deacc3f7fd7fa80c8c77cd6c02acf0a,M01,PDFUA-Ref-2-06_Brochure,PAC,Formal,mutant,PDFUA-Ref-2-06_Brochure-M01__a1a94935bccdbaad7b39c045e9c627fb5deacc3f7fd7fa80c8c77cd6c02acf0a.pdf,evidence/pac/formal,COMPLETE,Deferred until the matching golden baseline is complete and reviewed.
B04_MUTANT_PAC_FORMAL,B04_M01,26,PDFUA-Ref-2-08_BookChapter-M01,corpus\mutants\PDFUA-Ref-2-08_BookChapter-M01.pdf,f5fdd674ca53247a75d32f520d656f24f8e97e864466f9a72ca8e62487f63178,M01,PDFUA-Ref-2-08_BookChapter,PAC,Formal,mutant,PDFUA-Ref-2-08_BookChapter-M01__f5fdd674ca53247a75d32f520d656f24f8e97e864466f9a72ca8e62487f63178.pdf,evidence/pac/formal,COMPLETE,Deferred until the matching golden baseline is complete and reviewed.
B04_MUTANT_PAC_FORMAL,B04_M01,27,PDFUA-Ref-2-09_Scanned-M01,corpus\mutants\PDFUA-Ref-2-09_Scanned-M01.pdf,04ce7bde54a9e481e0da7d5bf8a4e7fc98467f2bdbc3803291d166e219df9dc0,M01,PDFUA-Ref-2-09_Scanned,PAC,Formal,mutant,PDFUA-Ref-2-09_Scanned-M01__04ce7bde54a9e481e0da7d5bf8a4e7fc98467f2bdbc3803291d166e219df9dc0.pdf,evidence/pac/formal,COMPLETE,Deferred until the matching golden baseline is complete and reviewed.
B04_MUTANT_PAC_FORMAL,B04_M01,28,PDFUA-Ref-2-10_Form-M01,corpus\mutants\PDFUA-Ref-2-10_Form-M01.pdf,3f4549f2b3c4a7e8ec2859096f3bc42513bf0df4cad6c5ee1f324835425bfece,M01,PDFUA-Ref-2-10_Form,PAC,Formal,mutant,PDFUA-Ref-2-10_Form-M01__3f4549f2b3c4a7e8ec2859096f3bc42513bf0df4cad6c5ee1f324835425bfece.pdf,evidence/pac/formal,COMPLETE,Deferred until the matching golden baseline is complete and reviewed.
B04_MUTANT_PAC_FORMAL,B04_M02,29,PDFUA-Ref-2-01_Magazine-danish-M02,corpus\mutants\PDFUA-Ref-2-01_Magazine-danish-M02.pdf,e8df97191d286d7b52b625d3664034a14374aac4965a0bdd2aa6af57f9876c5f,M02,PDFUA-Ref-2-01_Magazine-danish,PAC,Formal,mutant,PDFUA-Ref-2-01_Magazine-danish-M02__e8df97191d286d7b52b625d3664034a14374aac4965a0bdd2aa6af57f9876c5f.pdf,evidence/pac/formal,COMPLETE,Deferred until the matching golden baseline is complete and reviewed.
B04_MUTANT_PAC_FORMAL,B04_M02,30,PDFUA-Ref-2-02_Invoice-M02,corpus\mutants\PDFUA-Ref-2-02_Invoice-M02.pdf,462607fdecfb53a1cfdf57d060f6f2ef467370ae7d39213b258398a1777120fd,M02,PDFUA-Ref-2-02_Invoice,PAC,Formal,mutant,PDFUA-Ref-2-02_Invoice-M02__462607fdecfb53a1cfdf57d060f6f2ef467370ae7d39213b258398a1777120fd.pdf,evidence/pac/formal,COMPLETE,Deferred until the matching golden baseline is complete and reviewed.
B04_MUTANT_PAC_FORMAL,B04_M02,31,PDFUA-Ref-2-03_AcademicAbstract-M02,corpus\mutants\PDFUA-Ref-2-03_AcademicAbstract-M02.pdf,16aed0e5075a817106227b70904ceee8d8c2f771c2a83fc933e07e4a561ba5f1,M02,PDFUA-Ref-2-03_AcademicAbstract,PAC,Formal,mutant,PDFUA-Ref-2-03_AcademicAbstract-M02__16aed0e5075a817106227b70904ceee8d8c2f771c2a83fc933e07e4a561ba5f1.pdf,evidence/pac/formal,COMPLETE,Deferred until the matching golden baseline is complete and reviewed.
B04_MUTANT_PAC_FORMAL,B04_M02,32,PDFUA-Ref-2-04_Presentation-M02,corpus\mutants\PDFUA-Ref-2-04_Presentation-M02.pdf,e85501fb90d221c574cae80f0cab8f7db33b2a21c9b89e7f2de4167b4dd87880,M02,PDFUA-Ref-2-04_Presentation,PAC,Formal,mutant,PDFUA-Ref-2-04_Presentation-M02__e85501fb90d221c574cae80f0cab8f7db33b2a21c9b89e7f2de4167b4dd87880.pdf,evidence/pac/formal,COMPLETE,Deferred until the matching golden baseline is complete and reviewed.
B04_MUTANT_PAC_FORMAL,B04_M02,33,PDFUA-Ref-2-05_BookChapter-german-M02,corpus\mutants\PDFUA-Ref-2-05_BookChapter-german-M02.pdf,5b806fd39c6559c0416737eb3cc131c05f5071f0b1d758af0fecca9b315070af,M02,PDFUA-Ref-2-05_BookChapter-german,PAC,Formal,mutant,PDFUA-Ref-2-05_BookChapter-german-M02__5b806fd39c6559c0416737eb3cc131c05f5071f0b1d758af0fecca9b315070af.pdf,evidence/pac/formal,COMPLETE,Deferred until the matching golden baseline is complete and reviewed.
B04_MUTANT_PAC_FORMAL,B04_M02,34,PDFUA-Ref-2-06_Brochure-M02,corpus\mutants\PDFUA-Ref-2-06_Brochure-M02.pdf,6a7c6c4b28369d6bc3ab0f091ff69a08665fe3b8d8398a7fa59ac5bab1cef360,M02,PDFUA-Ref-2-06_Brochure,PAC,Formal,mutant,PDFUA-Ref-2-06_Brochure-M02__6a7c6c4b28369d6bc3ab0f091ff69a08665fe3b8d8398a7fa59ac5bab1cef360.pdf,evidence/pac/formal,COMPLETE,Deferred until the matching golden baseline is complete and reviewed.
B04_MUTANT_PAC_FORMAL,B04_M02,35,PDFUA-Ref-2-08_BookChapter-M02,corpus\mutants\PDFUA-Ref-2-08_BookChapter-M02.pdf,820bea08c3a5eed724bb8d1e65d9e9733c1ca47a0e003ae477aea7cce81725e4,M02,PDFUA-Ref-2-08_BookChapter,PAC,Formal,mutant,PDFUA-Ref-2-08_BookChapter-M02__820bea08c3a5eed724bb8d1e65d9e9733c1ca47a0e003ae477aea7cce81725e4.pdf,evidence/pac/formal,COMPLETE,Deferred until the matching golden baseline is complete and reviewed.
B04_MUTANT_PAC_FORMAL,B04_M02,36,PDFUA-Ref-2-09_Scanned-M02,corpus\mutants\PDFUA-Ref-2-09_Scanned-M02.pdf,f45a0b6356c4f2435d8bd75482c8ff0c17fc8f072b81169e342bff4376b04946,M02,PDFUA-Ref-2-09_Scanned,PAC,Formal,mutant,PDFUA-Ref-2-09_Scanned-M02__f45a0b6356c4f2435d8bd75482c8ff0c17fc8f072b81169e342bff4376b04946.pdf,evidence/pac/formal,COMPLETE,Deferred until the matching golden baseline is complete and reviewed.
B04_MUTANT_PAC_FORMAL,B04_M02,37,PDFUA-Ref-2-10_Form-M02,corpus\mutants\PDFUA-Ref-2-10_Form-M02.pdf,85550ea9d4a77f73600cbc328ea4c1edf6916e032e2f5c79bf30e97f3db2d478,M02,PDFUA-Ref-2-10_Form,PAC,Formal,mutant,PDFUA-Ref-2-10_Form-M02__85550ea9d4a77f73600cbc328ea4c1edf6916e032e2f5c79bf30e97f3db2d478.pdf,evidence/pac/formal,COMPLETE,Deferred until the matching golden baseline is complete and reviewed.
B04_MUTANT_PAC_FORMAL,B04_M03,38,PDFUA-Ref-2-01_Magazine-danish-M03,corpus\mutants\PDFUA-Ref-2-01_Magazine-danish-M03.pdf,f7b9e14f0320211e69643205e92b5c0719008a512cbb0b572b00d5362d011bfb,M03,PDFUA-Ref-2-01_Magazine-danish,PAC,Formal,mutant,PDFUA-Ref-2-01_Magazine-danish-M03__f7b9e14f0320211e69643205e92b5c0719008a512cbb0b572b00d5362d011bfb.pdf,evidence/pac/formal,COMPLETE,Deferred until the matching golden baseline is complete and reviewed.
B04_MUTANT_PAC_FORMAL,B04_M03,39,PDFUA-Ref-2-02_Invoice-M03,corpus\mutants\PDFUA-Ref-2-02_Invoice-M03.pdf,7887ebfcc438c907ca1981ad33769f3ebee0831b86c8f18ba672a682e45e0323,M03,PDFUA-Ref-2-02_Invoice,PAC,Formal,mutant,PDFUA-Ref-2-02_Invoice-M03__7887ebfcc438c907ca1981ad33769f3ebee0831b86c8f18ba672a682e45e0323.pdf,evidence/pac/formal,COMPLETE,Deferred until the matching golden baseline is complete and reviewed.
B04_MUTANT_PAC_FORMAL,B04_M03,40,PDFUA-Ref-2-03_AcademicAbstract-M03,corpus\mutants\PDFUA-Ref-2-03_AcademicAbstract-M03.pdf,fcc8533b325c9a1a1675c46ec0856649fa02feea531e4aba4492a12a41e1a571,M03,PDFUA-Ref-2-03_AcademicAbstract,PAC,Formal,mutant,PDFUA-Ref-2-03_AcademicAbstract-M03__fcc8533b325c9a1a1675c46ec0856649fa02feea531e4aba4492a12a41e1a571.pdf,evidence/pac/formal,COMPLETE,Deferred until the matching golden baseline is complete and reviewed.
B04_MUTANT_PAC_FORMAL,B04_M03,41,PDFUA-Ref-2-04_Presentation-M03,corpus\mutants\PDFUA-Ref-2-04_Presentation-M03.pdf,23612f2c7708412a2bcfc9ba1023d8712c0db74be6f6752d7b04bb54b23913b7,M03,PDFUA-Ref-2-04_Presentation,PAC,Formal,mutant,PDFUA-Ref-2-04_Presentation-M03__23612f2c7708412a2bcfc9ba1023d8712c0db74be6f6752d7b04bb54b23913b7.pdf,evidence/pac/formal,COMPLETE,Deferred until the matching golden baseline is complete and reviewed.
B04_MUTANT_PAC_FORMAL,B04_M03,42,PDFUA-Ref-2-05_BookChapter-german-M03,corpus\mutants\PDFUA-Ref-2-05_BookChapter-german-M03.pdf,08a17db95cf262351a8e2a6464edaec73836e71fd34b0db112bdec9676930e75,M03,PDFUA-Ref-2-05_BookChapter-german,PAC,Formal,mutant,PDFUA-Ref-2-05_BookChapter-german-M03__08a17db95cf262351a8e2a6464edaec73836e71fd34b0db112bdec9676930e75.pdf,evidence/pac/formal,COMPLETE,Deferred until the matching golden baseline is complete and reviewed.
B04_MUTANT_PAC_FORMAL,B04_M03,43,PDFUA-Ref-2-06_Brochure-M03,corpus\mutants\PDFUA-Ref-2-06_Brochure-M03.pdf,ed0e82b1eecd666930ccb41d3c75cc0a8703cc39d76b6ab87e15b1f70fd5935f,M03,PDFUA-Ref-2-06_Brochure,PAC,Formal,mutant,PDFUA-Ref-2-06_Brochure-M03__ed0e82b1eecd666930ccb41d3c75cc0a8703cc39d76b6ab87e15b1f70fd5935f.pdf,evidence/pac/formal,COMPLETE,Deferred until the matching golden baseline is complete and reviewed.
B04_MUTANT_PAC_FORMAL,B04_M03,44,PDFUA-Ref-2-08_BookChapter-M03,corpus\mutants\PDFUA-Ref-2-08_BookChapter-M03.pdf,2907d533740ae0bea18da032ef36cea8ec48e3bf026dcf8b61439b86b931ed27,M03,PDFUA-Ref-2-08_BookChapter,PAC,Formal,mutant,PDFUA-Ref-2-08_BookChapter-M03__2907d533740ae0bea18da032ef36cea8ec48e3bf026dcf8b61439b86b931ed27.pdf,evidence/pac/formal,COMPLETE,Deferred until the matching golden baseline is complete and reviewed.
B04_MUTANT_PAC_FORMAL,B04_M03,45,PDFUA-Ref-2-09_Scanned-M03,corpus\mutants\PDFUA-Ref-2-09_Scanned-M03.pdf,b86a34d9c3d9be9e5022027a4856df45a5ab30b42b4cc04791130c0229119f7b,M03,PDFUA-Ref-2-09_Scanned,PAC,Formal,mutant,PDFUA-Ref-2-09_Scanned-M03__b86a34d9c3d9be9e5022027a4856df45a5ab30b42b4cc04791130c0229119f7b.pdf,evidence/pac/formal,COMPLETE,Deferred until the matching golden baseline is complete and reviewed.
B04_MUTANT_PAC_FORMAL,B04_M04,46,PDFUA-Ref-2-01_Magazine-danish-M04,corpus\mutants\PDFUA-Ref-2-01_Magazine-danish-M04.pdf,eb79fabe18daacdee5408ca7bc5a7968f8113c1721ff80830870d5680a639c82,M04,PDFUA-Ref-2-01_Magazine-danish,PAC,Formal,mutant,PDFUA-Ref-2-01_Magazine-danish-M04__eb79fabe18daacdee5408ca7bc5a7968f8113c1721ff80830870d5680a639c82.pdf,evidence/pac/formal,COMPLETE,Deferred until the matching golden baseline is complete and reviewed.
B04_MUTANT_PAC_FORMAL,B04_M04,47,PDFUA-Ref-2-02_Invoice-M04,corpus\mutants\PDFUA-Ref-2-02_Invoice-M04.pdf,c831396c411f0e67e1fa9eea43cf7e8f741b9f99c69cbdd9f0ce3c17dcab2514,M04,PDFUA-Ref-2-02_Invoice,PAC,Formal,mutant,PDFUA-Ref-2-02_Invoice-M04__c831396c411f0e67e1fa9eea43cf7e8f741b9f99c69cbdd9f0ce3c17dcab2514.pdf,evidence/pac/formal,COMPLETE,Deferred until the matching golden baseline is complete and reviewed.
B04_MUTANT_PAC_FORMAL,B04_M04,48,PDFUA-Ref-2-03_AcademicAbstract-M04,corpus\mutants\PDFUA-Ref-2-03_AcademicAbstract-M04.pdf,aa1b231accabf87602fa064972332501785b16ce8de42ade4ccb57463f5281ec,M04,PDFUA-Ref-2-03_AcademicAbstract,PAC,Formal,mutant,PDFUA-Ref-2-03_AcademicAbstract-M04__aa1b231accabf87602fa064972332501785b16ce8de42ade4ccb57463f5281ec.pdf,evidence/pac/formal,COMPLETE,Deferred until the matching golden baseline is complete and reviewed.
B04_MUTANT_PAC_FORMAL,B04_M04,49,PDFUA-Ref-2-04_Presentation-M04,corpus\mutants\PDFUA-Ref-2-04_Presentation-M04.pdf,d54e7cdfa78b6be17e9234803de1e88ece27cba0282e244b0f0abfdd992487cd,M04,PDFUA-Ref-2-04_Presentation,PAC,Formal,mutant,PDFUA-Ref-2-04_Presentation-M04__d54e7cdfa78b6be17e9234803de1e88ece27cba0282e244b0f0abfdd992487cd.pdf,evidence/pac/formal,COMPLETE,Deferred until the matching golden baseline is complete and reviewed.
B04_MUTANT_PAC_FORMAL,B04_M04,50,PDFUA-Ref-2-05_BookChapter-german-M04,corpus\mutants\PDFUA-Ref-2-05_BookChapter-german-M04.pdf,668b5c55c85237169484722c15354e8d353179f8b9fc9e96a2a6f83a13c71250,M04,PDFUA-Ref-2-05_BookChapter-german,PAC,Formal,mutant,PDFUA-Ref-2-05_BookChapter-german-M04__668b5c55c85237169484722c15354e8d353179f8b9fc9e96a2a6f83a13c71250.pdf,evidence/pac/formal,COMPLETE,Deferred until the matching golden baseline is complete and reviewed.
B04_MUTANT_PAC_FORMAL,B04_M04,51,PDFUA-Ref-2-06_Brochure-M04,corpus\mutants\PDFUA-Ref-2-06_Brochure-M04.pdf,12c8c27582c8ca949f0f95dc11371ef2a8c3a3a6a72bed7e8b82ff9aa74a049d,M04,PDFUA-Ref-2-06_Brochure,PAC,Formal,mutant,PDFUA-Ref-2-06_Brochure-M04__12c8c27582c8ca949f0f95dc11371ef2a8c3a3a6a72bed7e8b82ff9aa74a049d.pdf,evidence/pac/formal,COMPLETE,Deferred until the matching golden baseline is complete and reviewed.
B04_MUTANT_PAC_FORMAL,B04_M04,52,PDFUA-Ref-2-08_BookChapter-M04,corpus\mutants\PDFUA-Ref-2-08_BookChapter-M04.pdf,20ac005e0fb4cf3812fefd64b496cf14488a56d493e7c7ee5f5045ce9540c1f5,M04,PDFUA-Ref-2-08_BookChapter,PAC,Formal,mutant,PDFUA-Ref-2-08_BookChapter-M04__20ac005e0fb4cf3812fefd64b496cf14488a56d493e7c7ee5f5045ce9540c1f5.pdf,evidence/pac/formal,COMPLETE,Deferred until the matching golden baseline is complete and reviewed.
B04_MUTANT_PAC_FORMAL,B04_M04,53,PDFUA-Ref-2-09_Scanned-M04,corpus\mutants\PDFUA-Ref-2-09_Scanned-M04.pdf,494532eaa86c5136f8de492a0bf4f227d91b90aabc6d7eed62506f2e1838ef28,M04,PDFUA-Ref-2-09_Scanned,PAC,Formal,mutant,PDFUA-Ref-2-09_Scanned-M04__494532eaa86c5136f8de492a0bf4f227d91b90aabc6d7eed62506f2e1838ef28.pdf,evidence/pac/formal,COMPLETE,Deferred until the matching golden baseline is complete and reviewed.
B04_MUTANT_PAC_FORMAL,B04_M05,54,PDFUA-Ref-2-01_Magazine-danish-M05,corpus\mutants\PDFUA-Ref-2-01_Magazine-danish-M05.pdf,5b5f3a85909983e4b44ba0babf92c7e9704757387a94804ef792ca3d3918bb6f,M05,PDFUA-Ref-2-01_Magazine-danish,PAC,Formal,mutant,PDFUA-Ref-2-01_Magazine-danish-M05__5b5f3a85909983e4b44ba0babf92c7e9704757387a94804ef792ca3d3918bb6f.pdf,evidence/pac/formal,COMPLETE,Deferred until the matching golden baseline is complete and reviewed.
B04_MUTANT_PAC_FORMAL,B04_M05,55,PDFUA-Ref-2-03_AcademicAbstract-M05,corpus\mutants\PDFUA-Ref-2-03_AcademicAbstract-M05.pdf,ee82308195b4488f8c6e01bc8e4ba469df760c122c766ff84fc3425302d6f528,M05,PDFUA-Ref-2-03_AcademicAbstract,PAC,Formal,mutant,PDFUA-Ref-2-03_AcademicAbstract-M05__ee82308195b4488f8c6e01bc8e4ba469df760c122c766ff84fc3425302d6f528.pdf,evidence/pac/formal,COMPLETE,Deferred until the matching golden baseline is complete and reviewed.
B04_MUTANT_PAC_FORMAL,B04_M05,56,PDFUA-Ref-2-04_Presentation-M05,corpus\mutants\PDFUA-Ref-2-04_Presentation-M05.pdf,5d72a6c172200b5c5bf50850d45e535a9ed8454edfec1b2714a6c72159995d5c,M05,PDFUA-Ref-2-04_Presentation,PAC,Formal,mutant,PDFUA-Ref-2-04_Presentation-M05__5d72a6c172200b5c5bf50850d45e535a9ed8454edfec1b2714a6c72159995d5c.pdf,evidence/pac/formal,COMPLETE,Deferred until the matching golden baseline is complete and reviewed.
B04_MUTANT_PAC_FORMAL,B04_M05,57,PDFUA-Ref-2-05_BookChapter-german-M05,corpus\mutants\PDFUA-Ref-2-05_BookChapter-german-M05.pdf,b7a688694201ed24e8dda1fcf6290c752e42d1ab1d074fc0c8f9d29c0dcad216,M05,PDFUA-Ref-2-05_BookChapter-german,PAC,Formal,mutant,PDFUA-Ref-2-05_BookChapter-german-M05__b7a688694201ed24e8dda1fcf6290c752e42d1ab1d074fc0c8f9d29c0dcad216.pdf,evidence/pac/formal,COMPLETE,Deferred until the matching golden baseline is complete and reviewed.
B04_MUTANT_PAC_FORMAL,B04_M05,58,PDFUA-Ref-2-06_Brochure-M05,corpus\mutants\PDFUA-Ref-2-06_Brochure-M05.pdf,692c7fddc91d6d6899dc1f9e820e2851a6cbeaa9694f0841b53445b15b8e3012,M05,PDFUA-Ref-2-06_Brochure,PAC,Formal,mutant,PDFUA-Ref-2-06_Brochure-M05__692c7fddc91d6d6899dc1f9e820e2851a6cbeaa9694f0841b53445b15b8e3012.pdf,evidence/pac/formal,COMPLETE,Deferred until the matching golden baseline is complete and reviewed.
B04_MUTANT_PAC_FORMAL,B04_M05,59,PDFUA-Ref-2-08_BookChapter-M05,corpus\mutants\PDFUA-Ref-2-08_BookChapter-M05.pdf,db8fd0be417f0b011ca55e313d0bc1bbe4421aec1d8bb27584fa99a9c5d1f7d3,M05,PDFUA-Ref-2-08_BookChapter,PAC,Formal,mutant,PDFUA-Ref-2-08_BookChapter-M05__db8fd0be417f0b011ca55e313d0bc1bbe4421aec1d8bb27584fa99a9c5d1f7d3.pdf,evidence/pac/formal,COMPLETE,Deferred until the matching golden baseline is complete and reviewed.
B04_MUTANT_PAC_FORMAL,B04_M05,60,PDFUA-Ref-2-09_Scanned-M05,corpus\mutants\PDFUA-Ref-2-09_Scanned-M05.pdf,6bbc4a32f5cfa0ae69e6f77ec68a66988bc5644b1e60e34278181c151d71b932,M05,PDFUA-Ref-2-09_Scanned,PAC,Formal,mutant,PDFUA-Ref-2-09_Scanned-M05__6bbc4a32f5cfa0ae69e6f77ec68a66988bc5644b1e60e34278181c151d71b932.pdf,evidence/pac/formal,COMPLETE,Deferred until the matching golden baseline is complete and reviewed.
B04_MUTANT_PAC_FORMAL,B04_M06,61,PDFUA-Ref-2-01_Magazine-danish-M06,corpus\mutants\PDFUA-Ref-2-01_Magazine-danish-M06.pdf,4774ad31d5381502e81bc0e30ee6a92559c51bf4bd3772adcc50b3ca1d671d81,M06,PDFUA-Ref-2-01_Magazine-danish,PAC,Formal,mutant,PDFUA-Ref-2-01_Magazine-danish-M06__4774ad31d5381502e81bc0e30ee6a92559c51bf4bd3772adcc50b3ca1d671d81.pdf,evidence/pac/formal,COMPLETE,Deferred until the matching golden baseline is complete and reviewed.
B04_MUTANT_PAC_FORMAL,B04_M06,62,PDFUA-Ref-2-03_AcademicAbstract-M06,corpus\mutants\PDFUA-Ref-2-03_AcademicAbstract-M06.pdf,ca37553b2d45198cd26b168a6c9eb41f248cd4f9179118b991fc47917a443afb,M06,PDFUA-Ref-2-03_AcademicAbstract,PAC,Formal,mutant,PDFUA-Ref-2-03_AcademicAbstract-M06__ca37553b2d45198cd26b168a6c9eb41f248cd4f9179118b991fc47917a443afb.pdf,evidence/pac/formal,COMPLETE,Deferred until the matching golden baseline is complete and reviewed.
B04_MUTANT_PAC_FORMAL,B04_M06,63,PDFUA-Ref-2-04_Presentation-M06,corpus\mutants\PDFUA-Ref-2-04_Presentation-M06.pdf,56a2b7314c6bb652499bd6ed6a070925d4a76b840d9a06a4377b055a02d37da4,M06,PDFUA-Ref-2-04_Presentation,PAC,Formal,mutant,PDFUA-Ref-2-04_Presentation-M06__56a2b7314c6bb652499bd6ed6a070925d4a76b840d9a06a4377b055a02d37da4.pdf,evidence/pac/formal,COMPLETE,Deferred until the matching golden baseline is complete and reviewed.
B04_MUTANT_PAC_FORMAL,B04_M06,64,PDFUA-Ref-2-05_BookChapter-german-M06,corpus\mutants\PDFUA-Ref-2-05_BookChapter-german-M06.pdf,823c2b5ddc120128c9e6eb07963de30f15be94f72a40d781b698af48fb5833a6,M06,PDFUA-Ref-2-05_BookChapter-german,PAC,Formal,mutant,PDFUA-Ref-2-05_BookChapter-german-M06__823c2b5ddc120128c9e6eb07963de30f15be94f72a40d781b698af48fb5833a6.pdf,evidence/pac/formal,COMPLETE,Deferred until the matching golden baseline is complete and reviewed.
B04_MUTANT_PAC_FORMAL,B04_M06,65,PDFUA-Ref-2-06_Brochure-M06,corpus\mutants\PDFUA-Ref-2-06_Brochure-M06.pdf,a8629a74e71648776b2bb71606a7de30f1cbea3ffa60417d0bc936fabdb3c382,M06,PDFUA-Ref-2-06_Brochure,PAC,Formal,mutant,PDFUA-Ref-2-06_Brochure-M06__a8629a74e71648776b2bb71606a7de30f1cbea3ffa60417d0bc936fabdb3c382.pdf,evidence/pac/formal,COMPLETE,Deferred until the matching golden baseline is complete and reviewed.
B04_MUTANT_PAC_FORMAL,B04_M06,66,PDFUA-Ref-2-08_BookChapter-M06,corpus\mutants\PDFUA-Ref-2-08_BookChapter-M06.pdf,86091f5caa50e48f16a3a67354122d88c286f8ad8e5a892f22202d5dfe0be414,M06,PDFUA-Ref-2-08_BookChapter,PAC,Formal,mutant,PDFUA-Ref-2-08_BookChapter-M06__86091f5caa50e48f16a3a67354122d88c286f8ad8e5a892f22202d5dfe0be414.pdf,evidence/pac/formal,COMPLETE,Deferred until the matching golden baseline is complete and reviewed.
B04_MUTANT_PAC_FORMAL,B04_M06,67,PDFUA-Ref-2-09_Scanned-M06,corpus\mutants\PDFUA-Ref-2-09_Scanned-M06.pdf,637c71a7db4ce2fccd3d34ad662d600b62ef46c275c3ca370c2d17a97980c9fa,M06,PDFUA-Ref-2-09_Scanned,PAC,Formal,mutant,PDFUA-Ref-2-09_Scanned-M06__637c71a7db4ce2fccd3d34ad662d600b62ef46c275c3ca370c2d17a97980c9fa.pdf,evidence/pac/formal,COMPLETE,Deferred until the matching golden baseline is complete and reviewed.
B04_MUTANT_PAC_FORMAL,B04_M07,68,PDFUA-Ref-2-01_Magazine-danish-M07,corpus\mutants\PDFUA-Ref-2-01_Magazine-danish-M07.pdf,a45021dfa3ce09f803eac101d0d5bffcd1326662a9a71c028bbd51cbe01a595f,M07,PDFUA-Ref-2-01_Magazine-danish,PAC,Formal,mutant,PDFUA-Ref-2-01_Magazine-danish-M07__a45021dfa3ce09f803eac101d0d5bffcd1326662a9a71c028bbd51cbe01a595f.pdf,evidence/pac/formal,COMPLETE,Deferred until the matching golden baseline is complete and reviewed.
B04_MUTANT_PAC_FORMAL,B04_M07,69,PDFUA-Ref-2-02_Invoice-M07,corpus\mutants\PDFUA-Ref-2-02_Invoice-M07.pdf,14e04ae7cadc509f5b6479aff17be9cf6d79e68524801d8aa9a27e49ea348506,M07,PDFUA-Ref-2-02_Invoice,PAC,Formal,mutant,PDFUA-Ref-2-02_Invoice-M07__14e04ae7cadc509f5b6479aff17be9cf6d79e68524801d8aa9a27e49ea348506.pdf,evidence/pac/formal,COMPLETE,Deferred until the matching golden baseline is complete and reviewed.
B04_MUTANT_PAC_FORMAL,B04_M07,70,PDFUA-Ref-2-04_Presentation-M07,corpus\mutants\PDFUA-Ref-2-04_Presentation-M07.pdf,09d414160bdb30b7d9aa23413647b6ba38f434340f1d3f0d3164a1d37d5d3088,M07,PDFUA-Ref-2-04_Presentation,PAC,Formal,mutant,PDFUA-Ref-2-04_Presentation-M07__09d414160bdb30b7d9aa23413647b6ba38f434340f1d3f0d3164a1d37d5d3088.pdf,evidence/pac/formal,COMPLETE,Deferred until the matching golden baseline is complete and reviewed.
B04_MUTANT_PAC_FORMAL,B04_M07,71,PDFUA-Ref-2-05_BookChapter-german-M07,corpus\mutants\PDFUA-Ref-2-05_BookChapter-german-M07.pdf,be8cb7f6aca4a81ecb01654b816f6ae0f5cf8f5daa45ebf5468925fcf7ab9742,M07,PDFUA-Ref-2-05_BookChapter-german,PAC,Formal,mutant,PDFUA-Ref-2-05_BookChapter-german-M07__be8cb7f6aca4a81ecb01654b816f6ae0f5cf8f5daa45ebf5468925fcf7ab9742.pdf,evidence/pac/formal,COMPLETE,Deferred until the matching golden baseline is complete and reviewed.
B04_MUTANT_PAC_FORMAL,B04_M07,72,PDFUA-Ref-2-06_Brochure-M07,corpus\mutants\PDFUA-Ref-2-06_Brochure-M07.pdf,7aed010a1cad015f6b9de4498a855cccc6599be37fe85e0ecdbddaef1d9af3dd,M07,PDFUA-Ref-2-06_Brochure,PAC,Formal,mutant,PDFUA-Ref-2-06_Brochure-M07__7aed010a1cad015f6b9de4498a855cccc6599be37fe85e0ecdbddaef1d9af3dd.pdf,evidence/pac/formal,COMPLETE,Deferred until the matching golden baseline is complete and reviewed.
B04_MUTANT_PAC_FORMAL,B04_M07,73,PDFUA-Ref-2-08_BookChapter-M07,corpus\mutants\PDFUA-Ref-2-08_BookChapter-M07.pdf,8df764ab15f21435fc2283a261e0fa073baef1005f3d740e3991a952285746e8,M07,PDFUA-Ref-2-08_BookChapter,PAC,Formal,mutant,PDFUA-Ref-2-08_BookChapter-M07__8df764ab15f21435fc2283a261e0fa073baef1005f3d740e3991a952285746e8.pdf,evidence/pac/formal,COMPLETE,Deferred until the matching golden baseline is complete and reviewed.
B04_MUTANT_PAC_FORMAL,B04_M07,74,PDFUA-Ref-2-09_Scanned-M07,corpus\mutants\PDFUA-Ref-2-09_Scanned-M07.pdf,c16652da4ab2f15701bf4b12fb0790c269bea5fadbfd0443c1e5db51c51d2c3a,M07,PDFUA-Ref-2-09_Scanned,PAC,Formal,mutant,PDFUA-Ref-2-09_Scanned-M07__c16652da4ab2f15701bf4b12fb0790c269bea5fadbfd0443c1e5db51c51d2c3a.pdf,evidence/pac/formal,COMPLETE,Deferred until the matching golden baseline is complete and reviewed.
B04_MUTANT_PAC_FORMAL,B04_M08,75,PDFUA-Ref-2-01_Magazine-danish-M08,corpus\mutants\PDFUA-Ref-2-01_Magazine-danish-M08.pdf,798d1807493ecbed375ba1a175bb6d19f6d51dfe508c6df88df7ec3f8e1d6061,M08,PDFUA-Ref-2-01_Magazine-danish,PAC,Formal,mutant,PDFUA-Ref-2-01_Magazine-danish-M08__798d1807493ecbed375ba1a175bb6d19f6d51dfe508c6df88df7ec3f8e1d6061.pdf,evidence/pac/formal,COMPLETE,Deferred until the matching golden baseline is complete and reviewed.
B04_MUTANT_PAC_FORMAL,B04_M08,76,PDFUA-Ref-2-02_Invoice-M08,corpus\mutants\PDFUA-Ref-2-02_Invoice-M08.pdf,4fa45b60c80cb404e90b60c4eb2e273acfc22555afdab15b8b1684d09b4f33df,M08,PDFUA-Ref-2-02_Invoice,PAC,Formal,mutant,PDFUA-Ref-2-02_Invoice-M08__4fa45b60c80cb404e90b60c4eb2e273acfc22555afdab15b8b1684d09b4f33df.pdf,evidence/pac/formal,COMPLETE,Deferred until the matching golden baseline is complete and reviewed.
B04_MUTANT_PAC_FORMAL,B04_M08,77,PDFUA-Ref-2-03_AcademicAbstract-M08,corpus\mutants\PDFUA-Ref-2-03_AcademicAbstract-M08.pdf,381ec9f9fe1f7ef256d3f2ed7e5e405bb9802b17bb64d762f572bc6d313af091,M08,PDFUA-Ref-2-03_AcademicAbstract,PAC,Formal,mutant,PDFUA-Ref-2-03_AcademicAbstract-M08__381ec9f9fe1f7ef256d3f2ed7e5e405bb9802b17bb64d762f572bc6d313af091.pdf,evidence/pac/formal,COMPLETE,Deferred until the matching golden baseline is complete and reviewed.
B04_MUTANT_PAC_FORMAL,B04_M08,78,PDFUA-Ref-2-04_Presentation-M08,corpus\mutants\PDFUA-Ref-2-04_Presentation-M08.pdf,72f5f8517793703f0eb2affec0285f5bfb13a062e91810ef96c17a766aa81539,M08,PDFUA-Ref-2-04_Presentation,PAC,Formal,mutant,PDFUA-Ref-2-04_Presentation-M08__72f5f8517793703f0eb2affec0285f5bfb13a062e91810ef96c17a766aa81539.pdf,evidence/pac/formal,COMPLETE,Deferred until the matching golden baseline is complete and reviewed.
B04_MUTANT_PAC_FORMAL,B04_M08,79,PDFUA-Ref-2-05_BookChapter-german-M08,corpus\mutants\PDFUA-Ref-2-05_BookChapter-german-M08.pdf,01ada38b1d9dc17882581a3ae080fa771f7a3ed2d3affbff49473ff510719fdd,M08,PDFUA-Ref-2-05_BookChapter-german,PAC,Formal,mutant,PDFUA-Ref-2-05_BookChapter-german-M08__01ada38b1d9dc17882581a3ae080fa771f7a3ed2d3affbff49473ff510719fdd.pdf,evidence/pac/formal,COMPLETE,Deferred until the matching golden baseline is complete and reviewed.
B04_MUTANT_PAC_FORMAL,B04_M08,80,PDFUA-Ref-2-06_Brochure-M08,corpus\mutants\PDFUA-Ref-2-06_Brochure-M08.pdf,fa090d7a7a195eca6b885da4e9b0884b162b73a3b015be189fc41173738c2996,M08,PDFUA-Ref-2-06_Brochure,PAC,Formal,mutant,PDFUA-Ref-2-06_Brochure-M08__fa090d7a7a195eca6b885da4e9b0884b162b73a3b015be189fc41173738c2996.pdf,evidence/pac/formal,COMPLETE,Deferred until the matching golden baseline is complete and reviewed.
B04_MUTANT_PAC_FORMAL,B04_M08,81,PDFUA-Ref-2-08_BookChapter-M08,corpus\mutants\PDFUA-Ref-2-08_BookChapter-M08.pdf,2c631cd85add3b7883781fb114651993280bb8c9f360361eaf20cb1f3c1ef0c1,M08,PDFUA-Ref-2-08_BookChapter,PAC,Formal,mutant,PDFUA-Ref-2-08_BookChapter-M08__2c631cd85add3b7883781fb114651993280bb8c9f360361eaf20cb1f3c1ef0c1.pdf,evidence/pac/formal,COMPLETE,Deferred until the matching golden baseline is complete and reviewed.
B04_MUTANT_PAC_FORMAL,B04_M08,82,PDFUA-Ref-2-10_Form-M08,corpus\mutants\PDFUA-Ref-2-10_Form-M08.pdf,53befb723e3cca79d246644678be0a3a09dae65ff4e514fc56d3fa404cd4ff8a,M08,PDFUA-Ref-2-10_Form,PAC,Formal,mutant,PDFUA-Ref-2-10_Form-M08__53befb723e3cca79d246644678be0a3a09dae65ff4e514fc56d3fa404cd4ff8a.pdf,evidence/pac/formal,COMPLETE,Deferred until the matching golden baseline is complete and reviewed.
B04_MUTANT_PAC_FORMAL,B04_M09,83,PDFUA-Ref-2-01_Magazine-danish-M09,corpus\mutants\PDFUA-Ref-2-01_Magazine-danish-M09.pdf,3ef299495b93ea1d1fd50ba38ec265412abb6e1d7e147918d50ec9afcc36662b,M09,PDFUA-Ref-2-01_Magazine-danish,PAC,Formal,mutant,PDFUA-Ref-2-01_Magazine-danish-M09__3ef299495b93ea1d1fd50ba38ec265412abb6e1d7e147918d50ec9afcc36662b.pdf,evidence/pac/formal,COMPLETE,Deferred until the matching golden baseline is complete and reviewed.
B04_MUTANT_PAC_FORMAL,B04_M09,84,PDFUA-Ref-2-04_Presentation-M09,corpus\mutants\PDFUA-Ref-2-04_Presentation-M09.pdf,d9603ca680cfdcaf22033828f12e55e1d26f825bcbdfaf7dd0a29798ea61de3a,M09,PDFUA-Ref-2-04_Presentation,PAC,Formal,mutant,PDFUA-Ref-2-04_Presentation-M09__d9603ca680cfdcaf22033828f12e55e1d26f825bcbdfaf7dd0a29798ea61de3a.pdf,evidence/pac/formal,COMPLETE,Deferred until the matching golden baseline is complete and reviewed.
B04_MUTANT_PAC_FORMAL,B04_M09,85,PDFUA-Ref-2-05_BookChapter-german-M09,corpus\mutants\PDFUA-Ref-2-05_BookChapter-german-M09.pdf,0ceaf48c6cf200ecab12a36c5bc30bb019911102fe2f2c7bc94508c87f43333f,M09,PDFUA-Ref-2-05_BookChapter-german,PAC,Formal,mutant,PDFUA-Ref-2-05_BookChapter-german-M09__0ceaf48c6cf200ecab12a36c5bc30bb019911102fe2f2c7bc94508c87f43333f.pdf,evidence/pac/formal,COMPLETE,Deferred until the matching golden baseline is complete and reviewed.
B04_MUTANT_PAC_FORMAL,B04_M10,86,PDFUA-Ref-2-02_Invoice-M10,corpus\mutants\PDFUA-Ref-2-02_Invoice-M10.pdf,a4e6177f2fba056f3364f7ac88c2907effa97ee177584a1c46c4aeeca5f31c48,M10,PDFUA-Ref-2-02_Invoice,PAC,Formal,mutant,PDFUA-Ref-2-02_Invoice-M10__a4e6177f2fba056f3364f7ac88c2907effa97ee177584a1c46c4aeeca5f31c48.pdf,evidence/pac/formal,COMPLETE,Deferred until the matching golden baseline is complete and reviewed.
B04_MUTANT_PAC_FORMAL,B04_M10,87,PDFUA-Ref-2-05_BookChapter-german-M10,corpus\mutants\PDFUA-Ref-2-05_BookChapter-german-M10.pdf,4dcdbc2dd191cbca8b848640ec29c68cd21d74dedbbcacdb21e76112bb1d3f9c,M10,PDFUA-Ref-2-05_BookChapter-german,PAC,Formal,mutant,PDFUA-Ref-2-05_BookChapter-german-M10__4dcdbc2dd191cbca8b848640ec29c68cd21d74dedbbcacdb21e76112bb1d3f9c.pdf,evidence/pac/formal,COMPLETE,Deferred until the matching golden baseline is complete and reviewed.
B04_MUTANT_PAC_FORMAL,B04_M10,88,PDFUA-Ref-2-08_BookChapter-M10,corpus\mutants\PDFUA-Ref-2-08_BookChapter-M10.pdf,135ebc92b095127190c98164be07186359b69f0908bda83266abdbb34adab269,M10,PDFUA-Ref-2-08_BookChapter,PAC,Formal,mutant,PDFUA-Ref-2-08_BookChapter-M10__135ebc92b095127190c98164be07186359b69f0908bda83266abdbb34adab269.pdf,evidence/pac/formal,COMPLETE,Deferred until the matching golden baseline is complete and reviewed.
B04_MUTANT_PAC_FORMAL,B04_M10,89,PDFUA-Ref-2-09_Scanned-M10,corpus\mutants\PDFUA-Ref-2-09_Scanned-M10.pdf,c5f2c1706faf55b963f7ae539710aa419a530967f41fcbc495d5fbc6708927e8,M10,PDFUA-Ref-2-09_Scanned,PAC,Formal,mutant,PDFUA-Ref-2-09_Scanned-M10__c5f2c1706faf55b963f7ae539710aa419a530967f41fcbc495d5fbc6708927e8.pdf,evidence/pac/formal,COMPLETE,Deferred until the matching golden baseline is complete and reviewed.
B05_MUTANT_ACROBAT,B05_M01,90,PDFUA-Ref-2-01_Magazine-danish-M01,corpus\mutants\PDFUA-Ref-2-01_Magazine-danish-M01.pdf,a52e75193364438a1701f76c986fc047ee3e3b98dd691ec662d2c1d380c5d2df,M01,PDFUA-Ref-2-01_Magazine-danish,Acrobat,Full Check,mutant,PDFUA-Ref-2-01_Magazine-danish-M01__a52e75193364438a1701f76c986fc047ee3e3b98dd691ec662d2c1d380c5d2df.json,evidence/acrobat,COMPLETE,Deferred until the matching golden baseline is complete and reviewed.
B05_MUTANT_ACROBAT,B05_M01,91,PDFUA-Ref-2-03_AcademicAbstract-M01,corpus\mutants\PDFUA-Ref-2-03_AcademicAbstract-M01.pdf,3e2fe0a15cd8758f335e91aef7bb50a2b45f2e003448723f106d803a55ce788f,M01,PDFUA-Ref-2-03_AcademicAbstract,Acrobat,Full Check,mutant,PDFUA-Ref-2-03_AcademicAbstract-M01__3e2fe0a15cd8758f335e91aef7bb50a2b45f2e003448723f106d803a55ce788f.json,evidence/acrobat,COMPLETE,Deferred until the matching golden baseline is complete and reviewed.
B05_MUTANT_ACROBAT,B05_M01,92,PDFUA-Ref-2-04_Presentation-M01,corpus\mutants\PDFUA-Ref-2-04_Presentation-M01.pdf,1e4ccf771ae704a24d184020cdac9bd43d0a9bdb6ab88e04b7893d040d642c9c,M01,PDFUA-Ref-2-04_Presentation,Acrobat,Full Check,mutant,PDFUA-Ref-2-04_Presentation-M01__1e4ccf771ae704a24d184020cdac9bd43d0a9bdb6ab88e04b7893d040d642c9c.json,evidence/acrobat,COMPLETE,Deferred until the matching golden baseline is complete and reviewed.
B05_MUTANT_ACROBAT,B05_M01,93,PDFUA-Ref-2-05_BookChapter-german-M01,corpus\mutants\PDFUA-Ref-2-05_BookChapter-german-M01.pdf,f3455e42a1e7610054506c9ece9cfbef949f888e93294fce9eae762222be6078,M01,PDFUA-Ref-2-05_BookChapter-german,Acrobat,Full Check,mutant,PDFUA-Ref-2-05_BookChapter-german-M01__f3455e42a1e7610054506c9ece9cfbef949f888e93294fce9eae762222be6078.json,evidence/acrobat,COMPLETE,Deferred until the matching golden baseline is complete and reviewed.
B05_MUTANT_ACROBAT,B05_M01,94,PDFUA-Ref-2-06_Brochure-M01,corpus\mutants\PDFUA-Ref-2-06_Brochure-M01.pdf,a1a94935bccdbaad7b39c045e9c627fb5deacc3f7fd7fa80c8c77cd6c02acf0a,M01,PDFUA-Ref-2-06_Brochure,Acrobat,Full Check,mutant,PDFUA-Ref-2-06_Brochure-M01__a1a94935bccdbaad7b39c045e9c627fb5deacc3f7fd7fa80c8c77cd6c02acf0a.json,evidence/acrobat,COMPLETE,Deferred until the matching golden baseline is complete and reviewed.
B05_MUTANT_ACROBAT,B05_M01,95,PDFUA-Ref-2-08_BookChapter-M01,corpus\mutants\PDFUA-Ref-2-08_BookChapter-M01.pdf,f5fdd674ca53247a75d32f520d656f24f8e97e864466f9a72ca8e62487f63178,M01,PDFUA-Ref-2-08_BookChapter,Acrobat,Full Check,mutant,PDFUA-Ref-2-08_BookChapter-M01__f5fdd674ca53247a75d32f520d656f24f8e97e864466f9a72ca8e62487f63178.json,evidence/acrobat,COMPLETE,Deferred until the matching golden baseline is complete and reviewed.
B05_MUTANT_ACROBAT,B05_M01,96,PDFUA-Ref-2-09_Scanned-M01,corpus\mutants\PDFUA-Ref-2-09_Scanned-M01.pdf,04ce7bde54a9e481e0da7d5bf8a4e7fc98467f2bdbc3803291d166e219df9dc0,M01,PDFUA-Ref-2-09_Scanned,Acrobat,Full Check,mutant,PDFUA-Ref-2-09_Scanned-M01__04ce7bde54a9e481e0da7d5bf8a4e7fc98467f2bdbc3803291d166e219df9dc0.json,evidence/acrobat,COMPLETE,Deferred until the matching golden baseline is complete and reviewed.
B05_MUTANT_ACROBAT,B05_M01,97,PDFUA-Ref-2-10_Form-M01,corpus\mutants\PDFUA-Ref-2-10_Form-M01.pdf,3f4549f2b3c4a7e8ec2859096f3bc42513bf0df4cad6c5ee1f324835425bfece,M01,PDFUA-Ref-2-10_Form,Acrobat,Full Check,mutant,PDFUA-Ref-2-10_Form-M01__3f4549f2b3c4a7e8ec2859096f3bc42513bf0df4cad6c5ee1f324835425bfece.json,evidence/acrobat,COMPLETE,Deferred until the matching golden baseline is complete and reviewed.
B05_MUTANT_ACROBAT,B05_M02,98,PDFUA-Ref-2-01_Magazine-danish-M02,corpus\mutants\PDFUA-Ref-2-01_Magazine-danish-M02.pdf,e8df97191d286d7b52b625d3664034a14374aac4965a0bdd2aa6af57f9876c5f,M02,PDFUA-Ref-2-01_Magazine-danish,Acrobat,Full Check,mutant,PDFUA-Ref-2-01_Magazine-danish-M02__e8df97191d286d7b52b625d3664034a14374aac4965a0bdd2aa6af57f9876c5f.json,evidence/acrobat,COMPLETE,Deferred until the matching golden baseline is complete and reviewed.
B05_MUTANT_ACROBAT,B05_M02,99,PDFUA-Ref-2-02_Invoice-M02,corpus\mutants\PDFUA-Ref-2-02_Invoice-M02.pdf,462607fdecfb53a1cfdf57d060f6f2ef467370ae7d39213b258398a1777120fd,M02,PDFUA-Ref-2-02_Invoice,Acrobat,Full Check,mutant,PDFUA-Ref-2-02_Invoice-M02__462607fdecfb53a1cfdf57d060f6f2ef467370ae7d39213b258398a1777120fd.json,evidence/acrobat,COMPLETE,Deferred until the matching golden baseline is complete and reviewed.
B05_MUTANT_ACROBAT,B05_M02,100,PDFUA-Ref-2-03_AcademicAbstract-M02,corpus\mutants\PDFUA-Ref-2-03_AcademicAbstract-M02.pdf,16aed0e5075a817106227b70904ceee8d8c2f771c2a83fc933e07e4a561ba5f1,M02,PDFUA-Ref-2-03_AcademicAbstract,Acrobat,Full Check,mutant,PDFUA-Ref-2-03_AcademicAbstract-M02__16aed0e5075a817106227b70904ceee8d8c2f771c2a83fc933e07e4a561ba5f1.json,evidence/acrobat,COMPLETE,Deferred until the matching golden baseline is complete and reviewed.
B05_MUTANT_ACROBAT,B05_M02,101,PDFUA-Ref-2-04_Presentation-M02,corpus\mutants\PDFUA-Ref-2-04_Presentation-M02.pdf,e85501fb90d221c574cae80f0cab8f7db33b2a21c9b89e7f2de4167b4dd87880,M02,PDFUA-Ref-2-04_Presentation,Acrobat,Full Check,mutant,PDFUA-Ref-2-04_Presentation-M02__e85501fb90d221c574cae80f0cab8f7db33b2a21c9b89e7f2de4167b4dd87880.json,evidence/acrobat,COMPLETE,Deferred until the matching golden baseline is complete and reviewed.
B05_MUTANT_ACROBAT,B05_M02,102,PDFUA-Ref-2-05_BookChapter-german-M02,corpus\mutants\PDFUA-Ref-2-05_BookChapter-german-M02.pdf,5b806fd39c6559c0416737eb3cc131c05f5071f0b1d758af0fecca9b315070af,M02,PDFUA-Ref-2-05_BookChapter-german,Acrobat,Full Check,mutant,PDFUA-Ref-2-05_BookChapter-german-M02__5b806fd39c6559c0416737eb3cc131c05f5071f0b1d758af0fecca9b315070af.json,evidence/acrobat,COMPLETE,Deferred until the matching golden baseline is complete and reviewed.
B05_MUTANT_ACROBAT,B05_M02,103,PDFUA-Ref-2-06_Brochure-M02,corpus\mutants\PDFUA-Ref-2-06_Brochure-M02.pdf,6a7c6c4b28369d6bc3ab0f091ff69a08665fe3b8d8398a7fa59ac5bab1cef360,M02,PDFUA-Ref-2-06_Brochure,Acrobat,Full Check,mutant,PDFUA-Ref-2-06_Brochure-M02__6a7c6c4b28369d6bc3ab0f091ff69a08665fe3b8d8398a7fa59ac5bab1cef360.json,evidence/acrobat,COMPLETE,Deferred until the matching golden baseline is complete and reviewed.
B05_MUTANT_ACROBAT,B05_M02,104,PDFUA-Ref-2-08_BookChapter-M02,corpus\mutants\PDFUA-Ref-2-08_BookChapter-M02.pdf,820bea08c3a5eed724bb8d1e65d9e9733c1ca47a0e003ae477aea7cce81725e4,M02,PDFUA-Ref-2-08_BookChapter,Acrobat,Full Check,mutant,PDFUA-Ref-2-08_BookChapter-M02__820bea08c3a5eed724bb8d1e65d9e9733c1ca47a0e003ae477aea7cce81725e4.json,evidence/acrobat,COMPLETE,Deferred until the matching golden baseline is complete and reviewed.
B05_MUTANT_ACROBAT,B05_M02,105,PDFUA-Ref-2-09_Scanned-M02,corpus\mutants\PDFUA-Ref-2-09_Scanned-M02.pdf,f45a0b6356c4f2435d8bd75482c8ff0c17fc8f072b81169e342bff4376b04946,M02,PDFUA-Ref-2-09_Scanned,Acrobat,Full Check,mutant,PDFUA-Ref-2-09_Scanned-M02__f45a0b6356c4f2435d8bd75482c8ff0c17fc8f072b81169e342bff4376b04946.json,evidence/acrobat,COMPLETE,Deferred until the matching golden baseline is complete and reviewed.
B05_MUTANT_ACROBAT,B05_M02,106,PDFUA-Ref-2-10_Form-M02,corpus\mutants\PDFUA-Ref-2-10_Form-M02.pdf,85550ea9d4a77f73600cbc328ea4c1edf6916e032e2f5c79bf30e97f3db2d478,M02,PDFUA-Ref-2-10_Form,Acrobat,Full Check,mutant,PDFUA-Ref-2-10_Form-M02__85550ea9d4a77f73600cbc328ea4c1edf6916e032e2f5c79bf30e97f3db2d478.json,evidence/acrobat,COMPLETE,Deferred until the matching golden baseline is complete and reviewed.
B05_MUTANT_ACROBAT,B05_M03,107,PDFUA-Ref-2-01_Magazine-danish-M03,corpus\mutants\PDFUA-Ref-2-01_Magazine-danish-M03.pdf,f7b9e14f0320211e69643205e92b5c0719008a512cbb0b572b00d5362d011bfb,M03,PDFUA-Ref-2-01_Magazine-danish,Acrobat,Full Check,mutant,PDFUA-Ref-2-01_Magazine-danish-M03__f7b9e14f0320211e69643205e92b5c0719008a512cbb0b572b00d5362d011bfb.json,evidence/acrobat,COMPLETE,Deferred until the matching golden baseline is complete and reviewed.
B05_MUTANT_ACROBAT,B05_M03,108,PDFUA-Ref-2-02_Invoice-M03,corpus\mutants\PDFUA-Ref-2-02_Invoice-M03.pdf,7887ebfcc438c907ca1981ad33769f3ebee0831b86c8f18ba672a682e45e0323,M03,PDFUA-Ref-2-02_Invoice,Acrobat,Full Check,mutant,PDFUA-Ref-2-02_Invoice-M03__7887ebfcc438c907ca1981ad33769f3ebee0831b86c8f18ba672a682e45e0323.json,evidence/acrobat,COMPLETE,Deferred until the matching golden baseline is complete and reviewed.
B05_MUTANT_ACROBAT,B05_M03,109,PDFUA-Ref-2-03_AcademicAbstract-M03,corpus\mutants\PDFUA-Ref-2-03_AcademicAbstract-M03.pdf,fcc8533b325c9a1a1675c46ec0856649fa02feea531e4aba4492a12a41e1a571,M03,PDFUA-Ref-2-03_AcademicAbstract,Acrobat,Full Check,mutant,PDFUA-Ref-2-03_AcademicAbstract-M03__fcc8533b325c9a1a1675c46ec0856649fa02feea531e4aba4492a12a41e1a571.json,evidence/acrobat,COMPLETE,Deferred until the matching golden baseline is complete and reviewed.
B05_MUTANT_ACROBAT,B05_M03,110,PDFUA-Ref-2-04_Presentation-M03,corpus\mutants\PDFUA-Ref-2-04_Presentation-M03.pdf,23612f2c7708412a2bcfc9ba1023d8712c0db74be6f6752d7b04bb54b23913b7,M03,PDFUA-Ref-2-04_Presentation,Acrobat,Full Check,mutant,PDFUA-Ref-2-04_Presentation-M03__23612f2c7708412a2bcfc9ba1023d8712c0db74be6f6752d7b04bb54b23913b7.json,evidence/acrobat,COMPLETE,Deferred until the matching golden baseline is complete and reviewed.
B05_MUTANT_ACROBAT,B05_M03,111,PDFUA-Ref-2-05_BookChapter-german-M03,corpus\mutants\PDFUA-Ref-2-05_BookChapter-german-M03.pdf,08a17db95cf262351a8e2a6464edaec73836e71fd34b0db112bdec9676930e75,M03,PDFUA-Ref-2-05_BookChapter-german,Acrobat,Full Check,mutant,PDFUA-Ref-2-05_BookChapter-german-M03__08a17db95cf262351a8e2a6464edaec73836e71fd34b0db112bdec9676930e75.json,evidence/acrobat,COMPLETE,Deferred until the matching golden baseline is complete and reviewed.
B05_MUTANT_ACROBAT,B05_M03,112,PDFUA-Ref-2-06_Brochure-M03,corpus\mutants\PDFUA-Ref-2-06_Brochure-M03.pdf,ed0e82b1eecd666930ccb41d3c75cc0a8703cc39d76b6ab87e15b1f70fd5935f,M03,PDFUA-Ref-2-06_Brochure,Acrobat,Full Check,mutant,PDFUA-Ref-2-06_Brochure-M03__ed0e82b1eecd666930ccb41d3c75cc0a8703cc39d76b6ab87e15b1f70fd5935f.json,evidence/acrobat,COMPLETE,Deferred until the matching golden baseline is complete and reviewed.
B05_MUTANT_ACROBAT,B05_M03,113,PDFUA-Ref-2-08_BookChapter-M03,corpus\mutants\PDFUA-Ref-2-08_BookChapter-M03.pdf,2907d533740ae0bea18da032ef36cea8ec48e3bf026dcf8b61439b86b931ed27,M03,PDFUA-Ref-2-08_BookChapter,Acrobat,Full Check,mutant,PDFUA-Ref-2-08_BookChapter-M03__2907d533740ae0bea18da032ef36cea8ec48e3bf026dcf8b61439b86b931ed27.json,evidence/acrobat,COMPLETE,Deferred until the matching golden baseline is complete and reviewed.
B05_MUTANT_ACROBAT,B05_M03,114,PDFUA-Ref-2-09_Scanned-M03,corpus\mutants\PDFUA-Ref-2-09_Scanned-M03.pdf,b86a34d9c3d9be9e5022027a4856df45a5ab30b42b4cc04791130c0229119f7b,M03,PDFUA-Ref-2-09_Scanned,Acrobat,Full Check,mutant,PDFUA-Ref-2-09_Scanned-M03__b86a34d9c3d9be9e5022027a4856df45a5ab30b42b4cc04791130c0229119f7b.json,evidence/acrobat,COMPLETE,Deferred until the matching golden baseline is complete and reviewed.
B05_MUTANT_ACROBAT,B05_M04,115,PDFUA-Ref-2-01_Magazine-danish-M04,corpus\mutants\PDFUA-Ref-2-01_Magazine-danish-M04.pdf,eb79fabe18daacdee5408ca7bc5a7968f8113c1721ff80830870d5680a639c82,M04,PDFUA-Ref-2-01_Magazine-danish,Acrobat,Full Check,mutant,PDFUA-Ref-2-01_Magazine-danish-M04__eb79fabe18daacdee5408ca7bc5a7968f8113c1721ff80830870d5680a639c82.json,evidence/acrobat,COMPLETE,Deferred until the matching golden baseline is complete and reviewed.
B05_MUTANT_ACROBAT,B05_M04,116,PDFUA-Ref-2-02_Invoice-M04,corpus\mutants\PDFUA-Ref-2-02_Invoice-M04.pdf,c831396c411f0e67e1fa9eea43cf7e8f741b9f99c69cbdd9f0ce3c17dcab2514,M04,PDFUA-Ref-2-02_Invoice,Acrobat,Full Check,mutant,PDFUA-Ref-2-02_Invoice-M04__c831396c411f0e67e1fa9eea43cf7e8f741b9f99c69cbdd9f0ce3c17dcab2514.json,evidence/acrobat,COMPLETE,Deferred until the matching golden baseline is complete and reviewed.
B05_MUTANT_ACROBAT,B05_M04,117,PDFUA-Ref-2-03_AcademicAbstract-M04,corpus\mutants\PDFUA-Ref-2-03_AcademicAbstract-M04.pdf,aa1b231accabf87602fa064972332501785b16ce8de42ade4ccb57463f5281ec,M04,PDFUA-Ref-2-03_AcademicAbstract,Acrobat,Full Check,mutant,PDFUA-Ref-2-03_AcademicAbstract-M04__aa1b231accabf87602fa064972332501785b16ce8de42ade4ccb57463f5281ec.json,evidence/acrobat,COMPLETE,Deferred until the matching golden baseline is complete and reviewed.
B05_MUTANT_ACROBAT,B05_M04,118,PDFUA-Ref-2-04_Presentation-M04,corpus\mutants\PDFUA-Ref-2-04_Presentation-M04.pdf,d54e7cdfa78b6be17e9234803de1e88ece27cba0282e244b0f0abfdd992487cd,M04,PDFUA-Ref-2-04_Presentation,Acrobat,Full Check,mutant,PDFUA-Ref-2-04_Presentation-M04__d54e7cdfa78b6be17e9234803de1e88ece27cba0282e244b0f0abfdd992487cd.json,evidence/acrobat,COMPLETE,Deferred until the matching golden baseline is complete and reviewed.
B05_MUTANT_ACROBAT,B05_M04,119,PDFUA-Ref-2-05_BookChapter-german-M04,corpus\mutants\PDFUA-Ref-2-05_BookChapter-german-M04.pdf,668b5c55c85237169484722c15354e8d353179f8b9fc9e96a2a6f83a13c71250,M04,PDFUA-Ref-2-05_BookChapter-german,Acrobat,Full Check,mutant,PDFUA-Ref-2-05_BookChapter-german-M04__668b5c55c85237169484722c15354e8d353179f8b9fc9e96a2a6f83a13c71250.json,evidence/acrobat,COMPLETE,Deferred until the matching golden baseline is complete and reviewed.
B05_MUTANT_ACROBAT,B05_M04,120,PDFUA-Ref-2-06_Brochure-M04,corpus\mutants\PDFUA-Ref-2-06_Brochure-M04.pdf,12c8c27582c8ca949f0f95dc11371ef2a8c3a3a6a72bed7e8b82ff9aa74a049d,M04,PDFUA-Ref-2-06_Brochure,Acrobat,Full Check,mutant,PDFUA-Ref-2-06_Brochure-M04__12c8c27582c8ca949f0f95dc11371ef2a8c3a3a6a72bed7e8b82ff9aa74a049d.json,evidence/acrobat,COMPLETE,Deferred until the matching golden baseline is complete and reviewed.
B05_MUTANT_ACROBAT,B05_M04,121,PDFUA-Ref-2-08_BookChapter-M04,corpus\mutants\PDFUA-Ref-2-08_BookChapter-M04.pdf,20ac005e0fb4cf3812fefd64b496cf14488a56d493e7c7ee5f5045ce9540c1f5,M04,PDFUA-Ref-2-08_BookChapter,Acrobat,Full Check,mutant,PDFUA-Ref-2-08_BookChapter-M04__20ac005e0fb4cf3812fefd64b496cf14488a56d493e7c7ee5f5045ce9540c1f5.json,evidence/acrobat,COMPLETE,Deferred until the matching golden baseline is complete and reviewed.
B05_MUTANT_ACROBAT,B05_M04,122,PDFUA-Ref-2-09_Scanned-M04,corpus\mutants\PDFUA-Ref-2-09_Scanned-M04.pdf,494532eaa86c5136f8de492a0bf4f227d91b90aabc6d7eed62506f2e1838ef28,M04,PDFUA-Ref-2-09_Scanned,Acrobat,Full Check,mutant,PDFUA-Ref-2-09_Scanned-M04__494532eaa86c5136f8de492a0bf4f227d91b90aabc6d7eed62506f2e1838ef28.json,evidence/acrobat,COMPLETE,Deferred until the matching golden baseline is complete and reviewed.
B05_MUTANT_ACROBAT,B05_M05,123,PDFUA-Ref-2-01_Magazine-danish-M05,corpus\mutants\PDFUA-Ref-2-01_Magazine-danish-M05.pdf,5b5f3a85909983e4b44ba0babf92c7e9704757387a94804ef792ca3d3918bb6f,M05,PDFUA-Ref-2-01_Magazine-danish,Acrobat,Full Check,mutant,PDFUA-Ref-2-01_Magazine-danish-M05__5b5f3a85909983e4b44ba0babf92c7e9704757387a94804ef792ca3d3918bb6f.json,evidence/acrobat,COMPLETE,Deferred until the matching golden baseline is complete and reviewed.
B05_MUTANT_ACROBAT,B05_M05,124,PDFUA-Ref-2-03_AcademicAbstract-M05,corpus\mutants\PDFUA-Ref-2-03_AcademicAbstract-M05.pdf,ee82308195b4488f8c6e01bc8e4ba469df760c122c766ff84fc3425302d6f528,M05,PDFUA-Ref-2-03_AcademicAbstract,Acrobat,Full Check,mutant,PDFUA-Ref-2-03_AcademicAbstract-M05__ee82308195b4488f8c6e01bc8e4ba469df760c122c766ff84fc3425302d6f528.json,evidence/acrobat,COMPLETE,Deferred until the matching golden baseline is complete and reviewed.
B05_MUTANT_ACROBAT,B05_M05,125,PDFUA-Ref-2-04_Presentation-M05,corpus\mutants\PDFUA-Ref-2-04_Presentation-M05.pdf,5d72a6c172200b5c5bf50850d45e535a9ed8454edfec1b2714a6c72159995d5c,M05,PDFUA-Ref-2-04_Presentation,Acrobat,Full Check,mutant,PDFUA-Ref-2-04_Presentation-M05__5d72a6c172200b5c5bf50850d45e535a9ed8454edfec1b2714a6c72159995d5c.json,evidence/acrobat,COMPLETE,Deferred until the matching golden baseline is complete and reviewed.
B05_MUTANT_ACROBAT,B05_M05,126,PDFUA-Ref-2-05_BookChapter-german-M05,corpus\mutants\PDFUA-Ref-2-05_BookChapter-german-M05.pdf,b7a688694201ed24e8dda1fcf6290c752e42d1ab1d074fc0c8f9d29c0dcad216,M05,PDFUA-Ref-2-05_BookChapter-german,Acrobat,Full Check,mutant,PDFUA-Ref-2-05_BookChapter-german-M05__b7a688694201ed24e8dda1fcf6290c752e42d1ab1d074fc0c8f9d29c0dcad216.json,evidence/acrobat,COMPLETE,Deferred until the matching golden baseline is complete and reviewed.
B05_MUTANT_ACROBAT,B05_M05,127,PDFUA-Ref-2-06_Brochure-M05,corpus\mutants\PDFUA-Ref-2-06_Brochure-M05.pdf,692c7fddc91d6d6899dc1f9e820e2851a6cbeaa9694f0841b53445b15b8e3012,M05,PDFUA-Ref-2-06_Brochure,Acrobat,Full Check,mutant,PDFUA-Ref-2-06_Brochure-M05__692c7fddc91d6d6899dc1f9e820e2851a6cbeaa9694f0841b53445b15b8e3012.json,evidence/acrobat,COMPLETE,Deferred until the matching golden baseline is complete and reviewed.
B05_MUTANT_ACROBAT,B05_M05,128,PDFUA-Ref-2-08_BookChapter-M05,corpus\mutants\PDFUA-Ref-2-08_BookChapter-M05.pdf,db8fd0be417f0b011ca55e313d0bc1bbe4421aec1d8bb27584fa99a9c5d1f7d3,M05,PDFUA-Ref-2-08_BookChapter,Acrobat,Full Check,mutant,PDFUA-Ref-2-08_BookChapter-M05__db8fd0be417f0b011ca55e313d0bc1bbe4421aec1d8bb27584fa99a9c5d1f7d3.json,evidence/acrobat,COMPLETE,Deferred until the matching golden baseline is complete and reviewed.
B05_MUTANT_ACROBAT,B05_M05,129,PDFUA-Ref-2-09_Scanned-M05,corpus\mutants\PDFUA-Ref-2-09_Scanned-M05.pdf,6bbc4a32f5cfa0ae69e6f77ec68a66988bc5644b1e60e34278181c151d71b932,M05,PDFUA-Ref-2-09_Scanned,Acrobat,Full Check,mutant,PDFUA-Ref-2-09_Scanned-M05__6bbc4a32f5cfa0ae69e6f77ec68a66988bc5644b1e60e34278181c151d71b932.json,evidence/acrobat,COMPLETE,Deferred until the matching golden baseline is complete and reviewed.
B05_MUTANT_ACROBAT,B05_M06,130,PDFUA-Ref-2-01_Magazine-danish-M06,corpus\mutants\PDFUA-Ref-2-01_Magazine-danish-M06.pdf,4774ad31d5381502e81bc0e30ee6a92559c51bf4bd3772adcc50b3ca1d671d81,M06,PDFUA-Ref-2-01_Magazine-danish,Acrobat,Full Check,mutant,PDFUA-Ref-2-01_Magazine-danish-M06__4774ad31d5381502e81bc0e30ee6a92559c51bf4bd3772adcc50b3ca1d671d81.json,evidence/acrobat,COMPLETE,Deferred until the matching golden baseline is complete and reviewed.
B05_MUTANT_ACROBAT,B05_M06,131,PDFUA-Ref-2-03_AcademicAbstract-M06,corpus\mutants\PDFUA-Ref-2-03_AcademicAbstract-M06.pdf,ca37553b2d45198cd26b168a6c9eb41f248cd4f9179118b991fc47917a443afb,M06,PDFUA-Ref-2-03_AcademicAbstract,Acrobat,Full Check,mutant,PDFUA-Ref-2-03_AcademicAbstract-M06__ca37553b2d45198cd26b168a6c9eb41f248cd4f9179118b991fc47917a443afb.json,evidence/acrobat,COMPLETE,Deferred until the matching golden baseline is complete and reviewed.
B05_MUTANT_ACROBAT,B05_M06,132,PDFUA-Ref-2-04_Presentation-M06,corpus\mutants\PDFUA-Ref-2-04_Presentation-M06.pdf,56a2b7314c6bb652499bd6ed6a070925d4a76b840d9a06a4377b055a02d37da4,M06,PDFUA-Ref-2-04_Presentation,Acrobat,Full Check,mutant,PDFUA-Ref-2-04_Presentation-M06__56a2b7314c6bb652499bd6ed6a070925d4a76b840d9a06a4377b055a02d37da4.json,evidence/acrobat,COMPLETE,Deferred until the matching golden baseline is complete and reviewed.
B05_MUTANT_ACROBAT,B05_M06,133,PDFUA-Ref-2-05_BookChapter-german-M06,corpus\mutants\PDFUA-Ref-2-05_BookChapter-german-M06.pdf,823c2b5ddc120128c9e6eb07963de30f15be94f72a40d781b698af48fb5833a6,M06,PDFUA-Ref-2-05_BookChapter-german,Acrobat,Full Check,mutant,PDFUA-Ref-2-05_BookChapter-german-M06__823c2b5ddc120128c9e6eb07963de30f15be94f72a40d781b698af48fb5833a6.json,evidence/acrobat,COMPLETE,Deferred until the matching golden baseline is complete and reviewed.
B05_MUTANT_ACROBAT,B05_M06,134,PDFUA-Ref-2-06_Brochure-M06,corpus\mutants\PDFUA-Ref-2-06_Brochure-M06.pdf,a8629a74e71648776b2bb71606a7de30f1cbea3ffa60417d0bc936fabdb3c382,M06,PDFUA-Ref-2-06_Brochure,Acrobat,Full Check,mutant,PDFUA-Ref-2-06_Brochure-M06__a8629a74e71648776b2bb71606a7de30f1cbea3ffa60417d0bc936fabdb3c382.json,evidence/acrobat,COMPLETE,Deferred until the matching golden baseline is complete and reviewed.
B05_MUTANT_ACROBAT,B05_M06,135,PDFUA-Ref-2-08_BookChapter-M06,corpus\mutants\PDFUA-Ref-2-08_BookChapter-M06.pdf,86091f5caa50e48f16a3a67354122d88c286f8ad8e5a892f22202d5dfe0be414,M06,PDFUA-Ref-2-08_BookChapter,Acrobat,Full Check,mutant,PDFUA-Ref-2-08_BookChapter-M06__86091f5caa50e48f16a3a67354122d88c286f8ad8e5a892f22202d5dfe0be414.json,evidence/acrobat,COMPLETE,Deferred until the matching golden baseline is complete and reviewed.
B05_MUTANT_ACROBAT,B05_M06,136,PDFUA-Ref-2-09_Scanned-M06,corpus\mutants\PDFUA-Ref-2-09_Scanned-M06.pdf,637c71a7db4ce2fccd3d34ad662d600b62ef46c275c3ca370c2d17a97980c9fa,M06,PDFUA-Ref-2-09_Scanned,Acrobat,Full Check,mutant,PDFUA-Ref-2-09_Scanned-M06__637c71a7db4ce2fccd3d34ad662d600b62ef46c275c3ca370c2d17a97980c9fa.json,evidence/acrobat,COMPLETE,Deferred until the matching golden baseline is complete and reviewed.
B05_MUTANT_ACROBAT,B05_M07,137,PDFUA-Ref-2-01_Magazine-danish-M07,corpus\mutants\PDFUA-Ref-2-01_Magazine-danish-M07.pdf,a45021dfa3ce09f803eac101d0d5bffcd1326662a9a71c028bbd51cbe01a595f,M07,PDFUA-Ref-2-01_Magazine-danish,Acrobat,Full Check,mutant,PDFUA-Ref-2-01_Magazine-danish-M07__a45021dfa3ce09f803eac101d0d5bffcd1326662a9a71c028bbd51cbe01a595f.json,evidence/acrobat,COMPLETE,Deferred until the matching golden baseline is complete and reviewed.
B05_MUTANT_ACROBAT,B05_M07,138,PDFUA-Ref-2-02_Invoice-M07,corpus\mutants\PDFUA-Ref-2-02_Invoice-M07.pdf,14e04ae7cadc509f5b6479aff17be9cf6d79e68524801d8aa9a27e49ea348506,M07,PDFUA-Ref-2-02_Invoice,Acrobat,Full Check,mutant,PDFUA-Ref-2-02_Invoice-M07__14e04ae7cadc509f5b6479aff17be9cf6d79e68524801d8aa9a27e49ea348506.json,evidence/acrobat,COMPLETE,Deferred until the matching golden baseline is complete and reviewed.
B05_MUTANT_ACROBAT,B05_M07,139,PDFUA-Ref-2-04_Presentation-M07,corpus\mutants\PDFUA-Ref-2-04_Presentation-M07.pdf,09d414160bdb30b7d9aa23413647b6ba38f434340f1d3f0d3164a1d37d5d3088,M07,PDFUA-Ref-2-04_Presentation,Acrobat,Full Check,mutant,PDFUA-Ref-2-04_Presentation-M07__09d414160bdb30b7d9aa23413647b6ba38f434340f1d3f0d3164a1d37d5d3088.json,evidence/acrobat,COMPLETE,Deferred until the matching golden baseline is complete and reviewed.
B05_MUTANT_ACROBAT,B05_M07,140,PDFUA-Ref-2-05_BookChapter-german-M07,corpus\mutants\PDFUA-Ref-2-05_BookChapter-german-M07.pdf,be8cb7f6aca4a81ecb01654b816f6ae0f5cf8f5daa45ebf5468925fcf7ab9742,M07,PDFUA-Ref-2-05_BookChapter-german,Acrobat,Full Check,mutant,PDFUA-Ref-2-05_BookChapter-german-M07__be8cb7f6aca4a81ecb01654b816f6ae0f5cf8f5daa45ebf5468925fcf7ab9742.json,evidence/acrobat,COMPLETE,Deferred until the matching golden baseline is complete and reviewed.
B05_MUTANT_ACROBAT,B05_M07,141,PDFUA-Ref-2-06_Brochure-M07,corpus\mutants\PDFUA-Ref-2-06_Brochure-M07.pdf,7aed010a1cad015f6b9de4498a855cccc6599be37fe85e0ecdbddaef1d9af3dd,M07,PDFUA-Ref-2-06_Brochure,Acrobat,Full Check,mutant,PDFUA-Ref-2-06_Brochure-M07__7aed010a1cad015f6b9de4498a855cccc6599be37fe85e0ecdbddaef1d9af3dd.json,evidence/acrobat,COMPLETE,Deferred until the matching golden baseline is complete and reviewed.
B05_MUTANT_ACROBAT,B05_M07,142,PDFUA-Ref-2-08_BookChapter-M07,corpus\mutants\PDFUA-Ref-2-08_BookChapter-M07.pdf,8df764ab15f21435fc2283a261e0fa073baef1005f3d740e3991a952285746e8,M07,PDFUA-Ref-2-08_BookChapter,Acrobat,Full Check,mutant,PDFUA-Ref-2-08_BookChapter-M07__8df764ab15f21435fc2283a261e0fa073baef1005f3d740e3991a952285746e8.json,evidence/acrobat,COMPLETE,Deferred until the matching golden baseline is complete and reviewed.
B05_MUTANT_ACROBAT,B05_M07,143,PDFUA-Ref-2-09_Scanned-M07,corpus\mutants\PDFUA-Ref-2-09_Scanned-M07.pdf,c16652da4ab2f15701bf4b12fb0790c269bea5fadbfd0443c1e5db51c51d2c3a,M07,PDFUA-Ref-2-09_Scanned,Acrobat,Full Check,mutant,PDFUA-Ref-2-09_Scanned-M07__c16652da4ab2f15701bf4b12fb0790c269bea5fadbfd0443c1e5db51c51d2c3a.json,evidence/acrobat,COMPLETE,Deferred until the matching golden baseline is complete and reviewed.
B05_MUTANT_ACROBAT,B05_M08,144,PDFUA-Ref-2-01_Magazine-danish-M08,corpus\mutants\PDFUA-Ref-2-01_Magazine-danish-M08.pdf,798d1807493ecbed375ba1a175bb6d19f6d51dfe508c6df88df7ec3f8e1d6061,M08,PDFUA-Ref-2-01_Magazine-danish,Acrobat,Full Check,mutant,PDFUA-Ref-2-01_Magazine-danish-M08__798d1807493ecbed375ba1a175bb6d19f6d51dfe508c6df88df7ec3f8e1d6061.json,evidence/acrobat,COMPLETE,Deferred until the matching golden baseline is complete and reviewed.
B05_MUTANT_ACROBAT,B05_M08,145,PDFUA-Ref-2-02_Invoice-M08,corpus\mutants\PDFUA-Ref-2-02_Invoice-M08.pdf,4fa45b60c80cb404e90b60c4eb2e273acfc22555afdab15b8b1684d09b4f33df,M08,PDFUA-Ref-2-02_Invoice,Acrobat,Full Check,mutant,PDFUA-Ref-2-02_Invoice-M08__4fa45b60c80cb404e90b60c4eb2e273acfc22555afdab15b8b1684d09b4f33df.json,evidence/acrobat,COMPLETE,Deferred until the matching golden baseline is complete and reviewed.
B05_MUTANT_ACROBAT,B05_M08,146,PDFUA-Ref-2-03_AcademicAbstract-M08,corpus\mutants\PDFUA-Ref-2-03_AcademicAbstract-M08.pdf,381ec9f9fe1f7ef256d3f2ed7e5e405bb9802b17bb64d762f572bc6d313af091,M08,PDFUA-Ref-2-03_AcademicAbstract,Acrobat,Full Check,mutant,PDFUA-Ref-2-03_AcademicAbstract-M08__381ec9f9fe1f7ef256d3f2ed7e5e405bb9802b17bb64d762f572bc6d313af091.json,evidence/acrobat,COMPLETE,Deferred until the matching golden baseline is complete and reviewed.
B05_MUTANT_ACROBAT,B05_M08,147,PDFUA-Ref-2-04_Presentation-M08,corpus\mutants\PDFUA-Ref-2-04_Presentation-M08.pdf,72f5f8517793703f0eb2affec0285f5bfb13a062e91810ef96c17a766aa81539,M08,PDFUA-Ref-2-04_Presentation,Acrobat,Full Check,mutant,PDFUA-Ref-2-04_Presentation-M08__72f5f8517793703f0eb2affec0285f5bfb13a062e91810ef96c17a766aa81539.json,evidence/acrobat,COMPLETE,Deferred until the matching golden baseline is complete and reviewed.
B05_MUTANT_ACROBAT,B05_M08,148,PDFUA-Ref-2-05_BookChapter-german-M08,corpus\mutants\PDFUA-Ref-2-05_BookChapter-german-M08.pdf,01ada38b1d9dc17882581a3ae080fa771f7a3ed2d3affbff49473ff510719fdd,M08,PDFUA-Ref-2-05_BookChapter-german,Acrobat,Full Check,mutant,PDFUA-Ref-2-05_BookChapter-german-M08__01ada38b1d9dc17882581a3ae080fa771f7a3ed2d3affbff49473ff510719fdd.json,evidence/acrobat,COMPLETE,Deferred until the matching golden baseline is complete and reviewed.
B05_MUTANT_ACROBAT,B05_M08,149,PDFUA-Ref-2-06_Brochure-M08,corpus\mutants\PDFUA-Ref-2-06_Brochure-M08.pdf,fa090d7a7a195eca6b885da4e9b0884b162b73a3b015be189fc41173738c2996,M08,PDFUA-Ref-2-06_Brochure,Acrobat,Full Check,mutant,PDFUA-Ref-2-06_Brochure-M08__fa090d7a7a195eca6b885da4e9b0884b162b73a3b015be189fc41173738c2996.json,evidence/acrobat,COMPLETE,Deferred until the matching golden baseline is complete and reviewed.
B05_MUTANT_ACROBAT,B05_M08,150,PDFUA-Ref-2-08_BookChapter-M08,corpus\mutants\PDFUA-Ref-2-08_BookChapter-M08.pdf,2c631cd85add3b7883781fb114651993280bb8c9f360361eaf20cb1f3c1ef0c1,M08,PDFUA-Ref-2-08_BookChapter,Acrobat,Full Check,mutant,PDFUA-Ref-2-08_BookChapter-M08__2c631cd85add3b7883781fb114651993280bb8c9f360361eaf20cb1f3c1ef0c1.json,evidence/acrobat,COMPLETE,Deferred until the matching golden baseline is complete and reviewed.
B05_MUTANT_ACROBAT,B05_M08,151,PDFUA-Ref-2-10_Form-M08,corpus\mutants\PDFUA-Ref-2-10_Form-M08.pdf,53befb723e3cca79d246644678be0a3a09dae65ff4e514fc56d3fa404cd4ff8a,M08,PDFUA-Ref-2-10_Form,Acrobat,Full Check,mutant,PDFUA-Ref-2-10_Form-M08__53befb723e3cca79d246644678be0a3a09dae65ff4e514fc56d3fa404cd4ff8a.json,evidence/acrobat,COMPLETE,Deferred until the matching golden baseline is complete and reviewed.
B05_MUTANT_ACROBAT,B05_M09,152,PDFUA-Ref-2-01_Magazine-danish-M09,corpus\mutants\PDFUA-Ref-2-01_Magazine-danish-M09.pdf,3ef299495b93ea1d1fd50ba38ec265412abb6e1d7e147918d50ec9afcc36662b,M09,PDFUA-Ref-2-01_Magazine-danish,Acrobat,Full Check,mutant,PDFUA-Ref-2-01_Magazine-danish-M09__3ef299495b93ea1d1fd50ba38ec265412abb6e1d7e147918d50ec9afcc36662b.json,evidence/acrobat,COMPLETE,Deferred until the matching golden baseline is complete and reviewed.
B05_MUTANT_ACROBAT,B05_M09,153,PDFUA-Ref-2-04_Presentation-M09,corpus\mutants\PDFUA-Ref-2-04_Presentation-M09.pdf,d9603ca680cfdcaf22033828f12e55e1d26f825bcbdfaf7dd0a29798ea61de3a,M09,PDFUA-Ref-2-04_Presentation,Acrobat,Full Check,mutant,PDFUA-Ref-2-04_Presentation-M09__d9603ca680cfdcaf22033828f12e55e1d26f825bcbdfaf7dd0a29798ea61de3a.json,evidence/acrobat,COMPLETE,Deferred until the matching golden baseline is complete and reviewed.
B05_MUTANT_ACROBAT,B05_M09,154,PDFUA-Ref-2-05_BookChapter-german-M09,corpus\mutants\PDFUA-Ref-2-05_BookChapter-german-M09.pdf,0ceaf48c6cf200ecab12a36c5bc30bb019911102fe2f2c7bc94508c87f43333f,M09,PDFUA-Ref-2-05_BookChapter-german,Acrobat,Full Check,mutant,PDFUA-Ref-2-05_BookChapter-german-M09__0ceaf48c6cf200ecab12a36c5bc30bb019911102fe2f2c7bc94508c87f43333f.json,evidence/acrobat,COMPLETE,Deferred until the matching golden baseline is complete and reviewed.
B05_MUTANT_ACROBAT,B05_M10,155,PDFUA-Ref-2-02_Invoice-M10,corpus\mutants\PDFUA-Ref-2-02_Invoice-M10.pdf,a4e6177f2fba056f3364f7ac88c2907effa97ee177584a1c46c4aeeca5f31c48,M10,PDFUA-Ref-2-02_Invoice,Acrobat,Full Check,mutant,PDFUA-Ref-2-02_Invoice-M10__a4e6177f2fba056f3364f7ac88c2907effa97ee177584a1c46c4aeeca5f31c48.json,evidence/acrobat,COMPLETE,Deferred until the matching golden baseline is complete and reviewed.
B05_MUTANT_ACROBAT,B05_M10,156,PDFUA-Ref-2-05_BookChapter-german-M10,corpus\mutants\PDFUA-Ref-2-05_BookChapter-german-M10.pdf,4dcdbc2dd191cbca8b848640ec29c68cd21d74dedbbcacdb21e76112bb1d3f9c,M10,PDFUA-Ref-2-05_BookChapter-german,Acrobat,Full Check,mutant,PDFUA-Ref-2-05_BookChapter-german-M10__4dcdbc2dd191cbca8b848640ec29c68cd21d74dedbbcacdb21e76112bb1d3f9c.json,evidence/acrobat,COMPLETE,Deferred until the matching golden baseline is complete and reviewed.
B05_MUTANT_ACROBAT,B05_M10,157,PDFUA-Ref-2-08_BookChapter-M10,corpus\mutants\PDFUA-Ref-2-08_BookChapter-M10.pdf,135ebc92b095127190c98164be07186359b69f0908bda83266abdbb34adab269,M10,PDFUA-Ref-2-08_BookChapter,Acrobat,Full Check,mutant,PDFUA-Ref-2-08_BookChapter-M10__135ebc92b095127190c98164be07186359b69f0908bda83266abdbb34adab269.json,evidence/acrobat,COMPLETE,Deferred until the matching golden baseline is complete and reviewed.
B05_MUTANT_ACROBAT,B05_M10,158,PDFUA-Ref-2-09_Scanned-M10,corpus\mutants\PDFUA-Ref-2-09_Scanned-M10.pdf,c5f2c1706faf55b963f7ae539710aa419a530967f41fcbc495d5fbc6708927e8,M10,PDFUA-Ref-2-09_Scanned,Acrobat,Full Check,mutant,PDFUA-Ref-2-09_Scanned-M10__c5f2c1706faf55b963f7ae539710aa419a530967f41fcbc495d5fbc6708927e8.json,evidence/acrobat,COMPLETE,Deferred until the matching golden baseline is complete and reviewed.
B06_PAC_AI_SELECTION,,159,PAC_AI_SELECTION_REVIEW,data\pac_ai_selection.csv,,,,PAC,AI cohort selection,setup,PAC_AI_SELECTION_REVIEW__.json,evidence/pac/ai,COMPLETE,PAC AI mutant execution is deferred until PAC Formal evidence is classified.
B07_GOLDEN_PAC_AI_SELECTED,,160,PDFUA-Ref-2-01_Magazine-danish,corpus\golden\PDFUA-Ref-2-01_Magazine-danish.pdf,aef89af13c9c94fc4f4e1a8c5872450cc4c8fff7de544d8ada6a0912425aa434,,PDFUA-Ref-2-01_Magazine-danish,PAC,AI,golden_baseline,PDFUA-Ref-2-01_Magazine-danish__aef89af13c9c94fc4f4e1a8c5872450cc4c8fff7de544d8ada6a0912425aa434.pdf,evidence/pac/ai,TODO,Selected golden baseline for the post-formal PAC AI cohort.
B07_GOLDEN_PAC_AI_SELECTED,,161,PDFUA-Ref-2-02_Invoice,corpus\golden\PDFUA-Ref-2-02_Invoice.pdf,fbae08464f192f532205833215505b78266e86df6283d9b0c439cb06927ce0b9,,PDFUA-Ref-2-02_Invoice,PAC,AI,golden_baseline,PDFUA-Ref-2-02_Invoice__fbae08464f192f532205833215505b78266e86df6283d9b0c439cb06927ce0b9.pdf,evidence/pac/ai,TODO,Selected golden baseline for the post-formal PAC AI cohort.
B07_GOLDEN_PAC_AI_SELECTED,,162,PDFUA-Ref-2-03_AcademicAbstract,corpus\golden\PDFUA-Ref-2-03_AcademicAbstract.pdf,e61257d371261867926eb006f8895569a95fcfbcb93fca3be04b8b9187cb93a0,,PDFUA-Ref-2-03_AcademicAbstract,PAC,AI,golden_baseline,PDFUA-Ref-2-03_AcademicAbstract__e61257d371261867926eb006f8895569a95fcfbcb93fca3be04b8b9187cb93a0.pdf,evidence/pac/ai,TODO,Selected golden baseline for the post-formal PAC AI cohort.
B07_GOLDEN_PAC_AI_SELECTED,,163,PDFUA-Ref-2-04_Presentation,corpus\golden\PDFUA-Ref-2-04_Presentation.pdf,90acb829ca8bfa037796592539d15010e9099d1cd2622aac1fce7d9fd3ae7575,,PDFUA-Ref-2-04_Presentation,PAC,AI,golden_baseline,PDFUA-Ref-2-04_Presentation__90acb829ca8bfa037796592539d15010e9099d1cd2622aac1fce7d9fd3ae7575.pdf,evidence/pac/ai,TODO,Selected golden baseline for the post-formal PAC AI cohort.
B07_GOLDEN_PAC_AI_SELECTED,,164,PDFUA-Ref-2-05_BookChapter-german,corpus\golden\PDFUA-Ref-2-05_BookChapter-german.pdf,fc525b8899da31779b6143c16053779cd560d4417018a901472de33c71252352,,PDFUA-Ref-2-05_BookChapter-german,PAC,AI,golden_baseline,PDFUA-Ref-2-05_BookChapter-german__fc525b8899da31779b6143c16053779cd560d4417018a901472de33c71252352.pdf,evidence/pac/ai,TODO,Selected golden baseline for the post-formal PAC AI cohort.
B07_GOLDEN_PAC_AI_SELECTED,,165,PDFUA-Ref-2-06_Brochure,corpus\golden\PDFUA-Ref-2-06_Brochure.pdf,aefd5ab48a908b9996ffadcb14d8ff31a2c653657cbe011a46f4cf61396a589e,,PDFUA-Ref-2-06_Brochure,PAC,AI,golden_baseline,PDFUA-Ref-2-06_Brochure__aefd5ab48a908b9996ffadcb14d8ff31a2c653657cbe011a46f4cf61396a589e.pdf,evidence/pac/ai,TODO,Selected golden baseline for the post-formal PAC AI cohort.
B07_GOLDEN_PAC_AI_SELECTED,,166,PDFUA-Ref-2-08_BookChapter,corpus\golden\PDFUA-Ref-2-08_BookChapter.pdf,2b958600daec79373736f413f2712fcd9c604de2c352cbc1ec9d67cc5d7932f1,,PDFUA-Ref-2-08_BookChapter,PAC,AI,golden_baseline,PDFUA-Ref-2-08_BookChapter__2b958600daec79373736f413f2712fcd9c604de2c352cbc1ec9d67cc5d7932f1.pdf,evidence/pac/ai,TODO,Selected golden baseline for the post-formal PAC AI cohort.
B07_GOLDEN_PAC_AI_SELECTED,,167,PDFUA-Ref-2-10_Form,corpus\golden\PDFUA-Ref-2-10_Form.pdf,06d5cacd7c5ba9573a57c6d99d3f357ee14a24cff0c138036840fc44c6311806,,PDFUA-Ref-2-10_Form,PAC,AI,golden_baseline,PDFUA-Ref-2-10_Form__06d5cacd7c5ba9573a57c6d99d3f357ee14a24cff0c138036840fc44c6311806.pdf,evidence/pac/ai,TODO,Selected golden baseline for the post-formal PAC AI cohort.
B08_MUTANT_PAC_AI_SELECTED,,168,PDFUA-Ref-2-01_Magazine-danish-M01,corpus\mutants\PDFUA-Ref-2-01_Magazine-danish-M01.pdf,a52e75193364438a1701f76c986fc047ee3e3b98dd691ec662d2c1d380c5d2df,M01,PDFUA-Ref-2-01_Magazine-danish,PAC,AI,mutant,PDFUA-Ref-2-01_Magazine-danish-M01__a52e75193364438a1701f76c986fc047ee3e3b98dd691ec662d2c1d380c5d2df.pdf,evidence/pac/ai,TODO,Semantic mutant survived PAC Formal with an interpretable baseline.
B08_MUTANT_PAC_AI_SELECTED,,169,PDFUA-Ref-2-03_AcademicAbstract-M01,corpus\mutants\PDFUA-Ref-2-03_AcademicAbstract-M01.pdf,3e2fe0a15cd8758f335e91aef7bb50a2b45f2e003448723f106d803a55ce788f,M01,PDFUA-Ref-2-03_AcademicAbstract,PAC,AI,mutant,PDFUA-Ref-2-03_AcademicAbstract-M01__3e2fe0a15cd8758f335e91aef7bb50a2b45f2e003448723f106d803a55ce788f.pdf,evidence/pac/ai,TODO,Semantic mutant survived PAC Formal with an interpretable baseline.
B08_MUTANT_PAC_AI_SELECTED,,170,PDFUA-Ref-2-04_Presentation-M01,corpus\mutants\PDFUA-Ref-2-04_Presentation-M01.pdf,1e4ccf771ae704a24d184020cdac9bd43d0a9bdb6ab88e04b7893d040d642c9c,M01,PDFUA-Ref-2-04_Presentation,PAC,AI,mutant,PDFUA-Ref-2-04_Presentation-M01__1e4ccf771ae704a24d184020cdac9bd43d0a9bdb6ab88e04b7893d040d642c9c.pdf,evidence/pac/ai,TODO,Semantic mutant survived PAC Formal with an interpretable baseline.
B08_MUTANT_PAC_AI_SELECTED,,171,PDFUA-Ref-2-05_BookChapter-german-M01,corpus\mutants\PDFUA-Ref-2-05_BookChapter-german-M01.pdf,f3455e42a1e7610054506c9ece9cfbef949f888e93294fce9eae762222be6078,M01,PDFUA-Ref-2-05_BookChapter-german,PAC,AI,mutant,PDFUA-Ref-2-05_BookChapter-german-M01__f3455e42a1e7610054506c9ece9cfbef949f888e93294fce9eae762222be6078.pdf,evidence/pac/ai,TODO,Semantic mutant survived PAC Formal with an interpretable baseline.
B08_MUTANT_PAC_AI_SELECTED,,172,PDFUA-Ref-2-06_Brochure-M01,corpus\mutants\PDFUA-Ref-2-06_Brochure-M01.pdf,a1a94935bccdbaad7b39c045e9c627fb5deacc3f7fd7fa80c8c77cd6c02acf0a,M01,PDFUA-Ref-2-06_Brochure,PAC,AI,mutant,PDFUA-Ref-2-06_Brochure-M01__a1a94935bccdbaad7b39c045e9c627fb5deacc3f7fd7fa80c8c77cd6c02acf0a.pdf,evidence/pac/ai,TODO,Semantic mutant survived PAC Formal with an interpretable baseline.
B08_MUTANT_PAC_AI_SELECTED,,173,PDFUA-Ref-2-08_BookChapter-M01,corpus\mutants\PDFUA-Ref-2-08_BookChapter-M01.pdf,f5fdd674ca53247a75d32f520d656f24f8e97e864466f9a72ca8e62487f63178,M01,PDFUA-Ref-2-08_BookChapter,PAC,AI,mutant,PDFUA-Ref-2-08_BookChapter-M01__f5fdd674ca53247a75d32f520d656f24f8e97e864466f9a72ca8e62487f63178.pdf,evidence/pac/ai,TODO,Semantic mutant survived PAC Formal with an interpretable baseline.
B08_MUTANT_PAC_AI_SELECTED,,174,PDFUA-Ref-2-10_Form-M01,corpus\mutants\PDFUA-Ref-2-10_Form-M01.pdf,3f4549f2b3c4a7e8ec2859096f3bc42513bf0df4cad6c5ee1f324835425bfece,M01,PDFUA-Ref-2-10_Form,PAC,AI,mutant,PDFUA-Ref-2-10_Form-M01__3f4549f2b3c4a7e8ec2859096f3bc42513bf0df4cad6c5ee1f324835425bfece.pdf,evidence/pac/ai,TODO,Semantic mutant survived PAC Formal with an interpretable baseline.
B08_MUTANT_PAC_AI_SELECTED,,175,PDFUA-Ref-2-01_Magazine-danish-M02,corpus\mutants\PDFUA-Ref-2-01_Magazine-danish-M02.pdf,e8df97191d286d7b52b625d3664034a14374aac4965a0bdd2aa6af57f9876c5f,M02,PDFUA-Ref-2-01_Magazine-danish,PAC,AI,mutant,PDFUA-Ref-2-01_Magazine-danish-M02__e8df97191d286d7b52b625d3664034a14374aac4965a0bdd2aa6af57f9876c5f.pdf,evidence/pac/ai,TODO,Semantic mutant survived PAC Formal with an interpretable baseline.
B08_MUTANT_PAC_AI_SELECTED,,176,PDFUA-Ref-2-02_Invoice-M02,corpus\mutants\PDFUA-Ref-2-02_Invoice-M02.pdf,462607fdecfb53a1cfdf57d060f6f2ef467370ae7d39213b258398a1777120fd,M02,PDFUA-Ref-2-02_Invoice,PAC,AI,mutant,PDFUA-Ref-2-02_Invoice-M02__462607fdecfb53a1cfdf57d060f6f2ef467370ae7d39213b258398a1777120fd.pdf,evidence/pac/ai,TODO,Semantic mutant survived PAC Formal with an interpretable baseline.
B08_MUTANT_PAC_AI_SELECTED,,177,PDFUA-Ref-2-03_AcademicAbstract-M02,corpus\mutants\PDFUA-Ref-2-03_AcademicAbstract-M02.pdf,16aed0e5075a817106227b70904ceee8d8c2f771c2a83fc933e07e4a561ba5f1,M02,PDFUA-Ref-2-03_AcademicAbstract,PAC,AI,mutant,PDFUA-Ref-2-03_AcademicAbstract-M02__16aed0e5075a817106227b70904ceee8d8c2f771c2a83fc933e07e4a561ba5f1.pdf,evidence/pac/ai,TODO,Semantic mutant survived PAC Formal with an interpretable baseline.
B08_MUTANT_PAC_AI_SELECTED,,178,PDFUA-Ref-2-04_Presentation-M02,corpus\mutants\PDFUA-Ref-2-04_Presentation-M02.pdf,e85501fb90d221c574cae80f0cab8f7db33b2a21c9b89e7f2de4167b4dd87880,M02,PDFUA-Ref-2-04_Presentation,PAC,AI,mutant,PDFUA-Ref-2-04_Presentation-M02__e85501fb90d221c574cae80f0cab8f7db33b2a21c9b89e7f2de4167b4dd87880.pdf,evidence/pac/ai,TODO,Semantic mutant survived PAC Formal with an interpretable baseline.
B08_MUTANT_PAC_AI_SELECTED,,179,PDFUA-Ref-2-05_BookChapter-german-M02,corpus\mutants\PDFUA-Ref-2-05_BookChapter-german-M02.pdf,5b806fd39c6559c0416737eb3cc131c05f5071f0b1d758af0fecca9b315070af,M02,PDFUA-Ref-2-05_BookChapter-german,PAC,AI,mutant,PDFUA-Ref-2-05_BookChapter-german-M02__5b806fd39c6559c0416737eb3cc131c05f5071f0b1d758af0fecca9b315070af.pdf,evidence/pac/ai,TODO,Semantic mutant survived PAC Formal with an interpretable baseline.
B08_MUTANT_PAC_AI_SELECTED,,180,PDFUA-Ref-2-06_Brochure-M02,corpus\mutants\PDFUA-Ref-2-06_Brochure-M02.pdf,6a7c6c4b28369d6bc3ab0f091ff69a08665fe3b8d8398a7fa59ac5bab1cef360,M02,PDFUA-Ref-2-06_Brochure,PAC,AI,mutant,PDFUA-Ref-2-06_Brochure-M02__6a7c6c4b28369d6bc3ab0f091ff69a08665fe3b8d8398a7fa59ac5bab1cef360.pdf,evidence/pac/ai,TODO,Semantic mutant survived PAC Formal with an interpretable baseline.
B08_MUTANT_PAC_AI_SELECTED,,181,PDFUA-Ref-2-08_BookChapter-M02,corpus\mutants\PDFUA-Ref-2-08_BookChapter-M02.pdf,820bea08c3a5eed724bb8d1e65d9e9733c1ca47a0e003ae477aea7cce81725e4,M02,PDFUA-Ref-2-08_BookChapter,PAC,AI,mutant,PDFUA-Ref-2-08_BookChapter-M02__820bea08c3a5eed724bb8d1e65d9e9733c1ca47a0e003ae477aea7cce81725e4.pdf,evidence/pac/ai,TODO,Semantic mutant survived PAC Formal with an interpretable baseline.
B08_MUTANT_PAC_AI_SELECTED,,182,PDFUA-Ref-2-10_Form-M02,corpus\mutants\PDFUA-Ref-2-10_Form-M02.pdf,85550ea9d4a77f73600cbc328ea4c1edf6916e032e2f5c79bf30e97f3db2d478,M02,PDFUA-Ref-2-10_Form,PAC,AI,mutant,PDFUA-Ref-2-10_Form-M02__85550ea9d4a77f73600cbc328ea4c1edf6916e032e2f5c79bf30e97f3db2d478.pdf,evidence/pac/ai,TODO,Semantic mutant survived PAC Formal with an interpretable baseline.
B08_MUTANT_PAC_AI_SELECTED,,183,PDFUA-Ref-2-01_Magazine-danish-M03,corpus\mutants\PDFUA-Ref-2-01_Magazine-danish-M03.pdf,f7b9e14f0320211e69643205e92b5c0719008a512cbb0b572b00d5362d011bfb,M03,PDFUA-Ref-2-01_Magazine-danish,PAC,AI,mutant,PDFUA-Ref-2-01_Magazine-danish-M03__f7b9e14f0320211e69643205e92b5c0719008a512cbb0b572b00d5362d011bfb.pdf,evidence/pac/ai,TODO,One reproducible machine-checkable control selected per operator to compare PAC AI with formal evidence.
B08_MUTANT_PAC_AI_SELECTED,,184,PDFUA-Ref-2-01_Magazine-danish-M04,corpus\mutants\PDFUA-Ref-2-01_Magazine-danish-M04.pdf,eb79fabe18daacdee5408ca7bc5a7968f8113c1721ff80830870d5680a639c82,M04,PDFUA-Ref-2-01_Magazine-danish,PAC,AI,mutant,PDFUA-Ref-2-01_Magazine-danish-M04__eb79fabe18daacdee5408ca7bc5a7968f8113c1721ff80830870d5680a639c82.pdf,evidence/pac/ai,TODO,Semantic mutant survived PAC Formal with an interpretable baseline.
B08_MUTANT_PAC_AI_SELECTED,,185,PDFUA-Ref-2-02_Invoice-M04,corpus\mutants\PDFUA-Ref-2-02_Invoice-M04.pdf,c831396c411f0e67e1fa9eea43cf7e8f741b9f99c69cbdd9f0ce3c17dcab2514,M04,PDFUA-Ref-2-02_Invoice,PAC,AI,mutant,PDFUA-Ref-2-02_Invoice-M04__c831396c411f0e67e1fa9eea43cf7e8f741b9f99c69cbdd9f0ce3c17dcab2514.pdf,evidence/pac/ai,TODO,Semantic mutant survived PAC Formal with an interpretable baseline.
B08_MUTANT_PAC_AI_SELECTED,,186,PDFUA-Ref-2-03_AcademicAbstract-M04,corpus\mutants\PDFUA-Ref-2-03_AcademicAbstract-M04.pdf,aa1b231accabf87602fa064972332501785b16ce8de42ade4ccb57463f5281ec,M04,PDFUA-Ref-2-03_AcademicAbstract,PAC,AI,mutant,PDFUA-Ref-2-03_AcademicAbstract-M04__aa1b231accabf87602fa064972332501785b16ce8de42ade4ccb57463f5281ec.pdf,evidence/pac/ai,TODO,Semantic mutant survived PAC Formal with an interpretable baseline.
B08_MUTANT_PAC_AI_SELECTED,,187,PDFUA-Ref-2-04_Presentation-M04,corpus\mutants\PDFUA-Ref-2-04_Presentation-M04.pdf,d54e7cdfa78b6be17e9234803de1e88ece27cba0282e244b0f0abfdd992487cd,M04,PDFUA-Ref-2-04_Presentation,PAC,AI,mutant,PDFUA-Ref-2-04_Presentation-M04__d54e7cdfa78b6be17e9234803de1e88ece27cba0282e244b0f0abfdd992487cd.pdf,evidence/pac/ai,TODO,Semantic mutant survived PAC Formal with an interpretable baseline.
B08_MUTANT_PAC_AI_SELECTED,,188,PDFUA-Ref-2-05_BookChapter-german-M04,corpus\mutants\PDFUA-Ref-2-05_BookChapter-german-M04.pdf,668b5c55c85237169484722c15354e8d353179f8b9fc9e96a2a6f83a13c71250,M04,PDFUA-Ref-2-05_BookChapter-german,PAC,AI,mutant,PDFUA-Ref-2-05_BookChapter-german-M04__668b5c55c85237169484722c15354e8d353179f8b9fc9e96a2a6f83a13c71250.pdf,evidence/pac/ai,TODO,Semantic mutant survived PAC Formal with an interpretable baseline.
B08_MUTANT_PAC_AI_SELECTED,,189,PDFUA-Ref-2-06_Brochure-M04,corpus\mutants\PDFUA-Ref-2-06_Brochure-M04.pdf,12c8c27582c8ca949f0f95dc11371ef2a8c3a3a6a72bed7e8b82ff9aa74a049d,M04,PDFUA-Ref-2-06_Brochure,PAC,AI,mutant,PDFUA-Ref-2-06_Brochure-M04__12c8c27582c8ca949f0f95dc11371ef2a8c3a3a6a72bed7e8b82ff9aa74a049d.pdf,evidence/pac/ai,TODO,Semantic mutant survived PAC Formal with an interpretable baseline.
B08_MUTANT_PAC_AI_SELECTED,,190,PDFUA-Ref-2-08_BookChapter-M04,corpus\mutants\PDFUA-Ref-2-08_BookChapter-M04.pdf,20ac005e0fb4cf3812fefd64b496cf14488a56d493e7c7ee5f5045ce9540c1f5,M04,PDFUA-Ref-2-08_BookChapter,PAC,AI,mutant,PDFUA-Ref-2-08_BookChapter-M04__20ac005e0fb4cf3812fefd64b496cf14488a56d493e7c7ee5f5045ce9540c1f5.pdf,evidence/pac/ai,TODO,Semantic mutant survived PAC Formal with an interpretable baseline.
B08_MUTANT_PAC_AI_SELECTED,,191,PDFUA-Ref-2-01_Magazine-danish-M05,corpus\mutants\PDFUA-Ref-2-01_Magazine-danish-M05.pdf,5b5f3a85909983e4b44ba0babf92c7e9704757387a94804ef792ca3d3918bb6f,M05,PDFUA-Ref-2-01_Magazine-danish,PAC,AI,mutant,PDFUA-Ref-2-01_Magazine-danish-M05__5b5f3a85909983e4b44ba0babf92c7e9704757387a94804ef792ca3d3918bb6f.pdf,evidence/pac/ai,TODO,Semantic mutant survived PAC Formal with an interpretable baseline.
B08_MUTANT_PAC_AI_SELECTED,,192,PDFUA-Ref-2-03_AcademicAbstract-M05,corpus\mutants\PDFUA-Ref-2-03_AcademicAbstract-M05.pdf,ee82308195b4488f8c6e01bc8e4ba469df760c122c766ff84fc3425302d6f528,M05,PDFUA-Ref-2-03_AcademicAbstract,PAC,AI,mutant,PDFUA-Ref-2-03_AcademicAbstract-M05__ee82308195b4488f8c6e01bc8e4ba469df760c122c766ff84fc3425302d6f528.pdf,evidence/pac/ai,TODO,Semantic mutant survived PAC Formal with an interpretable baseline.
B08_MUTANT_PAC_AI_SELECTED,,193,PDFUA-Ref-2-04_Presentation-M05,corpus\mutants\PDFUA-Ref-2-04_Presentation-M05.pdf,5d72a6c172200b5c5bf50850d45e535a9ed8454edfec1b2714a6c72159995d5c,M05,PDFUA-Ref-2-04_Presentation,PAC,AI,mutant,PDFUA-Ref-2-04_Presentation-M05__5d72a6c172200b5c5bf50850d45e535a9ed8454edfec1b2714a6c72159995d5c.pdf,evidence/pac/ai,TODO,Semantic mutant survived PAC Formal with an interpretable baseline.
B08_MUTANT_PAC_AI_SELECTED,,194,PDFUA-Ref-2-05_BookChapter-german-M05,corpus\mutants\PDFUA-Ref-2-05_BookChapter-german-M05.pdf,b7a688694201ed24e8dda1fcf6290c752e42d1ab1d074fc0c8f9d29c0dcad216,M05,PDFUA-Ref-2-05_BookChapter-german,PAC,AI,mutant,PDFUA-Ref-2-05_BookChapter-german-M05__b7a688694201ed24e8dda1fcf6290c752e42d1ab1d074fc0c8f9d29c0dcad216.pdf,evidence/pac/ai,TODO,Semantic mutant survived PAC Formal with an interpretable baseline.
B08_MUTANT_PAC_AI_SELECTED,,195,PDFUA-Ref-2-06_Brochure-M05,corpus\mutants\PDFUA-Ref-2-06_Brochure-M05.pdf,692c7fddc91d6d6899dc1f9e820e2851a6cbeaa9694f0841b53445b15b8e3012,M05,PDFUA-Ref-2-06_Brochure,PAC,AI,mutant,PDFUA-Ref-2-06_Brochure-M05__692c7fddc91d6d6899dc1f9e820e2851a6cbeaa9694f0841b53445b15b8e3012.pdf,evidence/pac/ai,TODO,Semantic mutant survived PAC Formal with an interpretable baseline.
B08_MUTANT_PAC_AI_SELECTED,,196,PDFUA-Ref-2-08_BookChapter-M05,corpus\mutants\PDFUA-Ref-2-08_BookChapter-M05.pdf,db8fd0be417f0b011ca55e313d0bc1bbe4421aec1d8bb27584fa99a9c5d1f7d3,M05,PDFUA-Ref-2-08_BookChapter,PAC,AI,mutant,PDFUA-Ref-2-08_BookChapter-M05__db8fd0be417f0b011ca55e313d0bc1bbe4421aec1d8bb27584fa99a9c5d1f7d3.pdf,evidence/pac/ai,TODO,Semantic mutant survived PAC Formal with an interpretable baseline.
B08_MUTANT_PAC_AI_SELECTED,,197,PDFUA-Ref-2-01_Magazine-danish-M06,corpus\mutants\PDFUA-Ref-2-01_Magazine-danish-M06.pdf,4774ad31d5381502e81bc0e30ee6a92559c51bf4bd3772adcc50b3ca1d671d81,M06,PDFUA-Ref-2-01_Magazine-danish,PAC,AI,mutant,PDFUA-Ref-2-01_Magazine-danish-M06__4774ad31d5381502e81bc0e30ee6a92559c51bf4bd3772adcc50b3ca1d671d81.pdf,evidence/pac/ai,TODO,One reproducible machine-checkable control selected per operator to compare PAC AI with formal evidence.
B08_MUTANT_PAC_AI_SELECTED,,198,PDFUA-Ref-2-01_Magazine-danish-M07,corpus\mutants\PDFUA-Ref-2-01_Magazine-danish-M07.pdf,a45021dfa3ce09f803eac101d0d5bffcd1326662a9a71c028bbd51cbe01a595f,M07,PDFUA-Ref-2-01_Magazine-danish,PAC,AI,mutant,PDFUA-Ref-2-01_Magazine-danish-M07__a45021dfa3ce09f803eac101d0d5bffcd1326662a9a71c028bbd51cbe01a595f.pdf,evidence/pac/ai,TODO,One reproducible machine-checkable control selected per operator to compare PAC AI with formal evidence.
B08_MUTANT_PAC_AI_SELECTED,,199,PDFUA-Ref-2-01_Magazine-danish-M08,corpus\mutants\PDFUA-Ref-2-01_Magazine-danish-M08.pdf,798d1807493ecbed375ba1a175bb6d19f6d51dfe508c6df88df7ec3f8e1d6061,M08,PDFUA-Ref-2-01_Magazine-danish,PAC,AI,mutant,PDFUA-Ref-2-01_Magazine-danish-M08__798d1807493ecbed375ba1a175bb6d19f6d51dfe508c6df88df7ec3f8e1d6061.pdf,evidence/pac/ai,TODO,One reproducible machine-checkable control selected per operator to compare PAC AI with formal evidence.
B08_MUTANT_PAC_AI_SELECTED,,200,PDFUA-Ref-2-01_Magazine-danish-M09,corpus\mutants\PDFUA-Ref-2-01_Magazine-danish-M09.pdf,3ef299495b93ea1d1fd50ba38ec265412abb6e1d7e147918d50ec9afcc36662b,M09,PDFUA-Ref-2-01_Magazine-danish,PAC,AI,mutant,PDFUA-Ref-2-01_Magazine-danish-M09__3ef299495b93ea1d1fd50ba38ec265412abb6e1d7e147918d50ec9afcc36662b.pdf,evidence/pac/ai,TODO,One reproducible machine-checkable control selected per operator to compare PAC AI with formal evidence.
B08_MUTANT_PAC_AI_SELECTED,,201,PDFUA-Ref-2-02_Invoice-M10,corpus\mutants\PDFUA-Ref-2-02_Invoice-M10.pdf,a4e6177f2fba056f3364f7ac88c2907effa97ee177584a1c46c4aeeca5f31c48,M10,PDFUA-Ref-2-02_Invoice,PAC,AI,mutant,PDFUA-Ref-2-02_Invoice-M10__a4e6177f2fba056f3364f7ac88c2907effa97ee177584a1c46c4aeeca5f31c48.pdf,evidence/pac/ai,TODO,One reproducible machine-checkable control selected per operator to compare PAC AI with formal evidence.
B09_AT_REPRESENTATIVE,,202,PDFUA-Ref-2-02_Invoice-M01,corpus\mutants\PDFUA-Ref-2-02_Invoice-M01.pdf,3ceee5c96667c0fab812443c3d82abdb1bfefa908c3a3d037276ec3153c3d199,M01,PDFUA-Ref-2-02_Invoice,NVDA,Representative comparison,mutant,PDFUA-Ref-2-02_Invoice-M01__3ceee5c96667c0fab812443c3d82abdb1bfefa908c3a3d037276ec3153c3d199.txt,evidence/at/nvda,COMPLETE,Active M01 candidate with a stable tagged sequence for reading-order comparison.
B09_AT_REPRESENTATIVE,,203,PDFUA-Ref-2-02_Invoice-M02,corpus\mutants\PDFUA-Ref-2-02_Invoice-M02.pdf,462607fdecfb53a1cfdf57d060f6f2ef467370ae7d39213b258398a1777120fd,M02,PDFUA-Ref-2-02_Invoice,NVDA,Representative comparison,mutant,PDFUA-Ref-2-02_Invoice-M02__462607fdecfb53a1cfdf57d060f6f2ef467370ae7d39213b258398a1777120fd.txt,evidence/at/nvda,COMPLETE,One-page invoice makes omission of the selected subtree easy to verify.
B09_AT_REPRESENTATIVE,,204,PDFUA-Ref-2-02_Invoice-M03,corpus\mutants\PDFUA-Ref-2-02_Invoice-M03.pdf,7887ebfcc438c907ca1981ad33769f3ebee0831b86c8f18ba672a682e45e0323,M03,PDFUA-Ref-2-02_Invoice,NVDA,Representative comparison,mutant,PDFUA-Ref-2-02_Invoice-M03__7887ebfcc438c907ca1981ad33769f3ebee0831b86c8f18ba672a682e45e0323.txt,evidence/at/nvda,COMPLETE,Small heading-level mutation with a clear heading-navigation effect.
B09_AT_REPRESENTATIVE,,205,PDFUA-Ref-2-02_Invoice-M04,corpus\mutants\PDFUA-Ref-2-02_Invoice-M04.pdf,c831396c411f0e67e1fa9eea43cf7e8f741b9f99c69cbdd9f0ce3c17dcab2514,M04,PDFUA-Ref-2-02_Invoice,NVDA,Representative comparison,mutant,PDFUA-Ref-2-02_Invoice-M04__c831396c411f0e67e1fa9eea43cf7e8f741b9f99c69cbdd9f0ce3c17dcab2514.txt,evidence/at/nvda,COMPLETE,Simple same-role leaf pair isolates association exchange without containment changes.
B09_AT_REPRESENTATIVE,,206,PDFUA-Ref-2-03_AcademicAbstract-M05,corpus\mutants\PDFUA-Ref-2-03_AcademicAbstract-M05.pdf,ee82308195b4488f8c6e01bc8e4ba469df760c122c766ff84fc3425302d6f528,M05,PDFUA-Ref-2-03_AcademicAbstract,NVDA,Representative comparison,mutant,PDFUA-Ref-2-03_AcademicAbstract-M05__ee82308195b4488f8c6e01bc8e4ba469df760c122c766ff84fc3425302d6f528.txt,evidence/at/nvda,COMPLETE,"Two-page abstract provides a short, readable internal content sequence."
B09_AT_REPRESENTATIVE,,207,PDFUA-Ref-2-03_AcademicAbstract-M06,corpus\mutants\PDFUA-Ref-2-03_AcademicAbstract-M06.pdf,ca37553b2d45198cd26b168a6c9eb41f248cd4f9179118b991fc47917a443afb,M06,PDFUA-Ref-2-03_AcademicAbstract,NVDA,Representative comparison,mutant,PDFUA-Ref-2-03_AcademicAbstract-M06__ca37553b2d45198cd26b168a6c9eb41f248cd4f9179118b991fc47917a443afb.txt,evidence/at/nvda,COMPLETE,Short document with a duplicated list-item traversal effect.
B09_AT_REPRESENTATIVE,,208,PDFUA-Ref-2-02_Invoice-M07,corpus\mutants\PDFUA-Ref-2-02_Invoice-M07.pdf,14e04ae7cadc509f5b6479aff17be9cf6d79e68524801d8aa9a27e49ea348506,M07,PDFUA-Ref-2-02_Invoice,NVDA,Representative comparison,mutant,PDFUA-Ref-2-02_Invoice-M07__14e04ae7cadc509f5b6479aff17be9cf6d79e68524801d8aa9a27e49ea348506.txt,evidence/at/nvda,COMPLETE,One-page invoice has a concrete figure whose alternate text can be compared.
B09_AT_REPRESENTATIVE,,209,PDFUA-Ref-2-10_Form-M08,corpus\mutants\PDFUA-Ref-2-10_Form-M08.pdf,53befb723e3cca79d246644678be0a3a09dae65ff4e514fc56d3fa404cd4ff8a,M08,PDFUA-Ref-2-10_Form,NVDA,Representative comparison,mutant,PDFUA-Ref-2-10_Form-M08__53befb723e3cca79d246644678be0a3a09dae65ff4e514fc56d3fa404cd4ff8a.txt,evidence/at/nvda,COMPLETE,One-page form makes the document-language metadata effect easy to isolate.
B09_AT_REPRESENTATIVE,,210,PDFUA-Ref-2-02_Invoice-M10,corpus\mutants\PDFUA-Ref-2-02_Invoice-M10.pdf,a4e6177f2fba056f3364f7ac88c2907effa97ee177584a1c46c4aeeca5f31c48,M10,PDFUA-Ref-2-02_Invoice,NVDA,Representative comparison,mutant,PDFUA-Ref-2-02_Invoice-M10__a4e6177f2fba056f3364f7ac88c2907effa97ee177584a1c46c4aeeca5f31c48.txt,evidence/at/nvda,COMPLETE,Small table-role mutation permits direct table navigation comparison.
