record_id,artifact_id,source_golden,mutant_id,operator,at_name,at_version,viewer,viewer_version,os_version,procedure,expected_golden_behavior,expected_mutant_behavior,exact_at_observation,golden_observation,mutant_observation,observation,evidence_path,golden_sha256,mutant_sha256,status,coder_1,coder_2,agree,adjudication,notes,raw_log_path,raw_log_sha256,raw_log_interval,screenshot_path
AT::PDFUA-Ref-2-02_Invoice-M01,PDFUA-Ref-2-02_Invoice-M01,PDFUA-Ref-2-02_Invoice,PDFUA-Ref-2-02_Invoice-M01,M01,NVDA,2026.2.0.57664,Adobe Acrobat,26.2.21931.0,"Windows 10 Home 25H2, build 26200.9457",Compare the first two targeted content units during a line-by-line reading pass.,NVDA reads the tagged content in the baseline structural order.,The first two selected structural children are announced in the opposite order.,Clean paired rerun: golden announced the logo first; mutant announced John Q. Doe and the address block before the logo.,"page 1; graphic; Logo of Kraxi Systems, Inc.; Paper Planes; 17, Aviation Road Paperfield Phone 7079 4301 Fax 7079 4302 info@kraxi.com www.kraxi.com; graphic; Photo of sales rep.",The clean paired rerun announced John Q. Doe and the address block before the logo.,"The clean matched rerun reproduced the M01 reading-order mutation. This is an assistive-technology observation, not a validator detection rate.",evidence/at/nvda/PDFUA-Ref-2-02_Invoice-M01.txt,fbae08464f192f532205833215505b78266e86df6283d9b0c439cb06927ce0b9,3ceee5c96667c0fab812443c3d82abdb1bfefa908c3a3d037276ec3153c3d199,COMPLETE,Codex/NVDA,,,,Fresh paired rerun captured with separate clean Speech Viewer screenshots; historical instability evidence is retained separately. Not a validator detection rate.,evidence/at/nvda/nvda-session.log,cd91230be795aba7708c6671f3bc43ca93d57bc9cfcb305c9a27a4a6c523ecf5,fresh paired Speech Viewer screenshots; historical session lines retained for prior instability context,evidence/at/nvda/PDFUA-Ref-2-02_Invoice-M01__rerun-mutant.png
AT::PDFUA-Ref-2-02_Invoice-M02,PDFUA-Ref-2-02_Invoice-M02,PDFUA-Ref-2-02_Invoice,PDFUA-Ref-2-02_Invoice-M02,M02,NVDA,2026.2.0.57664,Adobe Acrobat,26.2.21931.0,"Windows 10 Home 25H2, build 26200.9457",Record whether the selected invoice text is encountered during tagged reading.,The complete tagged invoice content is reachable.,The selected tagged subtree is absent from structural traversal.,Record whether the selected invoice text is encountered during tagged reading.,"page 1; graphic; Logo of Kraxi Systems, Inc.; Paper Planes; address block; graphic; Photo of sales rep.; heading level 1 INVOICE 2020-10.","document 1/1 corpus/mutants/PDFUA-Ref-2-02_Invoice-M02.pdf, 1 pages; blank.",The mutant document was reached but its tagged invoice subtree produced no tagged content announcement. This is not a validator detection rate.,evidence/at/nvda/PDFUA-Ref-2-02_Invoice-M02.txt,fbae08464f192f532205833215505b78266e86df6283d9b0c439cb06927ce0b9,462607fdecfb53a1cfdf57d060f6f2ef467370ae7d39213b258398a1777120fd,COMPLETE,Codex/NVDA,,,,,evidence/at/nvda/nvda-session.log,cd91230be795aba7708c6671f3bc43ca93d57bc9cfcb305c9a27a4a6c523ecf5,mutant lines 11232-11239,
AT::PDFUA-Ref-2-02_Invoice-M03,PDFUA-Ref-2-02_Invoice-M03,PDFUA-Ref-2-02_Invoice,PDFUA-Ref-2-02_Invoice-M03,M03,NVDA,2026.2.0.57664,Adobe Acrobat,26.2.21931.0,"Windows 10 Home 25H2, build 26200.9457",Record the heading level announced or shown by the viewer's heading navigation.,Heading navigation exposes the baseline heading level.,The selected heading is exposed at the changed/skipped level.,Record the heading level announced or shown by the viewer's heading navigation.,heading; level 1; INVOICE 2020-10.,heading; level 3; INVOICE 2020-10.,NVDA exposed the changed heading level as level 3. This is an assistive-representation observation; formal validator results remain separate.,evidence/at/nvda/PDFUA-Ref-2-02_Invoice-M03.txt,fbae08464f192f532205833215505b78266e86df6283d9b0c439cb06927ce0b9,7887ebfcc438c907ca1981ad33769f3ebee0831b86c8f18ba672a682e45e0323,COMPLETE,Codex/NVDA,,,,,evidence/at/nvda/nvda-session.log,cd91230be795aba7708c6671f3bc43ca93d57bc9cfcb305c9a27a4a6c523ecf5,mutant lines 11615-11623,
AT::PDFUA-Ref-2-02_Invoice-M04,PDFUA-Ref-2-02_Invoice-M04,PDFUA-Ref-2-02_Invoice,PDFUA-Ref-2-02_Invoice-M04,M04,NVDA,2026.2.0.57664,Adobe Acrobat,26.2.21931.0,"Windows 10 Home 25H2, build 26200.9457",Record the text heard for each of the two targeted positions.,Each structural position exposes its own associated text.,The two structural positions expose the sibling text associations exchanged by the mutation.,Record the text heard for each of the two targeted positions.,table with 9 rows and 5 columns; List of purchased articles; row 1; column 1; ITEM; column 2; DESCRIPTION.,table with 9 rows and 5 columns; List of purchased articles; row 1; column 1; DESCRIPTION; column 2; ITEM.,The first two targeted marked-content associations were heard in exchanged positions. This is the current local M04 artifact and is not historical G02-M04.,evidence/at/nvda/PDFUA-Ref-2-02_Invoice-M04.txt,fbae08464f192f532205833215505b78266e86df6283d9b0c439cb06927ce0b9,c831396c411f0e67e1fa9eea43cf7e8f741b9f99c69cbdd9f0ce3c17dcab2514,COMPLETE,Codex/NVDA,,,,Current local M04 artifact; do not relabel as the permanently excluded historical G02-M04 case.,evidence/at/nvda/nvda-session.log,cd91230be795aba7708c6671f3bc43ca93d57bc9cfcb305c9a27a4a6c523ecf5,mutant lines 12885-12912,
AT::PDFUA-Ref-2-03_AcademicAbstract-M05,PDFUA-Ref-2-03_AcademicAbstract-M05,PDFUA-Ref-2-03_AcademicAbstract,PDFUA-Ref-2-03_AcademicAbstract-M05,M05,NVDA,2026.2.0.57664,Adobe Acrobat,26.2.21931.0,"Windows 10 Home 25H2, build 26200.9457",Record the order of the two targeted text chunks in continuous reading.,The selected paragraph content is read in its baseline chunk order.,The selected content chunks are exposed in reverse order.,Record the order of the two targeted text chunks in continuous reading.,link; https: //doi.org/10.1145/3342558.3351873.,link; //doi.org/10.1145/3342558.3351873 https:.,The two marked-content chunks in the link were announced in reverse order.,evidence/at/nvda/PDFUA-Ref-2-03_AcademicAbstract-M05.txt,e61257d371261867926eb006f8895569a95fcfbcb93fca3be04b8b9187cb93a0,ee82308195b4488f8c6e01bc8e4ba469df760c122c766ff84fc3425302d6f528,COMPLETE,Codex/NVDA,,,,,evidence/at/nvda/nvda-session.log,cd91230be795aba7708c6671f3bc43ca93d57bc9cfcb305c9a27a4a6c523ecf5,mutant lines 13878-13931,
AT::PDFUA-Ref-2-03_AcademicAbstract-M06,PDFUA-Ref-2-03_AcademicAbstract-M06,PDFUA-Ref-2-03_AcademicAbstract,PDFUA-Ref-2-03_AcademicAbstract-M06,M06,NVDA,2026.2.0.57664,Adobe Acrobat,26.2.21931.0,"Windows 10 Home 25H2, build 26200.9457",Record the number and order of announcements for the targeted list item.,List navigation announces each list item once.,The targeted list item is encountered twice in structural traversal.,Record the number and order of announcements for the targeted list item.,list; with 1 item; bullet; Applied computing → Publishing; Document preparation; out of list.,list; with 2 items; bullet; Applied computing → Publishing; Document preparation; bullet; Applied computing → Publishing; Document preparation; out of list.,The targeted list item was encountered twice in structural traversal.,evidence/at/nvda/PDFUA-Ref-2-03_AcademicAbstract-M06.txt,e61257d371261867926eb006f8895569a95fcfbcb93fca3be04b8b9187cb93a0,ca37553b2d45198cd26b168a6c9eb41f248cd4f9179118b991fc47917a443afb,COMPLETE,Codex/NVDA,,,,,evidence/at/nvda/nvda-session.log,cd91230be795aba7708c6671f3bc43ca93d57bc9cfcb305c9a27a4a6c523ecf5,mutant lines 14396-14400 and 14989-15027,
AT::PDFUA-Ref-2-02_Invoice-M07,PDFUA-Ref-2-02_Invoice-M07,PDFUA-Ref-2-02_Invoice,PDFUA-Ref-2-02_Invoice-M07,M07,NVDA,2026.2.0.57664,Adobe Acrobat,26.2.21931.0,"Windows 10 Home 25H2, build 26200.9457",Record the figure announcement and whether its description is spoken.,NVDA exposes the figure's alternate description.,The figure has no mutation-supplied alternate description.,Record the figure announcement and whether its description is spoken.,"graphic; page 1; Logo of Kraxi Systems, Inc.; Paper Planes.","graphic; page 1; Kraxi Systems, Inc.Paper Planes.",The mutation removed the figure description as a separate announced alternate-description string; the mutant announcement concatenated the remaining figure text.,evidence/at/nvda/PDFUA-Ref-2-02_Invoice-M07.txt,fbae08464f192f532205833215505b78266e86df6283d9b0c439cb06927ce0b9,14e04ae7cadc509f5b6479aff17be9cf6d79e68524801d8aa9a27e49ea348506,COMPLETE,Codex/NVDA,,,,,evidence/at/nvda/nvda-session.log,cd91230be795aba7708c6671f3bc43ca93d57bc9cfcb305c9a27a4a6c523ecf5,mutant lines 13220-13229,
AT::PDFUA-Ref-2-10_Form-M08,PDFUA-Ref-2-10_Form-M08,PDFUA-Ref-2-10_Form,PDFUA-Ref-2-10_Form-M08,M08,NVDA,2026.2.0.57664,Adobe Acrobat,26.2.21931.0,"Windows 10 Home 25H2, build 26200.9457",Record the document language shown/used by the viewer and any speech-language change.,The viewer/AT uses the document's declared language where supported.,The document-level language declaration is absent.,Record the document language shown/used by the viewer and any speech-language change.,German (not supported); language change de_DE; PDF/UA form example; heading level 1 From content.,German (not supported); language change de_DE; PDF/UA form example; heading level 1 From content.,"No difference was observed in this NVDA/Acrobat configuration after removing the catalog language declaration. This is an AT observation, not a validator detection rate.",evidence/at/nvda/PDFUA-Ref-2-10_Form-M08.txt,06d5cacd7c5ba9573a57c6d99d3f357ee14a24cff0c138036840fc44c6311806,53befb723e3cca79d246644678be0a3a09dae65ff4e514fc56d3fa404cd4ff8a,COMPLETE,Codex/NVDA,,,,,evidence/at/nvda/nvda-session.log,cd91230be795aba7708c6671f3bc43ca93d57bc9cfcb305c9a27a4a6c523ecf5,golden lines 16360-16369; mutant lines 15617-15647,evidence/at/nvda/PDFUA-Ref-2-10_Form__06d5cacd7c5ba9573a57c6d99d3f357ee14a24cff0c138036840fc44c6311806.png
AT::PDFUA-Ref-2-02_Invoice-M10,PDFUA-Ref-2-02_Invoice-M10,PDFUA-Ref-2-02_Invoice,PDFUA-Ref-2-02_Invoice-M10,M10,NVDA,2026.2.0.57664,Adobe Acrobat,26.2.21931.0,"Windows 10 Home 25H2, build 26200.9457",Record how the targeted cell is announced during table navigation.,Table navigation identifies the targeted cell with its table-cell semantics.,The targeted child no longer has the baseline cell role.,Record how the targeted cell is announced during table navigation.,table with 9 rows and 5 columns; List of purchased articles; row 1; column 1; ITEM; column 2; DESCRIPTION.,table with 9 rows and 5 columns; List of purchased articles; ITEM; row 1; column 1; DESCRIPTION; column 2; QUANTITY.,The targeted first header cell lost the baseline table-cell/header-position announcement.,evidence/at/nvda/PDFUA-Ref-2-02_Invoice-M10.txt,fbae08464f192f532205833215505b78266e86df6283d9b0c439cb06927ce0b9,a4e6177f2fba056f3364f7ac88c2907effa97ee177584a1c46c4aeeca5f31c48,COMPLETE,Codex/NVDA,,,,,evidence/at/nvda/nvda-session.log,cd91230be795aba7708c6671f3bc43ca93d57bc9cfcb305c9a27a4a6c523ecf5,mutant lines 13525-13556,
