artifact_id,source_golden,mutant_id,operator,selected_golden,reason,expected_golden_behavior,expected_mutant_behavior,exact_at_observation,status
PDFUA-Ref-2-02_Invoice-M01,PDFUA-Ref-2-02_Invoice,PDFUA-Ref-2-02_Invoice-M01,M01,PDFUA-Ref-2-02_Invoice.pdf,Active M01 candidate with a stable tagged sequence for reading-order comparison.,NVDA reads the tagged content in the baseline structural order.,The first two selected structural children are announced in the opposite order.,Clean paired rerun: golden announced the logo first; mutant announced John Q. Doe and the address block before the logo.,COMPLETE
PDFUA-Ref-2-02_Invoice-M02,PDFUA-Ref-2-02_Invoice,PDFUA-Ref-2-02_Invoice-M02,M02,PDFUA-Ref-2-02_Invoice.pdf,One-page invoice makes omission of the selected subtree easy to verify.,The complete tagged invoice content is reachable.,The selected tagged subtree is absent from structural traversal.,Record whether the selected invoice text is encountered during tagged reading.,COMPLETE
PDFUA-Ref-2-02_Invoice-M03,PDFUA-Ref-2-02_Invoice,PDFUA-Ref-2-02_Invoice-M03,M03,PDFUA-Ref-2-02_Invoice.pdf,Small heading-level mutation with a clear heading-navigation effect.,Heading navigation exposes the baseline heading level.,The selected heading is exposed at the changed/skipped level.,Record the heading level announced or shown by the viewer's heading navigation.,COMPLETE
PDFUA-Ref-2-02_Invoice-M04,PDFUA-Ref-2-02_Invoice,PDFUA-Ref-2-02_Invoice-M04,M04,PDFUA-Ref-2-02_Invoice.pdf,Simple same-role leaf pair isolates association exchange without containment changes.,Each structural position exposes its own associated text.,The two structural positions expose the sibling text associations exchanged by the mutation.,Record the text heard for each of the two targeted positions.,COMPLETE
PDFUA-Ref-2-03_AcademicAbstract-M05,PDFUA-Ref-2-03_AcademicAbstract,PDFUA-Ref-2-03_AcademicAbstract-M05,M05,PDFUA-Ref-2-03_AcademicAbstract.pdf,"Two-page abstract provides a short, readable internal content sequence.",The selected paragraph content is read in its baseline chunk order.,The selected content chunks are exposed in reverse order.,Record the order of the two targeted text chunks in continuous reading.,COMPLETE
PDFUA-Ref-2-03_AcademicAbstract-M06,PDFUA-Ref-2-03_AcademicAbstract,PDFUA-Ref-2-03_AcademicAbstract-M06,M06,PDFUA-Ref-2-03_AcademicAbstract.pdf,Short document with a duplicated list-item traversal effect.,List navigation announces each list item once.,The targeted list item is encountered twice in structural traversal.,Record the number and order of announcements for the targeted list item.,COMPLETE
PDFUA-Ref-2-02_Invoice-M07,PDFUA-Ref-2-02_Invoice,PDFUA-Ref-2-02_Invoice-M07,M07,PDFUA-Ref-2-02_Invoice.pdf,One-page invoice has a concrete figure whose alternate text can be compared.,NVDA exposes the figure's alternate description.,The figure has no mutation-supplied alternate description.,Record the figure announcement and whether its description is spoken.,COMPLETE
PDFUA-Ref-2-10_Form-M08,PDFUA-Ref-2-10_Form,PDFUA-Ref-2-10_Form-M08,M08,PDFUA-Ref-2-10_Form.pdf,One-page form makes the document-language metadata effect easy to isolate.,The viewer/AT uses the document's declared language where supported.,The document-level language declaration is absent.,Record the document language shown/used by the viewer and any speech-language change.,COMPLETE
PDFUA-Ref-2-02_Invoice-M10,PDFUA-Ref-2-02_Invoice,PDFUA-Ref-2-02_Invoice-M10,M10,PDFUA-Ref-2-02_Invoice.pdf,Small table-role mutation permits direct table navigation comparison.,Table navigation identifies the targeted cell with its table-cell semantics.,The targeted child no longer has the baseline cell role.,Record how the targeted cell is announced during table navigation.,COMPLETE
