artifact_id,local_filename,source,suite_identifier,official_filename,sha256,license,acquisition_provenance,source_url,provenance_status,page_count,baseline_status
PDFUA-Ref-2-01_Magazine-danish,PDFUA-Ref-2-01_Magazine-danish.pdf,PDF/UA-1 Reference Suite,https://pdfa.org/resource/pdfua-reference-suite/,PDFUA-Ref-2-01_Magazine-danish.pdf,aef89af13c9c94fc4f4e1a8c5872450cc4c8fff7de544d8ada6a0912425aa434,CC BY 4.0,User confirms the local file was taken from the PDF/UA Reference Suite; historical download path is not retained.,https://www.newformat.se/documents/pdfa-org/pdfua-ref-docs/pdfua-ref-docs-iso-14289-1-v1-1/PDFUA-Ref-2-01_Magazine-danish.pdf,MAPPED_LOCAL_FILENAME_AND_SUITE_ITEM,32,BASELINE_EVIDENCE_PRESENT
PDFUA-Ref-2-02_Invoice,PDFUA-Ref-2-02_Invoice.pdf,PDF/UA-1 Reference Suite,https://pdfa.org/resource/pdfua-reference-suite/,PDFUA-Ref-2-02_Invoice.pdf,fbae08464f192f532205833215505b78266e86df6283d9b0c439cb06927ce0b9,CC BY 4.0,User confirms the local file was taken from the PDF/UA Reference Suite; historical download path is not retained.,https://www.newformat.se/documents/pdfa-org/pdfua-ref-docs/pdfua-ref-docs-iso-14289-1-v1-1/PDFUA-Ref-2-02_Invoice.pdf,MAPPED_LOCAL_FILENAME_AND_SUITE_ITEM,1,BASELINE_EVIDENCE_PRESENT
PDFUA-Ref-2-03_AcademicAbstract,PDFUA-Ref-2-03_AcademicAbstract.pdf,PDF/UA-1 Reference Suite,https://pdfa.org/resource/pdfua-reference-suite/,PDFUA-Ref-2-03_AcademicAbstract.pdf,e61257d371261867926eb006f8895569a95fcfbcb93fca3be04b8b9187cb93a0,CC BY 4.0,User confirms the local file was taken from the PDF/UA Reference Suite; historical download path is not retained.,https://www.newformat.se/documents/pdfa-org/pdfua-ref-docs/pdfua-ref-docs-iso-14289-1-v1-1/PDFUA-Ref-2-03_AcademicAbstract.pdf,MAPPED_LOCAL_FILENAME_AND_SUITE_ITEM,2,BASELINE_EVIDENCE_PRESENT
PDFUA-Ref-2-04_Presentation,PDFUA-Ref-2-04_Presentation.pdf,PDF/UA-1 Reference Suite,https://pdfa.org/resource/pdfua-reference-suite/,PDFUA-Ref-2-04_Presentation.pdf,90acb829ca8bfa037796592539d15010e9099d1cd2622aac1fce7d9fd3ae7575,CC BY 4.0,User confirms the local file was taken from the PDF/UA Reference Suite; historical download path is not retained.,https://www.newformat.se/documents/pdfa-org/pdfua-ref-docs/pdfua-ref-docs-iso-14289-1-v1-1/PDFUA-Ref-2-04_Presentation.pdf,MAPPED_LOCAL_FILENAME_AND_SUITE_ITEM,8,BASELINE_EVIDENCE_PRESENT
PDFUA-Ref-2-05_BookChapter-german,PDFUA-Ref-2-05_BookChapter-german.pdf,PDF/UA-1 Reference Suite,https://pdfa.org/resource/pdfua-reference-suite/,PDFUA-Ref-2-05_BookChapter-german.pdf,fc525b8899da31779b6143c16053779cd560d4417018a901472de33c71252352,CC BY 4.0,User confirms the local file was taken from the PDF/UA Reference Suite; historical download path is not retained.,https://www.newformat.se/documents/pdfa-org/pdfua-ref-docs/pdfua-ref-docs-iso-14289-1-v1-1/PDFUA-Ref-2-05_BookChapter-german.pdf,MAPPED_LOCAL_FILENAME_AND_SUITE_ITEM,21,BASELINE_EVIDENCE_PRESENT_WITH_DOCUMENTED_DELTA
PDFUA-Ref-2-06_Brochure,PDFUA-Ref-2-06_Brochure.pdf,PDF/UA-1 Reference Suite,https://pdfa.org/resource/pdfua-reference-suite/,PDFUA-Ref-2-06_Brochure.pdf,aefd5ab48a908b9996ffadcb14d8ff31a2c653657cbe011a46f4cf61396a589e,CC BY 4.0,User confirms the local file was taken from the PDF/UA Reference Suite; historical download path is not retained.,https://www.newformat.se/documents/pdfa-org/pdfua-ref-docs/pdfua-ref-docs-iso-14289-1-v1-1/PDFUA-Ref-2-06_Brochure.pdf,MAPPED_LOCAL_FILENAME_AND_SUITE_ITEM,2,BASELINE_EVIDENCE_PRESENT
PDFUA-Ref-2-08_BookChapter,PDFUA-Ref-2-08_BookChapter.pdf,PDF/UA-1 Reference Suite,https://pdfa.org/resource/pdfua-reference-suite/,PDFUA-Ref-2-08_BookChapter.pdf,2b958600daec79373736f413f2712fcd9c604de2c352cbc1ec9d67cc5d7932f1,CC BY 4.0,User confirms the local file was taken from the PDF/UA Reference Suite; historical download path is not retained.,https://www.newformat.se/documents/pdfa-org/pdfua-ref-docs/pdfua-ref-docs-iso-14289-1-v1-1/PDFUA-Ref-2-08_BookChapter.pdf,MAPPED_LOCAL_FILENAME_AND_SUITE_ITEM,32,BASELINE_EVIDENCE_PRESENT
PDFUA-Ref-2-09_Scanned,PDFUA-Ref-2-09_Scanned.pdf,PDF/UA-1 Reference Suite,https://pdfa.org/resource/pdfua-reference-suite/,PDFUA-Ref-2-09_Scanned.pdf,bb46d5c723fe1427dd1bf92ccd8653f9a5cef4054f7d878168b99477fa3792ae,CC BY 4.0,User confirms the local file was taken from the PDF/UA Reference Suite; historical download path is not retained.,https://www.newformat.se/documents/pdfa-org/pdfua-ref-docs/pdfua-ref-docs-iso-14289-1-v1-1/PDFUA-Ref-2-09_Scanned.pdf,MAPPED_LOCAL_FILENAME_AND_SUITE_ITEM,82,BASELINE_EVIDENCE_PRESENT_WITH_TOOL_CONFLICT
PDFUA-Ref-2-10_Form,PDFUA-Ref-2-10_Form.pdf,PDF/UA-1 Reference Suite,https://pdfa.org/resource/pdfua-reference-suite/,PDFUA-Ref-2-10_Form.pdf,06d5cacd7c5ba9573a57c6d99d3f357ee14a24cff0c138036840fc44c6311806,CC BY 4.0,User confirms the local file was taken from the PDF/UA Reference Suite; historical download path is not retained.,https://www.newformat.se/documents/pdfa-org/pdfua-ref-docs/pdfua-ref-docs-iso-14289-1-v1-1/PDFUA-Ref-2-10_Form.pdf,MAPPED_LOCAL_FILENAME_AND_SUITE_ITEM,1,BASELINE_EVIDENCE_PRESENT
