control_id,control_type,source_pdf,output_pdf,expected_result,artifact_status,pac_failed_rules,pac_warned_rules,acrobat_failed_rules,acrobat_manual_rules,verapdf_failed_rules,new_target_relevant_finding,baseline_findings_persisted,evidence_paths,notes
G01-NOOP,no-op,corpus/golden/PDFUA-Ref-2-01_Magazine-danish.pdf,corpus\controls\G01-NOOP.pdf,no relevant detection,COMPLETE,0,0,0,2,0,NONE_OBSERVED_BY_PAIRED_COUNT_COMPARISON,NO_BASELINE_FAILURE,evidence\controls\G01-NOOP.json;evidence/controls/pac/G01-NOOP.pdf;evidence/controls/acrobat/G01-NOOP.pdf.accreport.html;evidence\controls\verapdf\G01-NOOP.json,Artifact verified; veraPDF/PAC/Acrobat control reports present and hash-linked; no control is a positive study result. Pairwise comparison is count-based; named-rule details remain in native reports.
G01-BENIGN,benign,corpus/golden/PDFUA-Ref-2-01_Magazine-danish.pdf,corpus\controls\G01-BENIGN.pdf,no relevant detection,COMPLETE,0,0,0,2,0,NONE_OBSERVED_BY_PAIRED_COUNT_COMPARISON,NO_BASELINE_FAILURE,evidence\controls\G01-BENIGN.json;evidence/controls/pac/G01-BENIGN.pdf;evidence/controls/acrobat/G01-BENIGN.pdf.accreport.html;evidence\controls\verapdf\G01-BENIGN.json,Artifact verified; veraPDF/PAC/Acrobat control reports present and hash-linked; no control is a positive study result. Pairwise comparison is count-based; named-rule details remain in native reports.
G02-NOOP,no-op,corpus/golden/PDFUA-Ref-2-02_Invoice.pdf,corpus\controls\G02-NOOP.pdf,no relevant detection,COMPLETE,0,0,0,2,0,NONE_OBSERVED_BY_PAIRED_COUNT_COMPARISON,NO_BASELINE_FAILURE,evidence\controls\G02-NOOP.json;evidence/controls/pac/G02-NOOP.pdf;evidence/controls/acrobat/G02-NOOP.pdf.accreport.html;evidence\controls\verapdf\G02-NOOP.json,Artifact verified; veraPDF/PAC/Acrobat control reports present and hash-linked; no control is a positive study result. Pairwise comparison is count-based; named-rule details remain in native reports.
G02-BENIGN,benign,corpus/golden/PDFUA-Ref-2-02_Invoice.pdf,corpus\controls\G02-BENIGN.pdf,no relevant detection,COMPLETE,0,0,0,2,0,NONE_OBSERVED_BY_PAIRED_COUNT_COMPARISON,NO_BASELINE_FAILURE,evidence\controls\G02-BENIGN.json;evidence/controls/pac/G02-BENIGN.pdf;evidence/controls/acrobat/G02-BENIGN.pdf.accreport.html;evidence\controls\verapdf\G02-BENIGN.json,Artifact verified; veraPDF/PAC/Acrobat control reports present and hash-linked; no control is a positive study result. Pairwise comparison is count-based; named-rule details remain in native reports.
G03-NOOP,no-op,corpus/golden/PDFUA-Ref-2-03_AcademicAbstract.pdf,corpus\controls\G03-NOOP.pdf,no relevant detection,COMPLETE,0,0,0,2,0,NONE_OBSERVED_BY_PAIRED_COUNT_COMPARISON,NO_BASELINE_FAILURE,evidence\controls\G03-NOOP.json;evidence/controls/pac/G03-NOOP.pdf;evidence/controls/acrobat/G03-NOOP.pdf.accreport.html;evidence\controls\verapdf\G03-NOOP.json,Artifact verified; veraPDF/PAC/Acrobat control reports present and hash-linked; no control is a positive study result. Pairwise comparison is count-based; named-rule details remain in native reports.
G03-BENIGN,benign,corpus/golden/PDFUA-Ref-2-03_AcademicAbstract.pdf,corpus\controls\G03-BENIGN.pdf,no relevant detection,COMPLETE,0,0,0,2,0,NONE_OBSERVED_BY_PAIRED_COUNT_COMPARISON,NO_BASELINE_FAILURE,evidence\controls\G03-BENIGN.json;evidence/controls/pac/G03-BENIGN.pdf;evidence/controls/acrobat/G03-BENIGN.pdf.accreport.html;evidence\controls\verapdf\G03-BENIGN.json,Artifact verified; veraPDF/PAC/Acrobat control reports present and hash-linked; no control is a positive study result. Pairwise comparison is count-based; named-rule details remain in native reports.
G04-NOOP,no-op,corpus/golden/PDFUA-Ref-2-04_Presentation.pdf,corpus\controls\G04-NOOP.pdf,no relevant detection,COMPLETE,0,0,0,2,0,NONE_OBSERVED_BY_PAIRED_COUNT_COMPARISON,NO_BASELINE_FAILURE,evidence\controls\G04-NOOP.json;evidence/controls/pac/G04-NOOP.pdf;evidence/controls/acrobat/G04-NOOP.pdf.accreport.html;evidence\controls\verapdf\G04-NOOP.json,Artifact verified; veraPDF/PAC/Acrobat control reports present and hash-linked; no control is a positive study result. Pairwise comparison is count-based; named-rule details remain in native reports.
G04-BENIGN,benign,corpus/golden/PDFUA-Ref-2-04_Presentation.pdf,corpus\controls\G04-BENIGN.pdf,no relevant detection,COMPLETE,0,0,0,2,0,NONE_OBSERVED_BY_PAIRED_COUNT_COMPARISON,NO_BASELINE_FAILURE,evidence\controls\G04-BENIGN.json;evidence/controls/pac/G04-BENIGN.pdf;evidence/controls/acrobat/G04-BENIGN.pdf.accreport.html;evidence\controls\verapdf\G04-BENIGN.json,Artifact verified; veraPDF/PAC/Acrobat control reports present and hash-linked; no control is a positive study result. Pairwise comparison is count-based; named-rule details remain in native reports.
G05-NOOP,no-op,corpus/golden/PDFUA-Ref-2-05_BookChapter-german.pdf,corpus\controls\G05-NOOP.pdf,no relevant detection,COMPLETE,0,0,1,2,0,NONE_OBSERVED_BY_PAIRED_COUNT_COMPARISON,YES_UNCHANGED,evidence\controls\G05-NOOP.json;evidence/controls/pac/G05-NOOP.pdf;evidence/controls/acrobat/G05-NOOP.pdf.accreport.html;evidence\controls\verapdf\G05-NOOP.json,Artifact verified; veraPDF/PAC/Acrobat control reports present and hash-linked; no control is a positive study result. Pairwise comparison is count-based; named-rule details remain in native reports.
G05-BENIGN,benign,corpus/golden/PDFUA-Ref-2-05_BookChapter-german.pdf,corpus\controls\G05-BENIGN.pdf,no relevant detection,COMPLETE,0,0,1,2,0,NONE_OBSERVED_BY_PAIRED_COUNT_COMPARISON,YES_UNCHANGED,evidence\controls\G05-BENIGN.json;evidence/controls/pac/G05-BENIGN.pdf;evidence/controls/acrobat/G05-BENIGN.pdf.accreport.html;evidence\controls\verapdf\G05-BENIGN.json,Artifact verified; veraPDF/PAC/Acrobat control reports present and hash-linked; no control is a positive study result. Pairwise comparison is count-based; named-rule details remain in native reports.
G06-NOOP,no-op,corpus/golden/PDFUA-Ref-2-06_Brochure.pdf,corpus\controls\G06-NOOP.pdf,no relevant detection,COMPLETE,0,0,0,2,0,NONE_OBSERVED_BY_PAIRED_COUNT_COMPARISON,NO_BASELINE_FAILURE,evidence\controls\G06-NOOP.json;evidence/controls/pac/G06-NOOP.pdf;evidence/controls/acrobat/G06-NOOP.pdf.accreport.html;evidence\controls\verapdf\G06-NOOP.json,Artifact verified; veraPDF/PAC/Acrobat control reports present and hash-linked; no control is a positive study result. Pairwise comparison is count-based; named-rule details remain in native reports.
G06-BENIGN,benign,corpus/golden/PDFUA-Ref-2-06_Brochure.pdf,corpus\controls\G06-BENIGN.pdf,no relevant detection,COMPLETE,0,0,0,2,0,NONE_OBSERVED_BY_PAIRED_COUNT_COMPARISON,NO_BASELINE_FAILURE,evidence\controls\G06-BENIGN.json;evidence/controls/pac/G06-BENIGN.pdf;evidence/controls/acrobat/G06-BENIGN.pdf.accreport.html;evidence\controls\verapdf\G06-BENIGN.json,Artifact verified; veraPDF/PAC/Acrobat control reports present and hash-linked; no control is a positive study result. Pairwise comparison is count-based; named-rule details remain in native reports.
G08-NOOP,no-op,corpus/golden/PDFUA-Ref-2-08_BookChapter.pdf,corpus\controls\G08-NOOP.pdf,no relevant detection,COMPLETE,0,0,0,2,0,NONE_OBSERVED_BY_PAIRED_COUNT_COMPARISON,NO_BASELINE_FAILURE,evidence\controls\G08-NOOP.json;evidence/controls/pac/G08-NOOP.pdf;evidence/controls/acrobat/G08-NOOP.pdf.accreport.html;evidence\controls\verapdf\G08-NOOP.json,Artifact verified; veraPDF/PAC/Acrobat control reports present and hash-linked; no control is a positive study result. Pairwise comparison is count-based; named-rule details remain in native reports.
G08-BENIGN,benign,corpus/golden/PDFUA-Ref-2-08_BookChapter.pdf,corpus\controls\G08-BENIGN.pdf,no relevant detection,COMPLETE,0,0,0,2,0,NONE_OBSERVED_BY_PAIRED_COUNT_COMPARISON,NO_BASELINE_FAILURE,evidence\controls\G08-BENIGN.json;evidence/controls/pac/G08-BENIGN.pdf;evidence/controls/acrobat/G08-BENIGN.pdf.accreport.html;evidence\controls\verapdf\G08-BENIGN.json,Artifact verified; veraPDF/PAC/Acrobat control reports present and hash-linked; no control is a positive study result. Pairwise comparison is count-based; named-rule details remain in native reports.
G09-NOOP,no-op,corpus/golden/PDFUA-Ref-2-09_Scanned.pdf,corpus\controls\G09-NOOP.pdf,no relevant detection,COMPLETE,1,0,0,2,0,NONE_OBSERVED_BY_PAIRED_COUNT_COMPARISON,YES_UNCHANGED,evidence\controls\G09-NOOP.json;evidence/controls/pac/G09-NOOP.pdf;evidence/controls/acrobat/G09-NOOP.pdf.accreport.html;evidence\controls\verapdf\G09-NOOP.json,Artifact verified; veraPDF/PAC/Acrobat control reports present and hash-linked; no control is a positive study result. Pairwise comparison is count-based; named-rule details remain in native reports.
G09-BENIGN,benign,corpus/golden/PDFUA-Ref-2-09_Scanned.pdf,corpus\controls\G09-BENIGN.pdf,no relevant detection,COMPLETE,1,0,0,2,0,NONE_OBSERVED_BY_PAIRED_COUNT_COMPARISON,YES_UNCHANGED,evidence\controls\G09-BENIGN.json;evidence/controls/pac/G09-BENIGN.pdf;evidence/controls/acrobat/G09-BENIGN.pdf.accreport.html;evidence\controls\verapdf\G09-BENIGN.json,Artifact verified; veraPDF/PAC/Acrobat control reports present and hash-linked; no control is a positive study result. Pairwise comparison is count-based; named-rule details remain in native reports.
G10-NOOP,no-op,corpus/golden/PDFUA-Ref-2-10_Form.pdf,corpus\controls\G10-NOOP.pdf,no relevant detection,COMPLETE,0,0,0,2,0,NONE_OBSERVED_BY_PAIRED_COUNT_COMPARISON,NO_BASELINE_FAILURE,evidence\controls\G10-NOOP.json;evidence/controls/pac/G10-NOOP.pdf;evidence/controls/acrobat/G10-NOOP.pdf.accreport.html;evidence\controls\verapdf\G10-NOOP.json,Artifact verified; veraPDF/PAC/Acrobat control reports present and hash-linked; no control is a positive study result. Pairwise comparison is count-based; named-rule details remain in native reports.
G10-BENIGN,benign,corpus/golden/PDFUA-Ref-2-10_Form.pdf,corpus\controls\G10-BENIGN.pdf,no relevant detection,COMPLETE,0,0,0,2,0,NONE_OBSERVED_BY_PAIRED_COUNT_COMPARISON,NO_BASELINE_FAILURE,evidence\controls\G10-BENIGN.json;evidence/controls/pac/G10-BENIGN.pdf;evidence/controls/acrobat/G10-BENIGN.pdf.accreport.html;evidence\controls\verapdf\G10-BENIGN.json,Artifact verified; veraPDF/PAC/Acrobat control reports present and hash-linked; no control is a positive study result. Pairwise comparison is count-based; named-rule details remain in native reports.
