artifact_id,filename,original_filename,source_collection,source_reference,collection_version,license,attribution_requirement,redistribution_status,pdf_version,pdfua_version,page_count,sha256,document_genre,relevant_structural_features,baseline_status,baseline_evidence_path,baseline_notes,notes
PDFUA-Ref-2-01_Magazine-danish,PDFUA-Ref-2-01_Magazine-danish.pdf,PDFUA-Ref-2-01_Magazine-danish.pdf,PDF/UA-1 Reference Suite,https://pdfa.org/resource/pdfua-reference-suite/,1.1,CC BY 4.0,Credit PDF Association and the identified contributors; link the CC BY 4.0 license; indicate changes.,CC_BY_4.0_COLLECTION_MAPPED_LOCAL_FILENAME,1.4,PDF/UA-1 (collection-level),32,aef89af13c9c94fc4f4e1a8c5872450cc4c8fff7de544d8ada6a0912425aa434,Magazine,Collection-level description includes publications/complex structure; exact item mapping recorded in data/corpus_provenance_sources.csv,BASELINE_EVIDENCE_PRESENT,evidence/acrobat/PDFUA-Ref-2-01_Magazine-danish__aef89af13c9c94fc4f4e1a8c5872450cc4c8fff7de544d8ada6a0912425aa434.accreport.html;evidence/pac/formal/PDFUA-Ref-2-01_Magazine-danish__aef89af13c9c94fc4f4e1a8c5872450cc4c8fff7de544d8ada6a0912425aa434.pdf;evidence/verapdf/PDFUA-Ref-2-01_Magazine-danish__aef89af13c9c94fc4f4e1a8c5872450cc4c8fff7de544d8ada6a0912425aa434.json,"Formal baseline evidence is present for PAC Formal, Acrobat Full Check, and veraPDF PDF/UA-1; baseline-relative interpretation is recorded in data/baseline_conflict_resolutions.csv and analysis/generated/baseline_cross_validator_disagreements.csv.",User confirms the local file was taken from the PDF/UA Reference Suite; historical download path is not retained.
PDFUA-Ref-2-02_Invoice,PDFUA-Ref-2-02_Invoice.pdf,PDFUA-Ref-2-02_Invoice.pdf,PDF/UA-1 Reference Suite,https://pdfa.org/resource/pdfua-reference-suite/,1.1,CC BY 4.0,Credit PDF Association and the identified contributors; link the CC BY 4.0 license; indicate changes.,CC_BY_4.0_COLLECTION_MAPPED_LOCAL_FILENAME,1.7,PDF/UA-1 (collection-level),1,fbae08464f192f532205833215505b78266e86df6283d9b0c439cb06927ce0b9,Invoice,Collection-level description includes transactional records/forms; exact item mapping recorded in data/corpus_provenance_sources.csv,BASELINE_EVIDENCE_PRESENT,evidence/acrobat/PDFUA-Ref-2-02_Invoice__fbae08464f192f532205833215505b78266e86df6283d9b0c439cb06927ce0b9.accreport.html;evidence/pac/formal/PDFUA-Ref-2-02_Invoice__fbae08464f192f532205833215505b78266e86df6283d9b0c439cb06927ce0b9.pdf;evidence/verapdf/PDFUA-Ref-2-02_Invoice__fbae08464f192f532205833215505b78266e86df6283d9b0c439cb06927ce0b9.json,"Formal baseline evidence is present for PAC Formal, Acrobat Full Check, and veraPDF PDF/UA-1; baseline-relative interpretation is recorded in data/baseline_conflict_resolutions.csv and analysis/generated/baseline_cross_validator_disagreements.csv.",User confirms the local file was taken from the PDF/UA Reference Suite; historical download path is not retained.
PDFUA-Ref-2-03_AcademicAbstract,PDFUA-Ref-2-03_AcademicAbstract.pdf,PDFUA-Ref-2-03_AcademicAbstract.pdf,PDF/UA-1 Reference Suite,https://pdfa.org/resource/pdfua-reference-suite/,1.1,CC BY 4.0,Credit PDF Association and the identified contributors; link the CC BY 4.0 license; indicate changes.,CC_BY_4.0_COLLECTION_MAPPED_LOCAL_FILENAME,1.6,PDF/UA-1 (collection-level),2,e61257d371261867926eb006f8895569a95fcfbcb93fca3be04b8b9187cb93a0,Academic abstract,Collection-level description includes publications/complex structure; exact item mapping recorded in data/corpus_provenance_sources.csv,BASELINE_EVIDENCE_PRESENT,evidence/acrobat/PDFUA-Ref-2-03_AcademicAbstract__e61257d371261867926eb006f8895569a95fcfbcb93fca3be04b8b9187cb93a0.accreport.html;evidence/pac/formal/PDFUA-Ref-2-03_AcademicAbstract__e61257d371261867926eb006f8895569a95fcfbcb93fca3be04b8b9187cb93a0.pdf;evidence/verapdf/PDFUA-Ref-2-03_AcademicAbstract__e61257d371261867926eb006f8895569a95fcfbcb93fca3be04b8b9187cb93a0.json,"Formal baseline evidence is present for PAC Formal, Acrobat Full Check, and veraPDF PDF/UA-1; baseline-relative interpretation is recorded in data/baseline_conflict_resolutions.csv and analysis/generated/baseline_cross_validator_disagreements.csv.",User confirms the local file was taken from the PDF/UA Reference Suite; historical download path is not retained.
PDFUA-Ref-2-04_Presentation,PDFUA-Ref-2-04_Presentation.pdf,PDFUA-Ref-2-04_Presentation.pdf,PDF/UA-1 Reference Suite,https://pdfa.org/resource/pdfua-reference-suite/,1.1,CC BY 4.0,Credit PDF Association and the identified contributors; link the CC BY 4.0 license; indicate changes.,CC_BY_4.0_COLLECTION_MAPPED_LOCAL_FILENAME,1.4,PDF/UA-1 (collection-level),8,90acb829ca8bfa037796592539d15010e9099d1cd2622aac1fce7d9fd3ae7575,Presentation,Collection-level description includes publications/complex structure; exact item mapping recorded in data/corpus_provenance_sources.csv,BASELINE_EVIDENCE_PRESENT,evidence/acrobat/PDFUA-Ref-2-04_Presentation__90acb829ca8bfa037796592539d15010e9099d1cd2622aac1fce7d9fd3ae7575.accreport.html;evidence/pac/formal/PDFUA-Ref-2-04_Presentation__90acb829ca8bfa037796592539d15010e9099d1cd2622aac1fce7d9fd3ae7575.pdf;evidence/verapdf/PDFUA-Ref-2-04_Presentation__90acb829ca8bfa037796592539d15010e9099d1cd2622aac1fce7d9fd3ae7575.json,"Formal baseline evidence is present for PAC Formal, Acrobat Full Check, and veraPDF PDF/UA-1; baseline-relative interpretation is recorded in data/baseline_conflict_resolutions.csv and analysis/generated/baseline_cross_validator_disagreements.csv.",User confirms the local file was taken from the PDF/UA Reference Suite; historical download path is not retained.
PDFUA-Ref-2-05_BookChapter-german,PDFUA-Ref-2-05_BookChapter-german.pdf,PDFUA-Ref-2-05_BookChapter-german.pdf,PDF/UA-1 Reference Suite,https://pdfa.org/resource/pdfua-reference-suite/,1.1,CC BY 4.0,Credit PDF Association and the identified contributors; link the CC BY 4.0 license; indicate changes.,CC_BY_4.0_COLLECTION_MAPPED_LOCAL_FILENAME,1.4,PDF/UA-1 (collection-level),21,fc525b8899da31779b6143c16053779cd560d4417018a901472de33c71252352,Book chapter (German),Collection-level description includes publications/complex structure; exact item mapping recorded in data/corpus_provenance_sources.csv,BASELINE_EVIDENCE_PRESENT_WITH_DOCUMENTED_DELTA,evidence/acrobat/PDFUA-Ref-2-05_BookChapter-german__fc525b8899da31779b6143c16053779cd560d4417018a901472de33c71252352.accreport.html;evidence/pac/formal/PDFUA-Ref-2-05_BookChapter-german__fc525b8899da31779b6143c16053779cd560d4417018a901472de33c71252352.pdf;evidence/verapdf/PDFUA-Ref-2-05_BookChapter-german__fc525b8899da31779b6143c16053779cd560d4417018a901472de33c71252352.json,"Formal baseline evidence is present for PAC Formal, Acrobat Full Check, and veraPDF PDF/UA-1; baseline-relative interpretation is recorded in data/baseline_conflict_resolutions.csv and analysis/generated/baseline_cross_validator_disagreements.csv.",User confirms the local file was taken from the PDF/UA Reference Suite; historical download path is not retained.
PDFUA-Ref-2-06_Brochure,PDFUA-Ref-2-06_Brochure.pdf,PDFUA-Ref-2-06_Brochure.pdf,PDF/UA-1 Reference Suite,https://pdfa.org/resource/pdfua-reference-suite/,1.1,CC BY 4.0,Credit PDF Association and the identified contributors; link the CC BY 4.0 license; indicate changes.,CC_BY_4.0_COLLECTION_MAPPED_LOCAL_FILENAME,1.6,PDF/UA-1 (collection-level),2,aefd5ab48a908b9996ffadcb14d8ff31a2c653657cbe011a46f4cf61396a589e,Brochure,Collection-level description includes publications/complex structure; exact item mapping recorded in data/corpus_provenance_sources.csv,BASELINE_EVIDENCE_PRESENT,evidence/acrobat/PDFUA-Ref-2-06_Brochure__aefd5ab48a908b9996ffadcb14d8ff31a2c653657cbe011a46f4cf61396a589e.accreport.html;evidence/pac/formal/PDFUA-Ref-2-06_Brochure__aefd5ab48a908b9996ffadcb14d8ff31a2c653657cbe011a46f4cf61396a589e.pdf;evidence/verapdf/PDFUA-Ref-2-06_Brochure__aefd5ab48a908b9996ffadcb14d8ff31a2c653657cbe011a46f4cf61396a589e.json,"Formal baseline evidence is present for PAC Formal, Acrobat Full Check, and veraPDF PDF/UA-1; baseline-relative interpretation is recorded in data/baseline_conflict_resolutions.csv and analysis/generated/baseline_cross_validator_disagreements.csv.",User confirms the local file was taken from the PDF/UA Reference Suite; historical download path is not retained.
PDFUA-Ref-2-08_BookChapter,PDFUA-Ref-2-08_BookChapter.pdf,PDFUA-Ref-2-08_BookChapter.pdf,PDF/UA-1 Reference Suite,https://pdfa.org/resource/pdfua-reference-suite/,1.1,CC BY 4.0,Credit PDF Association and the identified contributors; link the CC BY 4.0 license; indicate changes.,CC_BY_4.0_COLLECTION_MAPPED_LOCAL_FILENAME,1.4,PDF/UA-1 (collection-level),32,2b958600daec79373736f413f2712fcd9c604de2c352cbc1ec9d67cc5d7932f1,Book chapter,Collection-level description includes publications/complex structure; exact item mapping recorded in data/corpus_provenance_sources.csv,BASELINE_EVIDENCE_PRESENT,evidence/acrobat/PDFUA-Ref-2-08_BookChapter__2b958600daec79373736f413f2712fcd9c604de2c352cbc1ec9d67cc5d7932f1.accreport.html;evidence/pac/formal/PDFUA-Ref-2-08_BookChapter__2b958600daec79373736f413f2712fcd9c604de2c352cbc1ec9d67cc5d7932f1.pdf;evidence/verapdf/PDFUA-Ref-2-08_BookChapter__2b958600daec79373736f413f2712fcd9c604de2c352cbc1ec9d67cc5d7932f1.json,"Formal baseline evidence is present for PAC Formal, Acrobat Full Check, and veraPDF PDF/UA-1; baseline-relative interpretation is recorded in data/baseline_conflict_resolutions.csv and analysis/generated/baseline_cross_validator_disagreements.csv.",User confirms the local file was taken from the PDF/UA Reference Suite; historical download path is not retained.
PDFUA-Ref-2-09_Scanned,PDFUA-Ref-2-09_Scanned.pdf,PDFUA-Ref-2-09_Scanned.pdf,PDF/UA-1 Reference Suite,https://pdfa.org/resource/pdfua-reference-suite/,1.1,CC BY 4.0,Credit PDF Association and the identified contributors; link the CC BY 4.0 license; indicate changes.,CC_BY_4.0_COLLECTION_MAPPED_LOCAL_FILENAME,1.4,PDF/UA-1 (collection-level),82,bb46d5c723fe1427dd1bf92ccd8653f9a5cef4054f7d878168b99477fa3792ae,Scanned document,Collection-level description explicitly includes scanned documents; exact item mapping recorded in data/corpus_provenance_sources.csv,BASELINE_EVIDENCE_PRESENT_WITH_TOOL_CONFLICT,evidence/acrobat/PDFUA-Ref-2-09_Scanned__bb46d5c723fe1427dd1bf92ccd8653f9a5cef4054f7d878168b99477fa3792ae.accreport.html;evidence/pac/formal/PDFUA-Ref-2-09_Scanned__bb46d5c723fe1427dd1bf92ccd8653f9a5cef4054f7d878168b99477fa3792ae.pdf;evidence/verapdf/PDFUA-Ref-2-09_Scanned__bb46d5c723fe1427dd1bf92ccd8653f9a5cef4054f7d878168b99477fa3792ae.json,"Formal baseline evidence is present for PAC Formal, Acrobat Full Check, and veraPDF PDF/UA-1; baseline-relative interpretation is recorded in data/baseline_conflict_resolutions.csv and analysis/generated/baseline_cross_validator_disagreements.csv.",User confirms the local file was taken from the PDF/UA Reference Suite; historical download path is not retained.
PDFUA-Ref-2-10_Form,PDFUA-Ref-2-10_Form.pdf,PDFUA-Ref-2-10_Form.pdf,PDF/UA-1 Reference Suite,https://pdfa.org/resource/pdfua-reference-suite/,1.1,CC BY 4.0,Credit PDF Association and the identified contributors; link the CC BY 4.0 license; indicate changes.,CC_BY_4.0_COLLECTION_MAPPED_LOCAL_FILENAME,1.7,PDF/UA-1 (collection-level),1,06d5cacd7c5ba9573a57c6d99d3f357ee14a24cff0c138036840fc44c6311806,Interactive form,Collection-level description explicitly includes interactive forms; exact item mapping recorded in data/corpus_provenance_sources.csv,BASELINE_EVIDENCE_PRESENT,evidence/acrobat/PDFUA-Ref-2-10_Form__06d5cacd7c5ba9573a57c6d99d3f357ee14a24cff0c138036840fc44c6311806.accreport.html;evidence/pac/formal/PDFUA-Ref-2-10_Form__06d5cacd7c5ba9573a57c6d99d3f357ee14a24cff0c138036840fc44c6311806.pdf;evidence/verapdf/PDFUA-Ref-2-10_Form__06d5cacd7c5ba9573a57c6d99d3f357ee14a24cff0c138036840fc44c6311806.json,"Formal baseline evidence is present for PAC Formal, Acrobat Full Check, and veraPDF PDF/UA-1; baseline-relative interpretation is recorded in data/baseline_conflict_resolutions.csv and analysis/generated/baseline_cross_validator_disagreements.csv.",User confirms the local file was taken from the PDF/UA Reference Suite; historical download path is not retained.
