artifact_id,source_item_id,official_filename,source_title_or_description,listed_contributor_or_context,source_index_url,download_url,mapping_basis,local_hash_evidence,license_basis,provenance_status,notes
PDFUA-Ref-2-01_Magazine-danish,PDFUA-Ref-2-01,PDFUA-Ref-2-01_Magazine-danish.pdf,Øjeblikket nr13 / 2018,Danish Blind Association,https://pdfa.org/resource/pdfua-reference-suite/,https://www.newformat.se/documents/pdfa-org/pdfua-ref-docs/pdfua-ref-docs-iso-14289-1-v1-1/PDFUA-Ref-2-01_Magazine-danish.pdf,Exact local filename and public suite filename; item number and description agree,Verified in data/corpus_inventory.csv,CC BY 4.0 collection license stated by PDF Association,MAPPED_LOCAL_FILENAME_AND_SUITE_ITEM,"The local filename is an exact match to the public suite naming convention. The acquisition URL is recorded as a reproducible mirror URL, not as proof of the historical download path."
PDFUA-Ref-2-02_Invoice,PDFUA-Ref-2-02,PDFUA-Ref-2-02_Invoice.pdf,Invoice,Kraxi Systems Inc. sample invoice,https://pdfa.org/resource/pdfua-reference-suite/,https://www.newformat.se/documents/pdfa-org/pdfua-ref-docs/pdfua-ref-docs-iso-14289-1-v1-1/PDFUA-Ref-2-02_Invoice.pdf,Exact local filename and public suite filename; item number and description agree,Verified in data/corpus_inventory.csv,CC BY 4.0 collection license stated by PDF Association,MAPPED_LOCAL_FILENAME_AND_SUITE_ITEM,"The local filename is an exact match to the public suite naming convention. The acquisition URL is recorded as a reproducible mirror URL, not as proof of the historical download path."
PDFUA-Ref-2-03_AcademicAbstract,PDFUA-Ref-2-03,PDFUA-Ref-2-03_AcademicAbstract.pdf,More than just digital paper - hidden features of the PDF format,DocEng 2019; Dietrich von Seggern; Tamir Hassan; Klaas Posselt; Thomas Zellmann,https://pdfa.org/resource/pdfua-reference-suite/,https://www.newformat.se/documents/pdfa-org/pdfua-ref-docs/pdfua-ref-docs-iso-14289-1-v1-1/PDFUA-Ref-2-03_AcademicAbstract.pdf,Exact local filename and public suite filename; item number and description agree,Verified in data/corpus_inventory.csv,CC BY 4.0 collection license stated by PDF Association,MAPPED_LOCAL_FILENAME_AND_SUITE_ITEM,"The local filename is an exact match to the public suite naming convention. The acquisition URL is recorded as a reproducible mirror URL, not as proof of the historical download path."
PDFUA-Ref-2-04_Presentation,PDFUA-Ref-2-04,PDFUA-Ref-2-04_Presentation.pdf,DocEng 2019 - More than just digital paper - hidden features of the PDF format; Tagged PDF,PDF Association presentation; DocEng 2019,https://pdfa.org/resource/pdfua-reference-suite/,https://www.newformat.se/documents/pdfa-org/pdfua-ref-docs/pdfua-ref-docs-iso-14289-1-v1-1/PDFUA-Ref-2-04_Presentation.pdf,Exact local filename and public suite filename; item number and description agree,Verified in data/corpus_inventory.csv,CC BY 4.0 collection license stated by PDF Association,MAPPED_LOCAL_FILENAME_AND_SUITE_ITEM,"The local filename is an exact match to the public suite naming convention. The acquisition URL is recorded as a reproducible mirror URL, not as proof of the historical download path."
PDFUA-Ref-2-05_BookChapter-german,PDFUA-Ref-2-05,PDFUA-Ref-2-05_BookChapter-german.pdf,Wie kommen Sie zu einem barrierefreien PDF?; 2019/04 online book chapter,einmanncombo; Barrierefreie PDF-Dokumente erstellen,https://pdfa.org/resource/pdfua-reference-suite/,https://www.newformat.se/documents/pdfa-org/pdfua-ref-docs/pdfua-ref-docs-iso-14289-1-v1-1/PDFUA-Ref-2-05_BookChapter-german.pdf,Exact local filename and public suite filename; item number and description agree,Verified in data/corpus_inventory.csv,CC BY 4.0 collection license stated by PDF Association,MAPPED_LOCAL_FILENAME_AND_SUITE_ITEM,"The local filename is an exact match to the public suite naming convention. The acquisition URL is recorded as a reproducible mirror URL, not as proof of the historical download path."
PDFUA-Ref-2-06_Brochure,PDFUA-Ref-2-06,PDFUA-Ref-2-06_Brochure.pdf,PDF/UA - ISO 14289: The new standard for universally accessible PDF documents and forms,PDF Association,https://pdfa.org/resource/pdfua-reference-suite/,https://www.newformat.se/documents/pdfa-org/pdfua-ref-docs/pdfua-ref-docs-iso-14289-1-v1-1/PDFUA-Ref-2-06_Brochure.pdf,Exact local filename and public suite filename; item number and description agree,Verified in data/corpus_inventory.csv,CC BY 4.0 collection license stated by PDF Association,MAPPED_LOCAL_FILENAME_AND_SUITE_ITEM,"The local filename is an exact match to the public suite naming convention. The acquisition URL is recorded as a reproducible mirror URL, not as proof of the historical download path."
PDFUA-Ref-2-08_BookChapter,PDFUA-Ref-2-08,PDFUA-Ref-2-08_BookChapter.pdf,Chapter 5: Physical Development: The Brain Body Motor Skills and Sexual Development,Rutgers University sample chapter,https://pdfa.org/resource/pdfua-reference-suite/,https://www.newformat.se/documents/pdfa-org/pdfua-ref-docs/pdfua-ref-docs-iso-14289-1-v1-1/PDFUA-Ref-2-08_BookChapter.pdf,Exact local filename and public suite filename; item number and description agree,Verified in data/corpus_inventory.csv,CC BY 4.0 collection license stated by PDF Association,MAPPED_LOCAL_FILENAME_AND_SUITE_ITEM,"The local filename is an exact match to the public suite naming convention. The acquisition URL is recorded as a reproducible mirror URL, not as proof of the historical download path."
PDFUA-Ref-2-09_Scanned,PDFUA-Ref-2-09,PDFUA-Ref-2-09_Scanned.pdf,Chapter 2: Fourier Series,Rutgers University scanned-document sample,https://pdfa.org/resource/pdfua-reference-suite/,https://www.newformat.se/documents/pdfa-org/pdfua-ref-docs/pdfua-ref-docs-iso-14289-1-v1-1/PDFUA-Ref-2-09_Scanned.pdf,Exact local filename and public suite filename; item number and description agree,Verified in data/corpus_inventory.csv,CC BY 4.0 collection license stated by PDF Association,MAPPED_LOCAL_FILENAME_AND_SUITE_ITEM,"The local filename is an exact match to the public suite naming convention. The acquisition URL is recorded as a reproducible mirror URL, not as proof of the historical download path."
PDFUA-Ref-2-10_Form,PDFUA-Ref-2-10,PDFUA-Ref-2-10_Form.pdf,PDF/UA Form example,PDF Association,https://pdfa.org/resource/pdfua-reference-suite/,https://www.newformat.se/documents/pdfa-org/pdfua-ref-docs/pdfua-ref-docs-iso-14289-1-v1-1/PDFUA-Ref-2-10_Form.pdf,Exact local filename and public suite filename; item number and description agree,Verified in data/corpus_inventory.csv,CC BY 4.0 collection license stated by PDF Association,MAPPED_LOCAL_FILENAME_AND_SUITE_ITEM,"The local filename is an exact match to the public suite naming convention. The acquisition URL is recorded as a reproducible mirror URL, not as proof of the historical download path."
