case_id,baseline_evidence_path,baseline_evidence_sha256,evidence_format
DC-0001,evidence/double_coding_baselines/DC-0001.html,972f01218b19aacb9823cb7a8b649494616b7e1e35ecb156ddabd257ec86bb62,html
DC-0002,evidence/double_coding_baselines/DC-0002.html,972f01218b19aacb9823cb7a8b649494616b7e1e35ecb156ddabd257ec86bb62,html
DC-0003,evidence/double_coding_baselines/DC-0003.html,972f01218b19aacb9823cb7a8b649494616b7e1e35ecb156ddabd257ec86bb62,html
DC-0004,evidence/double_coding_baselines/DC-0004.html,972f01218b19aacb9823cb7a8b649494616b7e1e35ecb156ddabd257ec86bb62,html
DC-0005,evidence/double_coding_baselines/DC-0005.html,972f01218b19aacb9823cb7a8b649494616b7e1e35ecb156ddabd257ec86bb62,html
DC-0006,evidence/double_coding_baselines/DC-0006.html,972f01218b19aacb9823cb7a8b649494616b7e1e35ecb156ddabd257ec86bb62,html
DC-0007,evidence/double_coding_baselines/DC-0007.html,972f01218b19aacb9823cb7a8b649494616b7e1e35ecb156ddabd257ec86bb62,html
DC-0008,evidence/double_coding_baselines/DC-0008.html,972f01218b19aacb9823cb7a8b649494616b7e1e35ecb156ddabd257ec86bb62,html
DC-0009,evidence/double_coding_baselines/DC-0009.html,972f01218b19aacb9823cb7a8b649494616b7e1e35ecb156ddabd257ec86bb62,html
DC-0010,evidence/double_coding_baselines/DC-0010.html,71e2fa9af7ed82b0b4ef4c0f7ec938860bbf87494ae6ef492f7a1b415780eaec,html
DC-0011,evidence/double_coding_baselines/DC-0011.html,71e2fa9af7ed82b0b4ef4c0f7ec938860bbf87494ae6ef492f7a1b415780eaec,html
DC-0012,evidence/double_coding_baselines/DC-0012.html,71e2fa9af7ed82b0b4ef4c0f7ec938860bbf87494ae6ef492f7a1b415780eaec,html
DC-0013,evidence/double_coding_baselines/DC-0013.html,71e2fa9af7ed82b0b4ef4c0f7ec938860bbf87494ae6ef492f7a1b415780eaec,html
DC-0014,evidence/double_coding_baselines/DC-0014.html,71e2fa9af7ed82b0b4ef4c0f7ec938860bbf87494ae6ef492f7a1b415780eaec,html
DC-0015,evidence/double_coding_baselines/DC-0015.html,71e2fa9af7ed82b0b4ef4c0f7ec938860bbf87494ae6ef492f7a1b415780eaec,html
DC-0016,evidence/double_coding_baselines/DC-0016.html,2c3995391084463ad697a8411bd4570e63d5e268c27ec51780e6bb87da1cb3c4,html
DC-0017,evidence/double_coding_baselines/DC-0017.html,2c3995391084463ad697a8411bd4570e63d5e268c27ec51780e6bb87da1cb3c4,html
DC-0018,evidence/double_coding_baselines/DC-0018.html,2c3995391084463ad697a8411bd4570e63d5e268c27ec51780e6bb87da1cb3c4,html
DC-0019,evidence/double_coding_baselines/DC-0019.html,2c3995391084463ad697a8411bd4570e63d5e268c27ec51780e6bb87da1cb3c4,html
DC-0020,evidence/double_coding_baselines/DC-0020.html,2c3995391084463ad697a8411bd4570e63d5e268c27ec51780e6bb87da1cb3c4,html
DC-0021,evidence/double_coding_baselines/DC-0021.html,2c3995391084463ad697a8411bd4570e63d5e268c27ec51780e6bb87da1cb3c4,html
DC-0022,evidence/double_coding_baselines/DC-0022.html,2c3995391084463ad697a8411bd4570e63d5e268c27ec51780e6bb87da1cb3c4,html
DC-0023,evidence/double_coding_baselines/DC-0023.html,ae56fcb818efe3b5588629a96c3e4cf4c9c138e730f63a45c7af598249b9f62e,html
DC-0024,evidence/double_coding_baselines/DC-0024.html,ae56fcb818efe3b5588629a96c3e4cf4c9c138e730f63a45c7af598249b9f62e,html
DC-0025,evidence/double_coding_baselines/DC-0025.html,ae56fcb818efe3b5588629a96c3e4cf4c9c138e730f63a45c7af598249b9f62e,html
DC-0026,evidence/double_coding_baselines/DC-0026.html,ae56fcb818efe3b5588629a96c3e4cf4c9c138e730f63a45c7af598249b9f62e,html
DC-0027,evidence/double_coding_baselines/DC-0027.html,ae56fcb818efe3b5588629a96c3e4cf4c9c138e730f63a45c7af598249b9f62e,html
DC-0028,evidence/double_coding_baselines/DC-0028.html,ae56fcb818efe3b5588629a96c3e4cf4c9c138e730f63a45c7af598249b9f62e,html
DC-0029,evidence/double_coding_baselines/DC-0029.html,ae56fcb818efe3b5588629a96c3e4cf4c9c138e730f63a45c7af598249b9f62e,html
DC-0030,evidence/double_coding_baselines/DC-0030.html,ae56fcb818efe3b5588629a96c3e4cf4c9c138e730f63a45c7af598249b9f62e,html
DC-0031,evidence/double_coding_baselines/DC-0031.html,ae56fcb818efe3b5588629a96c3e4cf4c9c138e730f63a45c7af598249b9f62e,html
DC-0032,evidence/double_coding_baselines/DC-0032.html,3c916b3bab7b301e1ba13d50b91cfdcadd435eb68ca51325c09803a5dce8318c,html
DC-0033,evidence/double_coding_baselines/DC-0033.html,3c916b3bab7b301e1ba13d50b91cfdcadd435eb68ca51325c09803a5dce8318c,html
DC-0034,evidence/double_coding_baselines/DC-0034.html,3c916b3bab7b301e1ba13d50b91cfdcadd435eb68ca51325c09803a5dce8318c,html
DC-0035,evidence/double_coding_baselines/DC-0035.html,3c916b3bab7b301e1ba13d50b91cfdcadd435eb68ca51325c09803a5dce8318c,html
DC-0036,evidence/double_coding_baselines/DC-0036.html,3c916b3bab7b301e1ba13d50b91cfdcadd435eb68ca51325c09803a5dce8318c,html
DC-0037,evidence/double_coding_baselines/DC-0037.html,3c916b3bab7b301e1ba13d50b91cfdcadd435eb68ca51325c09803a5dce8318c,html
DC-0038,evidence/double_coding_baselines/DC-0038.html,3c916b3bab7b301e1ba13d50b91cfdcadd435eb68ca51325c09803a5dce8318c,html
DC-0039,evidence/double_coding_baselines/DC-0039.html,3c916b3bab7b301e1ba13d50b91cfdcadd435eb68ca51325c09803a5dce8318c,html
DC-0040,evidence/double_coding_baselines/DC-0040.html,3c916b3bab7b301e1ba13d50b91cfdcadd435eb68ca51325c09803a5dce8318c,html
DC-0041,evidence/double_coding_baselines/DC-0041.html,3c916b3bab7b301e1ba13d50b91cfdcadd435eb68ca51325c09803a5dce8318c,html
DC-0042,evidence/double_coding_baselines/DC-0042.html,ddae8755359d10e442d08e5bdbbca4e60bca3427edc1ca515d047d50114e7bf2,html
DC-0043,evidence/double_coding_baselines/DC-0043.html,ddae8755359d10e442d08e5bdbbca4e60bca3427edc1ca515d047d50114e7bf2,html
DC-0044,evidence/double_coding_baselines/DC-0044.html,ddae8755359d10e442d08e5bdbbca4e60bca3427edc1ca515d047d50114e7bf2,html
DC-0045,evidence/double_coding_baselines/DC-0045.html,ddae8755359d10e442d08e5bdbbca4e60bca3427edc1ca515d047d50114e7bf2,html
DC-0046,evidence/double_coding_baselines/DC-0046.html,ddae8755359d10e442d08e5bdbbca4e60bca3427edc1ca515d047d50114e7bf2,html
DC-0047,evidence/double_coding_baselines/DC-0047.html,ddae8755359d10e442d08e5bdbbca4e60bca3427edc1ca515d047d50114e7bf2,html
DC-0048,evidence/double_coding_baselines/DC-0048.html,ddae8755359d10e442d08e5bdbbca4e60bca3427edc1ca515d047d50114e7bf2,html
DC-0049,evidence/double_coding_baselines/DC-0049.html,ddae8755359d10e442d08e5bdbbca4e60bca3427edc1ca515d047d50114e7bf2,html
DC-0050,evidence/double_coding_baselines/DC-0050.html,f21220bdf4e4c87e97c284bb203fe68519f4f40479fd108714142ee373372f36,html
DC-0051,evidence/double_coding_baselines/DC-0051.html,f21220bdf4e4c87e97c284bb203fe68519f4f40479fd108714142ee373372f36,html
DC-0052,evidence/double_coding_baselines/DC-0052.html,f21220bdf4e4c87e97c284bb203fe68519f4f40479fd108714142ee373372f36,html
DC-0053,evidence/double_coding_baselines/DC-0053.html,f21220bdf4e4c87e97c284bb203fe68519f4f40479fd108714142ee373372f36,html
DC-0054,evidence/double_coding_baselines/DC-0054.html,f21220bdf4e4c87e97c284bb203fe68519f4f40479fd108714142ee373372f36,html
DC-0055,evidence/double_coding_baselines/DC-0055.html,f21220bdf4e4c87e97c284bb203fe68519f4f40479fd108714142ee373372f36,html
DC-0056,evidence/double_coding_baselines/DC-0056.html,f21220bdf4e4c87e97c284bb203fe68519f4f40479fd108714142ee373372f36,html
DC-0057,evidence/double_coding_baselines/DC-0057.html,f21220bdf4e4c87e97c284bb203fe68519f4f40479fd108714142ee373372f36,html
DC-0058,evidence/double_coding_baselines/DC-0058.html,f21220bdf4e4c87e97c284bb203fe68519f4f40479fd108714142ee373372f36,html
DC-0059,evidence/double_coding_baselines/DC-0059.html,f3aa4a4fdeeab0628723e34143acb10c77c9c5665c3ed9a991f7a10d872de921,html
DC-0060,evidence/double_coding_baselines/DC-0060.html,f3aa4a4fdeeab0628723e34143acb10c77c9c5665c3ed9a991f7a10d872de921,html
DC-0061,evidence/double_coding_baselines/DC-0061.html,f3aa4a4fdeeab0628723e34143acb10c77c9c5665c3ed9a991f7a10d872de921,html
DC-0062,evidence/double_coding_baselines/DC-0062.html,f3aa4a4fdeeab0628723e34143acb10c77c9c5665c3ed9a991f7a10d872de921,html
DC-0063,evidence/double_coding_baselines/DC-0063.html,f3aa4a4fdeeab0628723e34143acb10c77c9c5665c3ed9a991f7a10d872de921,html
DC-0064,evidence/double_coding_baselines/DC-0064.html,f3aa4a4fdeeab0628723e34143acb10c77c9c5665c3ed9a991f7a10d872de921,html
DC-0065,evidence/double_coding_baselines/DC-0065.html,f3aa4a4fdeeab0628723e34143acb10c77c9c5665c3ed9a991f7a10d872de921,html
DC-0066,evidence/double_coding_baselines/DC-0066.html,f3aa4a4fdeeab0628723e34143acb10c77c9c5665c3ed9a991f7a10d872de921,html
DC-0067,evidence/double_coding_baselines/DC-0067.html,32b40f4daad3405ef55dc79e6cf23d3ef25721871c0849bb5287fe6d2300c323,html
DC-0068,evidence/double_coding_baselines/DC-0068.html,32b40f4daad3405ef55dc79e6cf23d3ef25721871c0849bb5287fe6d2300c323,html
DC-0069,evidence/double_coding_baselines/DC-0069.html,32b40f4daad3405ef55dc79e6cf23d3ef25721871c0849bb5287fe6d2300c323,html
DC-0070,evidence/double_coding_baselines/DC-0070.pdf,39c151e280e828bd3a4a583a038ca0f0ec53975d6f8e14a5f585f4c6df69be0d,pdf
DC-0071,evidence/double_coding_baselines/DC-0071.pdf,39c151e280e828bd3a4a583a038ca0f0ec53975d6f8e14a5f585f4c6df69be0d,pdf
DC-0072,evidence/double_coding_baselines/DC-0072.pdf,39c151e280e828bd3a4a583a038ca0f0ec53975d6f8e14a5f585f4c6df69be0d,pdf
DC-0073,evidence/double_coding_baselines/DC-0073.pdf,39c151e280e828bd3a4a583a038ca0f0ec53975d6f8e14a5f585f4c6df69be0d,pdf
DC-0074,evidence/double_coding_baselines/DC-0074.pdf,39c151e280e828bd3a4a583a038ca0f0ec53975d6f8e14a5f585f4c6df69be0d,pdf
DC-0075,evidence/double_coding_baselines/DC-0075.pdf,39c151e280e828bd3a4a583a038ca0f0ec53975d6f8e14a5f585f4c6df69be0d,pdf
DC-0076,evidence/double_coding_baselines/DC-0076.pdf,39c151e280e828bd3a4a583a038ca0f0ec53975d6f8e14a5f585f4c6df69be0d,pdf
DC-0077,evidence/double_coding_baselines/DC-0077.pdf,39c151e280e828bd3a4a583a038ca0f0ec53975d6f8e14a5f585f4c6df69be0d,pdf
DC-0078,evidence/double_coding_baselines/DC-0078.pdf,39c151e280e828bd3a4a583a038ca0f0ec53975d6f8e14a5f585f4c6df69be0d,pdf
DC-0079,evidence/double_coding_baselines/DC-0079.pdf,ad63ecb8c88aca137c4ee3e2011edaf8ffe123d926b3e10c90f06dc61418a1c7,pdf
DC-0080,evidence/double_coding_baselines/DC-0080.pdf,ad63ecb8c88aca137c4ee3e2011edaf8ffe123d926b3e10c90f06dc61418a1c7,pdf
DC-0081,evidence/double_coding_baselines/DC-0081.pdf,ad63ecb8c88aca137c4ee3e2011edaf8ffe123d926b3e10c90f06dc61418a1c7,pdf
DC-0082,evidence/double_coding_baselines/DC-0082.pdf,ad63ecb8c88aca137c4ee3e2011edaf8ffe123d926b3e10c90f06dc61418a1c7,pdf
DC-0083,evidence/double_coding_baselines/DC-0083.pdf,ad63ecb8c88aca137c4ee3e2011edaf8ffe123d926b3e10c90f06dc61418a1c7,pdf
DC-0084,evidence/double_coding_baselines/DC-0084.pdf,ad63ecb8c88aca137c4ee3e2011edaf8ffe123d926b3e10c90f06dc61418a1c7,pdf
DC-0085,evidence/double_coding_baselines/DC-0085.pdf,f1172d54adb5a196ae9698d5895f8a318652f26f5f47fd0d50d7bd73469bfc78,pdf
DC-0086,evidence/double_coding_baselines/DC-0086.pdf,f1172d54adb5a196ae9698d5895f8a318652f26f5f47fd0d50d7bd73469bfc78,pdf
DC-0087,evidence/double_coding_baselines/DC-0087.pdf,f1172d54adb5a196ae9698d5895f8a318652f26f5f47fd0d50d7bd73469bfc78,pdf
DC-0088,evidence/double_coding_baselines/DC-0088.pdf,f1172d54adb5a196ae9698d5895f8a318652f26f5f47fd0d50d7bd73469bfc78,pdf
DC-0089,evidence/double_coding_baselines/DC-0089.pdf,f1172d54adb5a196ae9698d5895f8a318652f26f5f47fd0d50d7bd73469bfc78,pdf
DC-0090,evidence/double_coding_baselines/DC-0090.pdf,f1172d54adb5a196ae9698d5895f8a318652f26f5f47fd0d50d7bd73469bfc78,pdf
DC-0091,evidence/double_coding_baselines/DC-0091.pdf,f1172d54adb5a196ae9698d5895f8a318652f26f5f47fd0d50d7bd73469bfc78,pdf
DC-0092,evidence/double_coding_baselines/DC-0092.pdf,fec7ddd22bfe17fc6f65d23c9cabab0cc7726784069f0201d5f6c29f85666a92,pdf
DC-0093,evidence/double_coding_baselines/DC-0093.pdf,fec7ddd22bfe17fc6f65d23c9cabab0cc7726784069f0201d5f6c29f85666a92,pdf
DC-0094,evidence/double_coding_baselines/DC-0094.pdf,fec7ddd22bfe17fc6f65d23c9cabab0cc7726784069f0201d5f6c29f85666a92,pdf
DC-0095,evidence/double_coding_baselines/DC-0095.pdf,fec7ddd22bfe17fc6f65d23c9cabab0cc7726784069f0201d5f6c29f85666a92,pdf
DC-0096,evidence/double_coding_baselines/DC-0096.pdf,fec7ddd22bfe17fc6f65d23c9cabab0cc7726784069f0201d5f6c29f85666a92,pdf
DC-0097,evidence/double_coding_baselines/DC-0097.pdf,fec7ddd22bfe17fc6f65d23c9cabab0cc7726784069f0201d5f6c29f85666a92,pdf
DC-0098,evidence/double_coding_baselines/DC-0098.pdf,fec7ddd22bfe17fc6f65d23c9cabab0cc7726784069f0201d5f6c29f85666a92,pdf
DC-0099,evidence/double_coding_baselines/DC-0099.pdf,fec7ddd22bfe17fc6f65d23c9cabab0cc7726784069f0201d5f6c29f85666a92,pdf
DC-0100,evidence/double_coding_baselines/DC-0100.pdf,fec7ddd22bfe17fc6f65d23c9cabab0cc7726784069f0201d5f6c29f85666a92,pdf
DC-0101,evidence/double_coding_baselines/DC-0101.pdf,54f9e2da0d787dca155284ee004b68780a66fafe62533922efa6dce3cd171b37,pdf
DC-0102,evidence/double_coding_baselines/DC-0102.pdf,54f9e2da0d787dca155284ee004b68780a66fafe62533922efa6dce3cd171b37,pdf
DC-0103,evidence/double_coding_baselines/DC-0103.pdf,54f9e2da0d787dca155284ee004b68780a66fafe62533922efa6dce3cd171b37,pdf
DC-0104,evidence/double_coding_baselines/DC-0104.pdf,54f9e2da0d787dca155284ee004b68780a66fafe62533922efa6dce3cd171b37,pdf
DC-0105,evidence/double_coding_baselines/DC-0105.pdf,54f9e2da0d787dca155284ee004b68780a66fafe62533922efa6dce3cd171b37,pdf
DC-0106,evidence/double_coding_baselines/DC-0106.pdf,54f9e2da0d787dca155284ee004b68780a66fafe62533922efa6dce3cd171b37,pdf
DC-0107,evidence/double_coding_baselines/DC-0107.pdf,54f9e2da0d787dca155284ee004b68780a66fafe62533922efa6dce3cd171b37,pdf
DC-0108,evidence/double_coding_baselines/DC-0108.pdf,54f9e2da0d787dca155284ee004b68780a66fafe62533922efa6dce3cd171b37,pdf
DC-0109,evidence/double_coding_baselines/DC-0109.pdf,54f9e2da0d787dca155284ee004b68780a66fafe62533922efa6dce3cd171b37,pdf
DC-0110,evidence/double_coding_baselines/DC-0110.pdf,54f9e2da0d787dca155284ee004b68780a66fafe62533922efa6dce3cd171b37,pdf
DC-0111,evidence/double_coding_baselines/DC-0111.pdf,a762620dacfe81aac95f5dc9be792ffeaf6fb459db3e91427d40a4aafa2e5c32,pdf
DC-0112,evidence/double_coding_baselines/DC-0112.pdf,a762620dacfe81aac95f5dc9be792ffeaf6fb459db3e91427d40a4aafa2e5c32,pdf
DC-0113,evidence/double_coding_baselines/DC-0113.pdf,a762620dacfe81aac95f5dc9be792ffeaf6fb459db3e91427d40a4aafa2e5c32,pdf
DC-0114,evidence/double_coding_baselines/DC-0114.pdf,a762620dacfe81aac95f5dc9be792ffeaf6fb459db3e91427d40a4aafa2e5c32,pdf
DC-0115,evidence/double_coding_baselines/DC-0115.pdf,a762620dacfe81aac95f5dc9be792ffeaf6fb459db3e91427d40a4aafa2e5c32,pdf
DC-0116,evidence/double_coding_baselines/DC-0116.pdf,a762620dacfe81aac95f5dc9be792ffeaf6fb459db3e91427d40a4aafa2e5c32,pdf
DC-0117,evidence/double_coding_baselines/DC-0117.pdf,a762620dacfe81aac95f5dc9be792ffeaf6fb459db3e91427d40a4aafa2e5c32,pdf
DC-0118,evidence/double_coding_baselines/DC-0118.pdf,a762620dacfe81aac95f5dc9be792ffeaf6fb459db3e91427d40a4aafa2e5c32,pdf
DC-0119,evidence/double_coding_baselines/DC-0119.pdf,032e212608eb5d4555f41c2bd910b67b4addcd397cb89fe551c8a6394fffd3a2,pdf
DC-0120,evidence/double_coding_baselines/DC-0120.pdf,032e212608eb5d4555f41c2bd910b67b4addcd397cb89fe551c8a6394fffd3a2,pdf
DC-0121,evidence/double_coding_baselines/DC-0121.pdf,032e212608eb5d4555f41c2bd910b67b4addcd397cb89fe551c8a6394fffd3a2,pdf
DC-0122,evidence/double_coding_baselines/DC-0122.pdf,032e212608eb5d4555f41c2bd910b67b4addcd397cb89fe551c8a6394fffd3a2,pdf
DC-0123,evidence/double_coding_baselines/DC-0123.pdf,032e212608eb5d4555f41c2bd910b67b4addcd397cb89fe551c8a6394fffd3a2,pdf
DC-0124,evidence/double_coding_baselines/DC-0124.pdf,032e212608eb5d4555f41c2bd910b67b4addcd397cb89fe551c8a6394fffd3a2,pdf
DC-0125,evidence/double_coding_baselines/DC-0125.pdf,032e212608eb5d4555f41c2bd910b67b4addcd397cb89fe551c8a6394fffd3a2,pdf
DC-0126,evidence/double_coding_baselines/DC-0126.pdf,032e212608eb5d4555f41c2bd910b67b4addcd397cb89fe551c8a6394fffd3a2,pdf
DC-0127,evidence/double_coding_baselines/DC-0127.pdf,032e212608eb5d4555f41c2bd910b67b4addcd397cb89fe551c8a6394fffd3a2,pdf
DC-0128,evidence/double_coding_baselines/DC-0128.pdf,673df5083f88b4c5f366c278da3578e0a34bbe41a0393a8650aaf6065f764236,pdf
DC-0129,evidence/double_coding_baselines/DC-0129.pdf,673df5083f88b4c5f366c278da3578e0a34bbe41a0393a8650aaf6065f764236,pdf
DC-0130,evidence/double_coding_baselines/DC-0130.pdf,673df5083f88b4c5f366c278da3578e0a34bbe41a0393a8650aaf6065f764236,pdf
DC-0131,evidence/double_coding_baselines/DC-0131.pdf,673df5083f88b4c5f366c278da3578e0a34bbe41a0393a8650aaf6065f764236,pdf
DC-0132,evidence/double_coding_baselines/DC-0132.pdf,673df5083f88b4c5f366c278da3578e0a34bbe41a0393a8650aaf6065f764236,pdf
DC-0133,evidence/double_coding_baselines/DC-0133.pdf,673df5083f88b4c5f366c278da3578e0a34bbe41a0393a8650aaf6065f764236,pdf
DC-0134,evidence/double_coding_baselines/DC-0134.pdf,673df5083f88b4c5f366c278da3578e0a34bbe41a0393a8650aaf6065f764236,pdf
DC-0135,evidence/double_coding_baselines/DC-0135.pdf,673df5083f88b4c5f366c278da3578e0a34bbe41a0393a8650aaf6065f764236,pdf
DC-0136,evidence/double_coding_baselines/DC-0136.pdf,8c4839cc3b305aad108a4f7a9128324f6da60885e850612d72a517dabaf013ce,pdf
DC-0137,evidence/double_coding_baselines/DC-0137.pdf,8c4839cc3b305aad108a4f7a9128324f6da60885e850612d72a517dabaf013ce,pdf
DC-0138,evidence/double_coding_baselines/DC-0138.pdf,8c4839cc3b305aad108a4f7a9128324f6da60885e850612d72a517dabaf013ce,pdf
DC-0139,evidence/double_coding_baselines/DC-0139.json,63b3fc83813aea48462af9c7fc137555c70f82eec55316b383b4505089565dc3,json
DC-0140,evidence/double_coding_baselines/DC-0140.json,63b3fc83813aea48462af9c7fc137555c70f82eec55316b383b4505089565dc3,json
DC-0141,evidence/double_coding_baselines/DC-0141.json,63b3fc83813aea48462af9c7fc137555c70f82eec55316b383b4505089565dc3,json
DC-0142,evidence/double_coding_baselines/DC-0142.json,63b3fc83813aea48462af9c7fc137555c70f82eec55316b383b4505089565dc3,json
DC-0143,evidence/double_coding_baselines/DC-0143.json,63b3fc83813aea48462af9c7fc137555c70f82eec55316b383b4505089565dc3,json
DC-0144,evidence/double_coding_baselines/DC-0144.json,63b3fc83813aea48462af9c7fc137555c70f82eec55316b383b4505089565dc3,json
DC-0145,evidence/double_coding_baselines/DC-0145.json,63b3fc83813aea48462af9c7fc137555c70f82eec55316b383b4505089565dc3,json
DC-0146,evidence/double_coding_baselines/DC-0146.json,63b3fc83813aea48462af9c7fc137555c70f82eec55316b383b4505089565dc3,json
DC-0147,evidence/double_coding_baselines/DC-0147.json,63b3fc83813aea48462af9c7fc137555c70f82eec55316b383b4505089565dc3,json
DC-0148,evidence/double_coding_baselines/DC-0148.json,97498a11ef3a55305b8b9f57f1fa85d4f52968f725319a27c1e87ecef3da4ef3,json
DC-0149,evidence/double_coding_baselines/DC-0149.json,97498a11ef3a55305b8b9f57f1fa85d4f52968f725319a27c1e87ecef3da4ef3,json
DC-0150,evidence/double_coding_baselines/DC-0150.json,97498a11ef3a55305b8b9f57f1fa85d4f52968f725319a27c1e87ecef3da4ef3,json
DC-0151,evidence/double_coding_baselines/DC-0151.json,97498a11ef3a55305b8b9f57f1fa85d4f52968f725319a27c1e87ecef3da4ef3,json
DC-0152,evidence/double_coding_baselines/DC-0152.json,97498a11ef3a55305b8b9f57f1fa85d4f52968f725319a27c1e87ecef3da4ef3,json
DC-0153,evidence/double_coding_baselines/DC-0153.json,97498a11ef3a55305b8b9f57f1fa85d4f52968f725319a27c1e87ecef3da4ef3,json
DC-0154,evidence/double_coding_baselines/DC-0154.json,c9aa0d92d35718324aa348010ba72827d480012352baba3a9735c90b53fcf79f,json
DC-0155,evidence/double_coding_baselines/DC-0155.json,c9aa0d92d35718324aa348010ba72827d480012352baba3a9735c90b53fcf79f,json
DC-0156,evidence/double_coding_baselines/DC-0156.json,c9aa0d92d35718324aa348010ba72827d480012352baba3a9735c90b53fcf79f,json
DC-0157,evidence/double_coding_baselines/DC-0157.json,c9aa0d92d35718324aa348010ba72827d480012352baba3a9735c90b53fcf79f,json
DC-0158,evidence/double_coding_baselines/DC-0158.json,c9aa0d92d35718324aa348010ba72827d480012352baba3a9735c90b53fcf79f,json
DC-0159,evidence/double_coding_baselines/DC-0159.json,c9aa0d92d35718324aa348010ba72827d480012352baba3a9735c90b53fcf79f,json
DC-0160,evidence/double_coding_baselines/DC-0160.json,c9aa0d92d35718324aa348010ba72827d480012352baba3a9735c90b53fcf79f,json
DC-0161,evidence/double_coding_baselines/DC-0161.json,b2dde1a9da8957051df06c42e0fdae04dd26d78abe62c49fb1b086092c534532,json
DC-0162,evidence/double_coding_baselines/DC-0162.json,b2dde1a9da8957051df06c42e0fdae04dd26d78abe62c49fb1b086092c534532,json
DC-0163,evidence/double_coding_baselines/DC-0163.json,b2dde1a9da8957051df06c42e0fdae04dd26d78abe62c49fb1b086092c534532,json
DC-0164,evidence/double_coding_baselines/DC-0164.json,b2dde1a9da8957051df06c42e0fdae04dd26d78abe62c49fb1b086092c534532,json
DC-0165,evidence/double_coding_baselines/DC-0165.json,b2dde1a9da8957051df06c42e0fdae04dd26d78abe62c49fb1b086092c534532,json
DC-0166,evidence/double_coding_baselines/DC-0166.json,b2dde1a9da8957051df06c42e0fdae04dd26d78abe62c49fb1b086092c534532,json
DC-0167,evidence/double_coding_baselines/DC-0167.json,b2dde1a9da8957051df06c42e0fdae04dd26d78abe62c49fb1b086092c534532,json
DC-0168,evidence/double_coding_baselines/DC-0168.json,b2dde1a9da8957051df06c42e0fdae04dd26d78abe62c49fb1b086092c534532,json
DC-0169,evidence/double_coding_baselines/DC-0169.json,b2dde1a9da8957051df06c42e0fdae04dd26d78abe62c49fb1b086092c534532,json
DC-0170,evidence/double_coding_baselines/DC-0170.json,03c487722b29098eb33588af2f988eefe5bf4fc18e5230238453466e82d013db,json
DC-0171,evidence/double_coding_baselines/DC-0171.json,03c487722b29098eb33588af2f988eefe5bf4fc18e5230238453466e82d013db,json
DC-0172,evidence/double_coding_baselines/DC-0172.json,03c487722b29098eb33588af2f988eefe5bf4fc18e5230238453466e82d013db,json
DC-0173,evidence/double_coding_baselines/DC-0173.json,03c487722b29098eb33588af2f988eefe5bf4fc18e5230238453466e82d013db,json
DC-0174,evidence/double_coding_baselines/DC-0174.json,03c487722b29098eb33588af2f988eefe5bf4fc18e5230238453466e82d013db,json
DC-0175,evidence/double_coding_baselines/DC-0175.json,03c487722b29098eb33588af2f988eefe5bf4fc18e5230238453466e82d013db,json
DC-0176,evidence/double_coding_baselines/DC-0176.json,03c487722b29098eb33588af2f988eefe5bf4fc18e5230238453466e82d013db,json
DC-0177,evidence/double_coding_baselines/DC-0177.json,03c487722b29098eb33588af2f988eefe5bf4fc18e5230238453466e82d013db,json
DC-0178,evidence/double_coding_baselines/DC-0178.json,03c487722b29098eb33588af2f988eefe5bf4fc18e5230238453466e82d013db,json
DC-0179,evidence/double_coding_baselines/DC-0179.json,03c487722b29098eb33588af2f988eefe5bf4fc18e5230238453466e82d013db,json
DC-0180,evidence/double_coding_baselines/DC-0180.json,1c4118d037e94b829722f435a1d43fa6cc1f81159108e1327ffb4887f98d5684,json
DC-0181,evidence/double_coding_baselines/DC-0181.json,1c4118d037e94b829722f435a1d43fa6cc1f81159108e1327ffb4887f98d5684,json
DC-0182,evidence/double_coding_baselines/DC-0182.json,1c4118d037e94b829722f435a1d43fa6cc1f81159108e1327ffb4887f98d5684,json
DC-0183,evidence/double_coding_baselines/DC-0183.json,1c4118d037e94b829722f435a1d43fa6cc1f81159108e1327ffb4887f98d5684,json
DC-0184,evidence/double_coding_baselines/DC-0184.json,1c4118d037e94b829722f435a1d43fa6cc1f81159108e1327ffb4887f98d5684,json
DC-0185,evidence/double_coding_baselines/DC-0185.json,1c4118d037e94b829722f435a1d43fa6cc1f81159108e1327ffb4887f98d5684,json
DC-0186,evidence/double_coding_baselines/DC-0186.json,1c4118d037e94b829722f435a1d43fa6cc1f81159108e1327ffb4887f98d5684,json
DC-0187,evidence/double_coding_baselines/DC-0187.json,1c4118d037e94b829722f435a1d43fa6cc1f81159108e1327ffb4887f98d5684,json
DC-0188,evidence/double_coding_baselines/DC-0188.json,c3dbb54aeefe2a25e683c66ae21518cf4f8916fe98ac334c7d33395850bfeabf,json
DC-0189,evidence/double_coding_baselines/DC-0189.json,c3dbb54aeefe2a25e683c66ae21518cf4f8916fe98ac334c7d33395850bfeabf,json
DC-0190,evidence/double_coding_baselines/DC-0190.json,c3dbb54aeefe2a25e683c66ae21518cf4f8916fe98ac334c7d33395850bfeabf,json
DC-0191,evidence/double_coding_baselines/DC-0191.json,c3dbb54aeefe2a25e683c66ae21518cf4f8916fe98ac334c7d33395850bfeabf,json
DC-0192,evidence/double_coding_baselines/DC-0192.json,c3dbb54aeefe2a25e683c66ae21518cf4f8916fe98ac334c7d33395850bfeabf,json
DC-0193,evidence/double_coding_baselines/DC-0193.json,c3dbb54aeefe2a25e683c66ae21518cf4f8916fe98ac334c7d33395850bfeabf,json
DC-0194,evidence/double_coding_baselines/DC-0194.json,c3dbb54aeefe2a25e683c66ae21518cf4f8916fe98ac334c7d33395850bfeabf,json
DC-0195,evidence/double_coding_baselines/DC-0195.json,c3dbb54aeefe2a25e683c66ae21518cf4f8916fe98ac334c7d33395850bfeabf,json
DC-0196,evidence/double_coding_baselines/DC-0196.json,c3dbb54aeefe2a25e683c66ae21518cf4f8916fe98ac334c7d33395850bfeabf,json
DC-0197,evidence/double_coding_baselines/DC-0197.json,6bc3cdccf5c28ae0896d7388e779ca7d1fba717824d69fa5f2cb6dc2ac3695cf,json
DC-0198,evidence/double_coding_baselines/DC-0198.json,6bc3cdccf5c28ae0896d7388e779ca7d1fba717824d69fa5f2cb6dc2ac3695cf,json
DC-0199,evidence/double_coding_baselines/DC-0199.json,6bc3cdccf5c28ae0896d7388e779ca7d1fba717824d69fa5f2cb6dc2ac3695cf,json
DC-0200,evidence/double_coding_baselines/DC-0200.json,6bc3cdccf5c28ae0896d7388e779ca7d1fba717824d69fa5f2cb6dc2ac3695cf,json
DC-0201,evidence/double_coding_baselines/DC-0201.json,6bc3cdccf5c28ae0896d7388e779ca7d1fba717824d69fa5f2cb6dc2ac3695cf,json
DC-0202,evidence/double_coding_baselines/DC-0202.json,6bc3cdccf5c28ae0896d7388e779ca7d1fba717824d69fa5f2cb6dc2ac3695cf,json
DC-0203,evidence/double_coding_baselines/DC-0203.json,6bc3cdccf5c28ae0896d7388e779ca7d1fba717824d69fa5f2cb6dc2ac3695cf,json
DC-0204,evidence/double_coding_baselines/DC-0204.json,6bc3cdccf5c28ae0896d7388e779ca7d1fba717824d69fa5f2cb6dc2ac3695cf,json
DC-0205,evidence/double_coding_baselines/DC-0205.json,4c975bd962da3ba28c952c5d73f035335967b133b1e9db6e4baf8f800b1aab08,json
DC-0206,evidence/double_coding_baselines/DC-0206.json,4c975bd962da3ba28c952c5d73f035335967b133b1e9db6e4baf8f800b1aab08,json
DC-0207,evidence/double_coding_baselines/DC-0207.json,4c975bd962da3ba28c952c5d73f035335967b133b1e9db6e4baf8f800b1aab08,json
