operator,description,operator_class,target_structure,accessibility_property,pdfua_relationship,iso_clause_or_requirement,matterhorn_or_technique,machine_or_human_status,expected_checker_capability,class_rationale,source_reference,mapping_status
M01,Structural reading-order swap,class_b,L; LI; Table; TR; P; Div,intended logical reading order,semantic interpretation of structure-tree order; not assumed to be an automated PDF/UA rule,outside formal automated scope unless a validator explicitly claims logical reading order,"Matterhorn 09-001 (tags not in logical reading order), Human; semantic target, not an automated kill oracle",semantic/human-judgment/assistive-representation,outside or partly outside formal automated scope,"Class B: semantic, completeness, order, or representation effect is not assumed to be mechanically decidable by the tested checker.","PDF Association, Matterhorn Protocol 1.1, logical reading order human-check family; PDF Association, Techniques for Accessible PDF, reading-order techniques",AUTHORITATIVE_MATTERHORN_REVIEWED; CLASS_B_OR_SCOPE_LIMITED
M02,Omission from assistive structure,class_b,Document; Part; Sect; Div; L; Table,visible content represented in tagged structure,semantic/content-completeness requirement; exact automated coverage is validator dependent,outside or validator-dependent formal scope; no stable rule identity claimed,Matterhorn 01-005/01-006 are related completeness/semantic conditions; exact omission interpretation is scope-dependent,semantic/human-judgment/assistive-representation,tool/profile dependent; do not assume a miss is a conformance miss,"Class B: semantic, completeness, order, or representation effect is not assumed to be mechanically decidable by the tested checker.","PDF Association, Matterhorn Protocol 1.1, tagged-content/structure completeness checks; PDF Association, Techniques for Accessible PDF, tagging techniques",AUTHORITATIVE_MATTERHORN_REVIEWED; CLASS_B_OR_SCOPE_LIMITED
M03,Incorrect heading level,class_a,H1; H2; H3; H4; H5,heading hierarchy,PDF/UA-1 heading hierarchy requirement,ISO 14289-1:2014 7.4.2; veraPDF hasCorrectNestingLevel; Acrobat Appropriate nesting; PAC Structure elements,"Matterhorn 14-003 (skipped numbered heading levels), Machine",machine-checkable/conformance-oriented,machine-checkable under the tested profiles,Class A: file property has a checkable structural/conformance predicate.,"ISO 14289-1:2014, 7.4.2; PDF Association, Matterhorn Protocol 1.1, heading hierarchy checks",AUTHORITATIVE_MATTERHORN_REVIEWED; MACHINE_SCOPE_RECORDED
M04,Wrong marked-content association,class_b,LI; P; Span; Lbl; LBody; TD; TH,semantic association between structure elements and marked content,association correctness can require semantic judgment even when COS remains well-formed,outside formal automated scope unless a validator exposes association-specific evidence,"Matterhorn 09-003 (semantic appropriateness), Human; exact marked-content association is not a stable automated rule",semantic/human-judgment/assistive-representation,semantic/property dependent; classify only relevant failures,"Class B: semantic, completeness, order, or representation effect is not assumed to be mechanically decidable by the tested checker.","PDF Association, Techniques for Accessible PDF, structure/content association techniques; Matterhorn Protocol 1.1, semantic structure checks",AUTHORITATIVE_MATTERHORN_REVIEWED; CLASS_B_OR_SCOPE_LIMITED
M05,Internal MCID sequence reversal,class_b,P; Span; LI; LBody; TD; TH,sequence of marked-content chunks within one structure element,reading semantics may require context; structural legality alone is insufficient,outside formal automated scope unless a validator claims intra-element content order,"Matterhorn 09-001 (logical reading order), Human; exact intra-element sequence is semantic",semantic/human-judgment/assistive-representation,outside or partly outside formal automated scope,"Class B: semantic, completeness, order, or representation effect is not assumed to be mechanically decidable by the tested checker.","PDF Association, Matterhorn Protocol 1.1, logical order human-check family; PDF Association, Techniques for Accessible PDF, content-order techniques",AUTHORITATIVE_MATTERHORN_REVIEWED; CLASS_B_OR_SCOPE_LIMITED
M06,Duplicate list-item reference,class_b,L,list containment and uniqueness of list items,list structure/assistive-representation concern; no explicit Matterhorn machine failure condition for duplicate references was identified,Matterhorn 01-006/16-003 provide semantic list-structure checks but do not specify a duplicate-reference machine condition; no stable validator-specific rule emitted in active reports,"Matterhorn 09-005 (list syntax), Machine in general, but no explicit duplicate-reference condition was identified; retain as Class B",semantic/human-judgment/assistive-representation,semantic/representation dependent; do not interpret no automated finding as a validator failure,"Class B: semantic, completeness, order, or representation effect is not assumed to be mechanically decidable by the tested checker.","ISO 14289-1:2014, structure-element constraints; PDF Association, Techniques for Accessible PDF, list structure techniques",AUTHORITATIVE_MATTERHORN_REVIEWED; CLASS_B_OR_SCOPE_LIMITED
M07,Missing figure alternate description,class_a,Figure,alternate description on a figure,PDF/UA-1 figure alternate-description requirement,ISO 14289-1:2014 7.3; veraPDF alternate-description rule; PAC Alternative Descriptions; Acrobat Figures alternate text,"Matterhorn 13-004 (Figure alternative/replacement text missing), Machine",machine-checkable/conformance-oriented,machine-checkable when the profile checks required figure alternate text,Class A: file property has a checkable structural/conformance predicate.,"ISO 14289-1:2014, 7.3; PDF Association, Techniques for Accessible PDF, figure alternate-description technique",AUTHORITATIVE_MATTERHORN_REVIEWED; MACHINE_SCOPE_RECORDED
M08,Missing document language metadata,class_a,Catalog,document language metadata,PDF/UA-1 document-language requirement,ISO 14289-1:2014 7.2; veraPDF natural-language rule; PAC Natural language; Acrobat Primary language,"Matterhorn 11-001 (natural language for page content cannot be determined), Machine; catalog /Lang is the tested representation",machine-checkable/conformance-oriented,machine-checkable where language metadata is checked,Class A: file property has a checkable structural/conformance predicate.,"ISO 14289-1:2014, 7.2; PDF Association, Techniques for Accessible PDF, document-language technique",AUTHORITATIVE_MATTERHORN_REVIEWED; MACHINE_SCOPE_RECORDED
M09,Invalid RoleMap target,class_a,StructTreeRoot; Catalog,valid role mapping,PDF/UA-1 role-mapping requirement,ISO 14289-1:2014 7.1; veraPDF role-map rule; PAC Role mapping,"Matterhorn 02-001 (non-standard tag mapping does not terminate with a standard type), Machine; applies to RoleMap entries whether used or not",machine-checkable/conformance-oriented,machine-checkable where role-map resolution is checked,Class A: file property has a checkable structural/conformance predicate.,"ISO 14289-1:2014, 7.1; PDF Association, Techniques for Accessible PDF, role-mapping technique",AUTHORITATIVE_MATTERHORN_REVIEWED; MACHINE_SCOPE_RECORDED
M10,Illegal table-child role,class_a,TD; TH,table containment,PDF/UA-1 table containment requirement,ISO 14289-1:2014 7.2; veraPDF TR-element child-role rule; PAC Structure tree; conditional Acrobat Headers direct-consequence proxy,"Matterhorn 09-004 (table-related structure syntax), Machine; direct TR child-role interpretation is profile/tool dependent",machine-checkable/conformance-oriented,machine-checkable where table containment is checked,Class A: file property has a checkable structural/conformance predicate.,"ISO 14289-1:2014, 7.2; PDF Association, Techniques for Accessible PDF, table structure technique",AUTHORITATIVE_MATTERHORN_REVIEWED; MACHINE_SCOPE_RECORDED
