mutant_id,operator,source_golden,source_sha256,requested_target,selection_rule,eligible_candidate_count,eligible_candidate_refs,chosen_target,target_precondition_status,target_reachability_status,mutant_sha256
PDFUA-Ref-2-02_Invoice-M08,M08,PDFUA-Ref-2-02_Invoice,fbae08464f192f532205833215505b78266e86df6283d9b0c439cb06927ce0b9,auto,first eligible reachable target in stable structure traversal order,1,direct,direct,PASS,PASS,4fa45b60c80cb404e90b60c4eb2e273acfc22555afdab15b8b1684d09b4f33df
PDFUA-Ref-2-03_AcademicAbstract-M03,M03,PDFUA-Ref-2-03_AcademicAbstract,e61257d371261867926eb006f8895569a95fcfbcb93fca3be04b8b9187cb93a0,auto,first eligible reachable target in stable structure traversal order,7,155:0;160:0;161:0;163:0;166:0;174:0;205:0,155:0,PASS,PASS,fcc8533b325c9a1a1675c46ec0856649fa02feea531e4aba4492a12a41e1a571
PDFUA-Ref-2-03_AcademicAbstract-M06,M06,PDFUA-Ref-2-03_AcademicAbstract,e61257d371261867926eb006f8895569a95fcfbcb93fca3be04b8b9187cb93a0,auto,first eligible reachable target in stable structure traversal order,4,208:0;210:0;212:0;221:0,208:0,PASS,PASS,ca37553b2d45198cd26b168a6c9eb41f248cd4f9179118b991fc47917a443afb
PDFUA-Ref-2-01_Magazine-danish-M01,M01,PDFUA-Ref-2-01_Magazine-danish,aef89af13c9c94fc4f4e1a8c5872450cc4c8fff7de544d8ada6a0912425aa434,auto,first eligible reachable target in stable structure traversal order,101,582:0;752:0;1552:0;1551:0;1500:0;1506:0;1515:0;1516:0;1539:0;1517:0;1529:0;1530:0;1531:0;1533:0;1518:0;1519:0;1520:0;1464:0;1478:0;1463:0;1487:0;1489:0;1490:0;1491:0;693:0;715:0;716:0;692:0;719:0;617:0;621:0;622:0;624:0;616:0;668:0;625:0;647:0;626:0;629:0;1441:0;1442:0;1447:0;1448:0;1449:0;1450:0;1451:0;1452:0;1453:0;1443:0;1445:0;1357:0;1367:0;1369:0;1373:0;1356:0;1370:0;1322:0;1332:0;1333:0;1235:0;1205:0;1204:0;1206:0;1092:0;1098:0;1104:0;1113:0;1091:0;1118:0;1120:0;1121:0;1122:0;1123:0;1124:0;1125:0;1126:0;1157:0;1158:0;1159:0;1160:0;1161:0;1162:0;1156:0;950:0;956:0;964:0;980:0;949:0;947:0;797:0;801:0;809:0;814:0;817:0;824:0;825:0;790:0;792:0;793:0;768:0;767:0,582:0,PASS,PASS,a52e75193364438a1701f76c986fc047ee3e3b98dd691ec662d2c1d380c5d2df
PDFUA-Ref-2-01_Magazine-danish-M02,M02,PDFUA-Ref-2-01_Magazine-danish,aef89af13c9c94fc4f4e1a8c5872450cc4c8fff7de544d8ada6a0912425aa434,auto,first eligible reachable target in stable structure traversal order,193,582:0;752:0;749:0;1552:0;1551:0;1554:0;1573:0;1555:0;1572:0;1556:0;1571:0;1557:0;1570:0;1558:0;1569:0;1559:0;1568:0;1560:0;1567:0;1561:0;1566:0;1562:0;1565:0;1563:0;1564:0;1550:0;1549:0;1500:0;1501:0;1506:0;1515:0;1516:0;1539:0;1544:0;1545:0;1517:0;1528:0;1529:0;1530:0;1531:0;1533:0;1518:0;1519:0;1520:0;1464:0;1468:0;1478:0;1463:0;1462:0;1484:0;1487:0;1489:0;1490:0;1491:0;693:0;700:0;711:0;715:0;729:0;716:0;722:0;692:0;691:0;719:0;720:0;617:0;621:0;666:0;622:0;662:0;623:0;624:0;660:0;616:0;667:0;668:0;669:0;625:0;646:0;647:0;657:0;626:0;643:0;629:0;1441:0;1442:0;1447:0;1460:0;1448:0;1459:0;1449:0;1458:0;1450:0;1457:0;1451:0;1456:0;1452:0;1455:0;1453:0;1454:0;1443:0;1444:0;1445:0;1446:0;1357:0;1364:0;1367:0;1375:0;1369:0;1372:0;1373:0;1356:0;1390:0;1370:0;1371:0;1322:0;1321:0;1332:0;1335:0;1333:0;1334:0;1235:0;1205:0;1204:0;1203:0;1206:0;1207:0;1092:0;1098:0;1151:0;1099:0;1104:0;1105:0;1113:0;1136:0;1114:0;1091:0;1090:0;1118:0;1119:0;1120:0;1121:0;1044:0;1122:0;1047:0;1123:0;1051:0;1124:0;1055:0;1125:0;1058:0;1126:0;1061:0;1157:0;1158:0;1159:0;1160:0;1161:0;1162:0;1156:0;950:0;956:0;1033:0;963:0;964:0;1017:0;976:0;980:0;949:0;948:0;947:0;797:0;801:0;912:0;809:0;885:0;810:0;814:0;870:0;817:0;860:0;824:0;838:0;825:0;827:0;790:0;791:0;792:0;795:0;793:0;794:0;768:0;767:0,582:0,PASS,PASS,e8df97191d286d7b52b625d3664034a14374aac4965a0bdd2aa6af57f9876c5f
PDFUA-Ref-2-01_Magazine-danish-M03,M03,PDFUA-Ref-2-01_Magazine-danish,aef89af13c9c94fc4f4e1a8c5872450cc4c8fff7de544d8ada6a0912425aa434,auto,first eligible reachable target in stable structure traversal order,71,1553:0;1501:0;1465:0;694:0;701:0;703:0;706:0;709:0;712:0;717:0;683:0;618:0;595:0;627:0;1438:0;1358:0;1365:0;1368:0;1323:0;1328:0;1299:0;1295:0;1236:0;1239:0;1242:0;1245:0;1251:0;1256:0;1259:0;1265:0;1269:0;1277:0;1282:0;1287:0;1218:0;1208:0;1213:0;1221:0;1225:0;1228:0;1168:0;1181:0;1188:0;1093:0;1100:0;1106:0;1110:0;1115:0;1078:0;1085:0;951:0;957:0;965:0;971:0;977:0;981:0;939:0;926:0;929:0;933:0;936:0;798:0;803:0;805:0;811:0;815:0;818:0;820:0;776:0;765:0;754:0,1553:0,PASS,PASS,f7b9e14f0320211e69643205e92b5c0719008a512cbb0b572b00d5362d011bfb
PDFUA-Ref-2-01_Magazine-danish-M04,M04,PDFUA-Ref-2-01_Magazine-danish,aef89af13c9c94fc4f4e1a8c5872450cc4c8fff7de544d8ada6a0912425aa434,auto,first eligible reachable target in stable structure traversal order,2,1502:0;1503:0,1502:0;1503:0,PASS,PASS,eb79fabe18daacdee5408ca7bc5a7968f8113c1721ff80830870d5680a639c82
PDFUA-Ref-2-01_Magazine-danish-M05,M05,PDFUA-Ref-2-01_Magazine-danish,aef89af13c9c94fc4f4e1a8c5872450cc4c8fff7de544d8ada6a0912425aa434,auto,first eligible reachable target in stable structure traversal order,13,1465:0;1493:0;694:0;713:0;618:0;1358:0;1323:0;1168:0;1093:0;951:0;828:0;776:0;780:0,1465:0,PASS,PASS,5b5f3a85909983e4b44ba0babf92c7e9704757387a94804ef792ca3d3918bb6f
PDFUA-Ref-2-01_Magazine-danish-M06,M06,PDFUA-Ref-2-01_Magazine-danish,aef89af13c9c94fc4f4e1a8c5872450cc4c8fff7de544d8ada6a0912425aa434,auto,first eligible reachable target in stable structure traversal order,6,1506:0;1529:0;1487:0;1442:0;1120:0;1157:0,1506:0,PASS,PASS,4774ad31d5381502e81bc0e30ee6a92559c51bf4bd3772adcc50b3ca1d671d81
PDFUA-Ref-2-01_Magazine-danish-M07,M07,PDFUA-Ref-2-01_Magazine-danish,aef89af13c9c94fc4f4e1a8c5872450cc4c8fff7de544d8ada6a0912425aa434,auto,first eligible reachable target in stable structure traversal order,80,750:0;1507:0;1508:0;1512:0;1472:0;1474:0;697:0;728:0;723:0;687:0;679:0;688:0;665:0;661:0;588:0;613:0;656:0;642:0;630:0;1437:0;1374:0;1355:0;1341:0;1347:0;1326:0;1329:0;1331:0;1312:0;1314:0;1313:0;1319:0;1311:0;1241:0;1250:0;1255:0;1258:0;1263:0;1268:0;1276:0;1281:0;1286:0;1291:0;1217:0;1234:0;1212:0;1233:0;1232:0;1227:0;1167:0;1197:0;1150:0;1142:0;1135:0;1042:0;1088:0;954:0;1032:0;1016:0;987:0;988:0;940:0;924:0;944:0;943:0;945:0;946:0;911:0;884:0;869:0;859:0;840:0;841:0;828:0;826:0;780:0;778:0;777:0;789:0;764:0;766:0,750:0,PASS,PASS,a45021dfa3ce09f803eac101d0d5bffcd1326662a9a71c028bbd51cbe01a595f
PDFUA-Ref-2-01_Magazine-danish-M08,M08,PDFUA-Ref-2-01_Magazine-danish,aef89af13c9c94fc4f4e1a8c5872450cc4c8fff7de544d8ada6a0912425aa434,auto,first eligible reachable target in stable structure traversal order,1,direct,direct,PASS,PASS,798d1807493ecbed375ba1a175bb6d19f6d51dfe508c6df88df7ec3f8e1d6061
PDFUA-Ref-2-01_Magazine-danish-M09,M09,PDFUA-Ref-2-01_Magazine-danish,aef89af13c9c94fc4f4e1a8c5872450cc4c8fff7de544d8ada6a0912425aa434,auto,first eligible reachable target in stable structure traversal order,1,direct,direct,PASS,PASS,3ef299495b93ea1d1fd50ba38ec265412abb6e1d7e147918d50ec9afcc36662b
PDFUA-Ref-2-02_Invoice-M02,M02,PDFUA-Ref-2-02_Invoice,fbae08464f192f532205833215505b78266e86df6283d9b0c439cb06927ce0b9,auto,first eligible reachable target in stable structure traversal order,18,3:0;7:0;11:0;29:0;31:0;33:0;38:0;39:0;40:0;46:0;47:0;53:0;59:0;65:0;71:0;77:0;83:0;89:0,3:0,PASS,PASS,462607fdecfb53a1cfdf57d060f6f2ef467370ae7d39213b258398a1777120fd
PDFUA-Ref-2-02_Invoice-M03,M03,PDFUA-Ref-2-02_Invoice,fbae08464f192f532205833215505b78266e86df6283d9b0c439cb06927ce0b9,auto,first eligible reachable target in stable structure traversal order,1,36:0,36:0,PASS,PASS,7887ebfcc438c907ca1981ad33769f3ebee0831b86c8f18ba672a682e45e0323
PDFUA-Ref-2-02_Invoice-M04,M04,PDFUA-Ref-2-02_Invoice,fbae08464f192f532205833215505b78266e86df6283d9b0c439cb06927ce0b9,auto,first eligible reachable target in stable structure traversal order,2,41:0;42:0,41:0;42:0,PASS,PASS,c831396c411f0e67e1fa9eea43cf7e8f741b9f99c69cbdd9f0ce3c17dcab2514
PDFUA-Ref-2-02_Invoice-M10,M10,PDFUA-Ref-2-02_Invoice,fbae08464f192f532205833215505b78266e86df6283d9b0c439cb06927ce0b9,auto,first eligible reachable target in stable structure traversal order,45,41:0;42:0;43:0;44:0;45:0;48:0;49:0;50:0;51:0;52:0;54:0;55:0;56:0;57:0;58:0;60:0;61:0;62:0;63:0;64:0;66:0;67:0;68:0;69:0;70:0;72:0;73:0;74:0;75:0;76:0;78:0;79:0;80:0;81:0;82:0;84:0;85:0;86:0;87:0;88:0;90:0;91:0;92:0;93:0;94:0,41:0,PASS,PASS,a4e6177f2fba056f3364f7ac88c2907effa97ee177584a1c46c4aeeca5f31c48
PDFUA-Ref-2-02_Invoice-M07,M07,PDFUA-Ref-2-02_Invoice,fbae08464f192f532205833215505b78266e86df6283d9b0c439cb06927ce0b9,auto,first eligible reachable target in stable structure traversal order,2,21:0;28:0,21:0,PASS,PASS,14e04ae7cadc509f5b6479aff17be9cf6d79e68524801d8aa9a27e49ea348506
PDFUA-Ref-2-03_AcademicAbstract-M02,M02,PDFUA-Ref-2-03_AcademicAbstract,e61257d371261867926eb006f8895569a95fcfbcb93fca3be04b8b9187cb93a0,auto,first eligible reachable target in stable structure traversal order,18,21:0;208:0;207:0;210:0;212:0;220:0;221:0;222:0;223:0;213:0;214:0;215:0;216:0;217:0;218:0;219:0;209:0;62:0,21:0,PASS,PASS,16aed0e5075a817106227b70904ceee8d8c2f771c2a83fc933e07e4a561ba5f1
PDFUA-Ref-2-03_AcademicAbstract-M01,M01,PDFUA-Ref-2-03_AcademicAbstract,e61257d371261867926eb006f8895569a95fcfbcb93fca3be04b8b9187cb93a0,auto,first eligible reachable target in stable structure traversal order,17,21:0;207:0;210:0;212:0;220:0;221:0;222:0;223:0;213:0;214:0;215:0;216:0;217:0;218:0;219:0;209:0;62:0,21:0,PASS,PASS,3e2fe0a15cd8758f335e91aef7bb50a2b45f2e003448723f106d803a55ce788f
PDFUA-Ref-2-03_AcademicAbstract-M05,M05,PDFUA-Ref-2-03_AcademicAbstract,e61257d371261867926eb006f8895569a95fcfbcb93fca3be04b8b9187cb93a0,auto,first eligible reachable target in stable structure traversal order,1,206:0,206:0,PASS,PASS,ee82308195b4488f8c6e01bc8e4ba469df760c122c766ff84fc3425302d6f528
PDFUA-Ref-2-03_AcademicAbstract-M04,M04,PDFUA-Ref-2-03_AcademicAbstract,e61257d371261867926eb006f8895569a95fcfbcb93fca3be04b8b9187cb93a0,auto,first eligible reachable target in stable structure traversal order,2,171:0;172:0,171:0;172:0,PASS,PASS,aa1b231accabf87602fa064972332501785b16ce8de42ade4ccb57463f5281ec
PDFUA-Ref-2-03_AcademicAbstract-M08,M08,PDFUA-Ref-2-03_AcademicAbstract,e61257d371261867926eb006f8895569a95fcfbcb93fca3be04b8b9187cb93a0,auto,first eligible reachable target in stable structure traversal order,1,direct,direct,PASS,PASS,381ec9f9fe1f7ef256d3f2ed7e5e405bb9802b17bb64d762f572bc6d313af091
PDFUA-Ref-2-04_Presentation-M01,M01,PDFUA-Ref-2-04_Presentation,90acb829ca8bfa037796592539d15010e9099d1cd2622aac1fce7d9fd3ae7575,auto,first eligible reachable target in stable structure traversal order,52,289:0;290:0;293:0;149:0;150:0;152:0;153:0;158:0;163:0;168:0;173:0;181:0;182:0;183:0;187:0;188:0;193:0;194:0;199:0;201:0;202:0;203:0;207:0;208:0;212:0;213:0;218:0;219:0;220:0;224:0;225:0;229:0;231:0;232:0;233:0;237:0;238:0;146:0;140:0;141:0;142:0;136:0;137:0;244:0;246:0;247:0;248:0;252:0;253:0;265:0;266:0;271:0,289:0,PASS,PASS,1e4ccf771ae704a24d184020cdac9bd43d0a9bdb6ab88e04b7893d040d642c9c
PDFUA-Ref-2-04_Presentation-M02,M02,PDFUA-Ref-2-04_Presentation,90acb829ca8bfa037796592539d15010e9099d1cd2622aac1fce7d9fd3ae7575,auto,first eligible reachable target in stable structure traversal order,76,289:0;290:0;291:0;293:0;294:0;299:0;302:0;149:0;150:0;152:0;153:0;154:0;156:0;158:0;159:0;161:0;163:0;164:0;166:0;168:0;169:0;171:0;173:0;175:0;177:0;181:0;182:0;183:0;187:0;188:0;193:0;194:0;199:0;201:0;202:0;203:0;207:0;208:0;212:0;213:0;218:0;219:0;220:0;224:0;225:0;229:0;231:0;232:0;233:0;237:0;238:0;146:0;140:0;141:0;142:0;136:0;137:0;134:0;129:0;244:0;246:0;247:0;248:0;252:0;253:0;259:0;261:0;265:0;266:0;271:0;272:0;274:0;277:0;280:0;283:0;286:0,289:0,PASS,PASS,e85501fb90d221c574cae80f0cab8f7db33b2a21c9b89e7f2de4167b4dd87880
PDFUA-Ref-2-04_Presentation-M03,M03,PDFUA-Ref-2-04_Presentation,90acb829ca8bfa037796592539d15010e9099d1cd2622aac1fce7d9fd3ae7575,auto,first eligible reachable target in stable structure traversal order,7,151:0;174:0;200:0;217:0;230:0;147:0;245:0,151:0,PASS,PASS,23612f2c7708412a2bcfc9ba1023d8712c0db74be6f6752d7b04bb54b23913b7
PDFUA-Ref-2-04_Presentation-M04,M04,PDFUA-Ref-2-04_Presentation,90acb829ca8bfa037796592539d15010e9099d1cd2622aac1fce7d9fd3ae7575,auto,first eligible reachable target in stable structure traversal order,2,297:0;298:0,297:0;298:0,PASS,PASS,d54e7cdfa78b6be17e9234803de1e88ece27cba0282e244b0f0abfdd992487cd
PDFUA-Ref-2-04_Presentation-M05,M05,PDFUA-Ref-2-04_Presentation,90acb829ca8bfa037796592539d15010e9099d1cd2622aac1fce7d9fd3ae7575,auto,first eligible reachable target in stable structure traversal order,1,186:0,186:0,PASS,PASS,5d72a6c172200b5c5bf50850d45e535a9ed8454edfec1b2714a6c72159995d5c
PDFUA-Ref-2-04_Presentation-M06,M06,PDFUA-Ref-2-04_Presentation,90acb829ca8bfa037796592539d15010e9099d1cd2622aac1fce7d9fd3ae7575,auto,first eligible reachable target in stable structure traversal order,7,152:0;181:0;201:0;218:0;231:0;140:0;246:0,152:0,PASS,PASS,56a2b7314c6bb652499bd6ed6a070925d4a76b840d9a06a4377b055a02d37da4
PDFUA-Ref-2-04_Presentation-M07,M07,PDFUA-Ref-2-04_Presentation,90acb829ca8bfa037796592539d15010e9099d1cd2622aac1fce7d9fd3ae7575,auto,first eligible reachable target in stable structure traversal order,2,301:0;270:0,301:0,PASS,PASS,09d414160bdb30b7d9aa23413647b6ba38f434340f1d3f0d3164a1d37d5d3088
PDFUA-Ref-2-04_Presentation-M08,M08,PDFUA-Ref-2-04_Presentation,90acb829ca8bfa037796592539d15010e9099d1cd2622aac1fce7d9fd3ae7575,auto,first eligible reachable target in stable structure traversal order,1,direct,direct,PASS,PASS,72f5f8517793703f0eb2affec0285f5bfb13a062e91810ef96c17a766aa81539
PDFUA-Ref-2-04_Presentation-M09,M09,PDFUA-Ref-2-04_Presentation,90acb829ca8bfa037796592539d15010e9099d1cd2622aac1fce7d9fd3ae7575,auto,first eligible reachable target in stable structure traversal order,1,direct,direct,PASS,PASS,d9603ca680cfdcaf22033828f12e55e1d26f825bcbdfaf7dd0a29798ea61de3a
PDFUA-Ref-2-05_BookChapter-german-M01,M01,PDFUA-Ref-2-05_BookChapter-german,fc525b8899da31779b6143c16053779cd560d4417018a901472de33c71252352,auto,first eligible reachable target in stable structure traversal order,83,314:0;318:0;320:0;325:0;329:0;338:0;343:0;364:0;369:0;382:0;386:0;412:0;430:0;431:0;435:0;440:0;487:0;488:0;492:0;496:0;568:0;569:0;574:0;581:0;589:0;595:0;601:0;609:0;610:0;614:0;618:0;622:0;626:0;630:0;634:0;638:0;642:0;689:0;690:0;691:0;697:0;698:0;705:0;706:0;746:0;747:0;752:0;815:0;816:0;824:0;825:0;1013:0;1014:0;1015:0;1020:0;1021:0;1025:0;1026:0;1030:0;1031:0;1035:0;1036:0;1048:0;1049:0;1050:0;1054:0;1055:0;1059:0;1060:0;1064:0;1065:0;1070:0;1071:0;1075:0;1076:0;1080:0;1081:0;1085:0;1086:0;1090:0;1091:0;1095:0;1096:0,314:0,PASS,PASS,f3455e42a1e7610054506c9ece9cfbef949f888e93294fce9eae762222be6078
PDFUA-Ref-2-05_BookChapter-german-M02,M02,PDFUA-Ref-2-05_BookChapter-german,fc525b8899da31779b6143c16053779cd560d4417018a901472de33c71252352,auto,first eligible reachable target in stable structure traversal order,152,313:0;314:0;315:0;318:0;320:0;321:0;322:0;325:0;326:0;329:0;330:0;331:0;334:0;335:0;338:0;339:0;343:0;344:0;345:0;348:0;349:0;352:0;353:0;356:0;357:0;360:0;361:0;364:0;365:0;369:0;370:0;371:0;374:0;375:0;378:0;379:0;382:0;383:0;386:0;387:0;388:0;391:0;392:0;395:0;396:0;400:0;401:0;404:0;405:0;408:0;409:0;412:0;430:0;431:0;432:0;435:0;436:0;440:0;441:0;487:0;488:0;489:0;492:0;493:0;496:0;497:0;568:0;569:0;570:0;572:0;574:0;575:0;577:0;579:0;581:0;582:0;584:0;589:0;590:0;595:0;596:0;601:0;602:0;609:0;610:0;611:0;614:0;615:0;618:0;619:0;622:0;623:0;626:0;627:0;630:0;631:0;634:0;635:0;638:0;639:0;642:0;643:0;675:0;689:0;690:0;691:0;697:0;698:0;705:0;706:0;746:0;747:0;748:0;752:0;753:0;815:0;816:0;817:0;824:0;825:0;1013:0;1014:0;1015:0;1020:0;1021:0;1025:0;1026:0;1030:0;1031:0;1035:0;1036:0;1048:0;1049:0;1050:0;1054:0;1055:0;1059:0;1060:0;1064:0;1065:0;1070:0;1071:0;1075:0;1076:0;1080:0;1081:0;1085:0;1086:0;1090:0;1091:0;1095:0;1096:0,313:0,PASS,PASS,5b806fd39c6559c0416737eb3cc131c05f5071f0b1d758af0fecca9b315070af
PDFUA-Ref-2-05_BookChapter-german-M03,M03,PDFUA-Ref-2-05_BookChapter-german,fc525b8899da31779b6143c16053779cd560d4417018a901472de33c71252352,auto,first eligible reachable target in stable structure traversal order,41,319:0;413:0;426:0;444:0;457:0;464:0;479:0;509:0;525:0;532:0;543:0;565:0;657:0;659:0;666:0;679:0;713:0;723:0;733:0;740:0;759:0;774:0;781:0;791:0;862:0;866:0;877:0;891:0;902:0;907:0;914:0;923:0;928:0;931:0;942:0;946:0;956:0;971:0;1001:0;1007:0;1047:0,319:0,PASS,PASS,08a17db95cf262351a8e2a6464edaec73836e71fd34b0db112bdec9676930e75
PDFUA-Ref-2-05_BookChapter-german-M04,M04,PDFUA-Ref-2-05_BookChapter-german,fc525b8899da31779b6143c16053779cd560d4417018a901472de33c71252352,auto,first eligible reachable target in stable structure traversal order,2,341:0;342:0,341:0;342:0,PASS,PASS,668b5c55c85237169484722c15354e8d353179f8b9fc9e96a2a6f83a13c71250
PDFUA-Ref-2-05_BookChapter-german-M05,M05,PDFUA-Ref-2-05_BookChapter-german,fc525b8899da31779b6143c16053779cd560d4417018a901472de33c71252352,auto,first eligible reachable target in stable structure traversal order,58,1135:0;1134:0;425:0;427:0;451:0;454:0;464:0;479:0;480:0;486:0;503:0;510:0;541:0;542:0;613:0;617:0;621:0;625:0;629:0;633:0;637:0;641:0;645:0;658:0;665:0;673:0;680:0;681:0;688:0;712:0;714:0;734:0;739:0;740:0;745:0;755:0;764:0;780:0;796:0;810:0;811:0;812:0;813:0;818:0;848:0;853:0;867:0;903:0;915:0;947:0;953:0;964:0;971:0;972:0;981:0;1053:0;1058:0;1079:0,1135:0,PASS,PASS,b7a688694201ed24e8dda1fcf6290c752e42d1ab1d074fc0c8f9d29c0dcad216
PDFUA-Ref-2-05_BookChapter-german-M06,M06,PDFUA-Ref-2-05_BookChapter-german,fc525b8899da31779b6143c16053779cd560d4417018a901472de33c71252352,auto,first eligible reachable target in stable structure traversal order,8,430:0;487:0;609:0;689:0;746:0;815:0;1013:0;1048:0,430:0,PASS,PASS,823c2b5ddc120128c9e6eb07963de30f15be94f72a40d781b698af48fb5833a6
PDFUA-Ref-2-05_BookChapter-german-M07,M07,PDFUA-Ref-2-05_BookChapter-german,fc525b8899da31779b6143c16053779cd560d4417018a901472de33c71252352,auto,first eligible reachable target in stable structure traversal order,1,674:0,674:0,PASS,PASS,be8cb7f6aca4a81ecb01654b816f6ae0f5cf8f5daa45ebf5468925fcf7ab9742
PDFUA-Ref-2-05_BookChapter-german-M08,M08,PDFUA-Ref-2-05_BookChapter-german,fc525b8899da31779b6143c16053779cd560d4417018a901472de33c71252352,auto,first eligible reachable target in stable structure traversal order,1,direct,direct,PASS,PASS,01ada38b1d9dc17882581a3ae080fa771f7a3ed2d3affbff49473ff510719fdd
PDFUA-Ref-2-05_BookChapter-german-M09,M09,PDFUA-Ref-2-05_BookChapter-german,fc525b8899da31779b6143c16053779cd560d4417018a901472de33c71252352,auto,first eligible reachable target in stable structure traversal order,1,direct,direct,PASS,PASS,0ceaf48c6cf200ecab12a36c5bc30bb019911102fe2f2c7bc94508c87f43333f
PDFUA-Ref-2-05_BookChapter-german-M10,M10,PDFUA-Ref-2-05_BookChapter-german,fc525b8899da31779b6143c16053779cd560d4417018a901472de33c71252352,auto,first eligible reachable target in stable structure traversal order,22,570:0;572:0;575:0;577:0;579:0;582:0;584:0;586:0;587:0;588:0;590:0;592:0;593:0;594:0;596:0;598:0;599:0;600:0;602:0;604:0;605:0;606:0,570:0,PASS,PASS,4dcdbc2dd191cbca8b848640ec29c68cd21d74dedbbcacdb21e76112bb1d3f9c
PDFUA-Ref-2-06_Brochure-M01,M01,PDFUA-Ref-2-06_Brochure,aefd5ab48a908b9996ffadcb14d8ff31a2c653657cbe011a46f4cf61396a589e,auto,first eligible reachable target in stable structure traversal order,27,19:0;148:0;149:0;150:0;147:0;77:0;78:0;79:0;76:0;80:0;81:0;82:0;83:0;95:0;96:0;97:0;98:0;94:0;93:0;157:0;158:0;159:0;160:0;156:0;155:0;154:0;153:0,19:0,PASS,PASS,a1a94935bccdbaad7b39c045e9c627fb5deacc3f7fd7fa80c8c77cd6c02acf0a
PDFUA-Ref-2-06_Brochure-M02,M02,PDFUA-Ref-2-06_Brochure,aefd5ab48a908b9996ffadcb14d8ff31a2c653657cbe011a46f4cf61396a589e,auto,first eligible reachable target in stable structure traversal order,46,19:0;266:0;148:0;149:0;152:0;150:0;151:0;147:0;146:0;77:0;78:0;89:0;79:0;88:0;76:0;90:0;80:0;87:0;81:0;86:0;82:0;85:0;83:0;84:0;95:0;96:0;101:0;97:0;100:0;98:0;99:0;94:0;102:0;93:0;157:0;158:0;163:0;159:0;162:0;160:0;161:0;156:0;164:0;155:0;154:0;153:0,19:0,PASS,PASS,6a7c6c4b28369d6bc3ab0f091ff69a08665fe3b8d8398a7fa59ac5bab1cef360
PDFUA-Ref-2-06_Brochure-M03,M03,PDFUA-Ref-2-06_Brochure,aefd5ab48a908b9996ffadcb14d8ff31a2c653657cbe011a46f4cf61396a589e,auto,first eligible reachable target in stable structure traversal order,11,34:0;37:0;51:0;53:0;55:0;66:0;110:0;113:0;124:0;126:0;131:0,34:0,PASS,PASS,ed0e82b1eecd666930ccb41d3c75cc0a8703cc39d76b6ab87e15b1f70fd5935f
PDFUA-Ref-2-06_Brochure-M04,M04,PDFUA-Ref-2-06_Brochure,aefd5ab48a908b9996ffadcb14d8ff31a2c653657cbe011a46f4cf61396a589e,auto,first eligible reachable target in stable structure traversal order,2,35:0;36:0,35:0;36:0,PASS,PASS,12c8c27582c8ca949f0f95dc11371ef2a8c3a3a6a72bed7e8b82ff9aa74a049d
PDFUA-Ref-2-06_Brochure-M05,M05,PDFUA-Ref-2-06_Brochure,aefd5ab48a908b9996ffadcb14d8ff31a2c653657cbe011a46f4cf61396a589e,auto,first eligible reachable target in stable structure traversal order,8,70:0;71:0;72:0;73:0;75:0;74:0;144:0;145:0,70:0,PASS,PASS,692c7fddc91d6d6899dc1f9e820e2851a6cbeaa9694f0841b53445b15b8e3012
PDFUA-Ref-2-06_Brochure-M06,M06,PDFUA-Ref-2-06_Brochure,aefd5ab48a908b9996ffadcb14d8ff31a2c653657cbe011a46f4cf61396a589e,auto,first eligible reachable target in stable structure traversal order,4,148:0;77:0;95:0;157:0,148:0,PASS,PASS,a8629a74e71648776b2bb71606a7de30f1cbea3ffa60417d0bc936fabdb3c382
PDFUA-Ref-2-06_Brochure-M07,M07,PDFUA-Ref-2-06_Brochure,aefd5ab48a908b9996ffadcb14d8ff31a2c653657cbe011a46f4cf61396a589e,auto,first eligible reachable target in stable structure traversal order,4,103:0;106:0;69:0;132:0,103:0,PASS,PASS,7aed010a1cad015f6b9de4498a855cccc6599be37fe85e0ecdbddaef1d9af3dd
PDFUA-Ref-2-06_Brochure-M08,M08,PDFUA-Ref-2-06_Brochure,aefd5ab48a908b9996ffadcb14d8ff31a2c653657cbe011a46f4cf61396a589e,auto,first eligible reachable target in stable structure traversal order,1,direct,direct,PASS,PASS,fa090d7a7a195eca6b885da4e9b0884b162b73a3b015be189fc41173738c2996
PDFUA-Ref-2-08_BookChapter-M01,M01,PDFUA-Ref-2-08_BookChapter,2b958600daec79373736f413f2712fcd9c604de2c352cbc1ec9d67cc5d7932f1,auto,first eligible reachable target in stable structure traversal order,313,250:0;1448:0;1450:0;1451:0;1447:0;1477:0;1478:0;1479:0;1480:0;1481:0;1446:0;1487:0;1488:0;1394:0;1398:0;1399:0;1401:0;1420:0;1421:0;1422:0;1419:0;1350:0;1353:0;1359:0;1362:0;1330:0;1332:0;1336:0;1338:0;1318:0;1325:0;1295:0;1298:0;1299:0;1316:0;1246:0;1245:0;1249:0;1257:0;1283:0;1284:0;1285:0;1286:0;1282:0;1258:0;1278:0;1279:0;1280:0;1281:0;1277:0;1259:0;1273:0;1274:0;1275:0;1276:0;1272:0;1260:0;1268:0;1269:0;1270:0;1271:0;1267:0;1261:0;1263:0;1264:0;1265:0;1266:0;1262:0;1251:0;1253:0;1254:0;1255:0;1256:0;1243:0;1104:0;1109:0;1111:0;1113:0;1114:0;1115:0;1116:0;1117:0;1118:0;1119:0;1120:0;1121:0;1122:0;1123:0;1124:0;1125:0;1126:0;1127:0;1097:0;1079:0;1085:0;1087:0;1052:0;1059:0;1061:0;1046:0;1039:0;1021:0;1022:0;1025:0;1034:0;1035:0;888:0;890:0;968:0;969:0;967:0;973:0;981:0;982:0;983:0;984:0;985:0;975:0;977:0;1002:0;1003:0;1004:0;1005:0;1001:0;978:0;997:0;998:0;999:0;1000:0;996:0;979:0;992:0;993:0;994:0;995:0;991:0;980:0;987:0;988:0;989:0;990:0;986:0;965:0;837:0;848:0;865:0;866:0;864:0;870:0;768:0;771:0;775:0;777:0;779:0;781:0;784:0;748:0;751:0;757:0;732:0;733:0;731:0;744:0;739:0;740:0;741:0;742:0;743:0;730:0;745:0;746:0;747:0;729:0;693:0;652:0;651:0;656:0;678:0;679:0;680:0;681:0;657:0;658:0;659:0;662:0;663:0;664:0;665:0;650:0;648:0;689:0;647:0;463:0;465:0;588:0;620:0;621:0;622:0;589:0;608:0;609:0;610:0;611:0;590:0;596:0;597:0;598:0;599:0;591:0;467:0;539:0;540:0;583:0;541:0;573:0;574:0;575:0;542:0;543:0;559:0;560:0;561:0;562:0;544:0;545:0;546:0;550:0;469:0;471:0;532:0;533:0;534:0;472:0;523:0;524:0;525:0;473:0;508:0;509:0;510:0;511:0;512:0;474:0;490:0;491:0;492:0;493:0;494:0;495:0;475:0;476:0;479:0;480:0;481:0;462:0;627:0;631:0;632:0;633:0;634:0;635:0;636:0;637:0;628:0;643:0;644:0;642:0;461:0;459:0;276:0;280:0;282:0;378:0;379:0;380:0;381:0;283:0;366:0;367:0;368:0;369:0;284:0;351:0;352:0;353:0;354:0;355:0;285:0;336:0;337:0;338:0;339:0;340:0;286:0;321:0;322:0;323:0;324:0;325:0;287:0;306:0;307:0;308:0;309:0;310:0;288:0;291:0;292:0;293:0;294:0;295:0;275:0;255:0,250:0,PASS,PASS,f5fdd674ca53247a75d32f520d656f24f8e97e864466f9a72ca8e62487f63178
PDFUA-Ref-2-08_BookChapter-M02,M02,PDFUA-Ref-2-08_BookChapter,2b958600daec79373736f413f2712fcd9c604de2c352cbc1ec9d67cc5d7932f1,auto,first eligible reachable target in stable structure traversal order,437,250:0;1448:0;1449:0;1450:0;1461:0;1475:0;1462:0;1474:0;1463:0;1473:0;1464:0;1471:0;1472:0;1465:0;1470:0;1466:0;1469:0;1467:0;1468:0;1451:0;1447:0;1477:0;1478:0;1479:0;1480:0;1481:0;1446:0;1487:0;1486:0;1488:0;1489:0;1394:0;1398:0;1415:0;1399:0;1409:0;1401:0;1406:0;1402:0;1420:0;1421:0;1424:0;1422:0;1423:0;1419:0;1425:0;1350:0;1353:0;1372:0;1359:0;1369:0;1362:0;1363:0;1365:0;1330:0;1332:0;1346:0;1336:0;1343:0;1338:0;1340:0;1318:0;1325:0;1326:0;1295:0;1298:0;1306:0;1308:0;1310:0;1312:0;1299:0;1300:0;1316:0;1246:0;1245:0;1247:0;1248:0;1249:0;1257:0;1283:0;1284:0;1285:0;1286:0;1282:0;1258:0;1278:0;1279:0;1280:0;1281:0;1277:0;1259:0;1273:0;1274:0;1275:0;1276:0;1272:0;1260:0;1268:0;1269:0;1270:0;1271:0;1267:0;1261:0;1263:0;1264:0;1265:0;1266:0;1262:0;1250:0;1251:0;1253:0;1254:0;1255:0;1256:0;1252:0;1244:0;1243:0;1104:0;1109:0;1110:0;1111:0;1113:0;1114:0;1115:0;1116:0;1117:0;1118:0;1119:0;1120:0;1121:0;1122:0;1123:0;1124:0;1125:0;1126:0;1127:0;1097:0;1079:0;1083:0;1085:0;1086:0;1087:0;1088:0;1052:0;1059:0;1067:0;1061:0;1064:0;1062:0;1046:0;1049:0;1039:0;1021:0;1022:0;1023:0;1025:0;1030:0;1034:0;1035:0;1036:0;1037:0;888:0;890:0;900:0;896:0;968:0;969:0;970:0;967:0;971:0;972:0;973:0;981:0;982:0;983:0;984:0;985:0;974:0;975:0;977:0;1002:0;1003:0;1004:0;1005:0;1001:0;978:0;997:0;998:0;999:0;1000:0;996:0;979:0;992:0;993:0;994:0;995:0;991:0;980:0;987:0;988:0;989:0;990:0;986:0;976:0;966:0;965:0;837:0;848:0;849:0;851:0;865:0;866:0;867:0;868:0;864:0;869:0;870:0;871:0;872:0;873:0;874:0;875:0;768:0;771:0;800:0;775:0;797:0;777:0;794:0;779:0;791:0;781:0;788:0;784:0;785:0;748:0;751:0;762:0;757:0;758:0;732:0;733:0;734:0;731:0;735:0;736:0;737:0;744:0;738:0;739:0;740:0;741:0;742:0;743:0;730:0;745:0;746:0;747:0;729:0;693:0;652:0;651:0;656:0;678:0;679:0;680:0;681:0;657:0;658:0;659:0;662:0;663:0;664:0;665:0;650:0;648:0;689:0;647:0;463:0;465:0;588:0;620:0;621:0;622:0;589:0;608:0;609:0;610:0;611:0;590:0;596:0;597:0;598:0;599:0;591:0;467:0;539:0;540:0;582:0;583:0;541:0;573:0;574:0;575:0;542:0;543:0;559:0;560:0;561:0;562:0;544:0;545:0;546:0;549:0;550:0;469:0;471:0;532:0;533:0;534:0;472:0;523:0;524:0;525:0;473:0;508:0;509:0;510:0;511:0;512:0;474:0;490:0;491:0;492:0;493:0;494:0;495:0;475:0;476:0;479:0;480:0;481:0;462:0;627:0;631:0;632:0;633:0;634:0;635:0;636:0;637:0;628:0;643:0;644:0;642:0;461:0;460:0;459:0;276:0;280:0;282:0;378:0;379:0;380:0;381:0;283:0;366:0;367:0;368:0;369:0;284:0;351:0;352:0;353:0;354:0;355:0;285:0;336:0;337:0;338:0;339:0;340:0;286:0;321:0;322:0;323:0;324:0;325:0;287:0;306:0;307:0;308:0;309:0;310:0;288:0;291:0;292:0;293:0;294:0;295:0;275:0;388:0;389:0;390:0;391:0;392:0;393:0;394:0;395:0;396:0;397:0;398:0;399:0;400:0;401:0;402:0;403:0;404:0;405:0;406:0;407:0;408:0;409:0;410:0;411:0;412:0;413:0;414:0;415:0;416:0;417:0;418:0;419:0;420:0;274:0;255:0;253:0,250:0,PASS,PASS,820bea08c3a5eed724bb8d1e65d9e9733c1ca47a0e003ae477aea7cce81725e4
PDFUA-Ref-2-08_BookChapter-M03,M03,PDFUA-Ref-2-08_BookChapter,2b958600daec79373736f413f2712fcd9c604de2c352cbc1ec9d67cc5d7932f1,auto,first eligible reachable target in stable structure traversal order,32,1449:0;1434:0;1436:0;1395:0;1403:0;1386:0;1389:0;1357:0;1361:0;1321:0;1105:0;1108:0;1053:0;1047:0;1041:0;1006:0;1012:0;1015:0;838:0;840:0;808:0;695:0;654:0;655:0;464:0;466:0;468:0;470:0;277:0;278:0;281:0;256:0,1449:0,PASS,PASS,2907d533740ae0bea18da032ef36cea8ec48e3bf026dcf8b61439b86b931ed27
PDFUA-Ref-2-08_BookChapter-M04,M04,PDFUA-Ref-2-08_BookChapter,2b958600daec79373736f413f2712fcd9c604de2c352cbc1ec9d67cc5d7932f1,auto,first eligible reachable target in stable structure traversal order,2,1452:0;1453:0,1452:0;1453:0,PASS,PASS,20ac005e0fb4cf3812fefd64b496cf14488a56d493e7c7ee5f5045ce9540c1f5
PDFUA-Ref-2-08_BookChapter-M05,M05,PDFUA-Ref-2-08_BookChapter,2b958600daec79373736f413f2712fcd9c604de2c352cbc1ec9d67cc5d7932f1,auto,first eligible reachable target in stable structure traversal order,17,1393:0;1349:0;1329:0;1317:0;1294:0;1103:0;1096:0;1078:0;1051:0;1045:0;1038:0;1020:0;887:0;836:0;767:0;717:0;692:0,1393:0,PASS,PASS,db8fd0be417f0b011ca55e313d0bc1bbe4421aec1d8bb27584fa99a9c5d1f7d3
PDFUA-Ref-2-08_BookChapter-M06,M06,PDFUA-Ref-2-08_BookChapter,2b958600daec79373736f413f2712fcd9c604de2c352cbc1ec9d67cc5d7932f1,auto,first eligible reachable target in stable structure traversal order,52,1447:0;1249:0;1283:0;1278:0;1273:0;1268:0;1263:0;1251:0;1244:0;973:0;975:0;1002:0;997:0;992:0;987:0;966:0;870:0;737:0;739:0;730:0;651:0;678:0;662:0;648:0;465:0;620:0;608:0;596:0;467:0;582:0;573:0;559:0;549:0;469:0;532:0;523:0;508:0;490:0;479:0;462:0;631:0;643:0;460:0;280:0;378:0;366:0;351:0;336:0;321:0;306:0;291:0;275:0,1447:0,PASS,PASS,86091f5caa50e48f16a3a67354122d88c286f8ad8e5a892f22202d5dfe0be414
PDFUA-Ref-2-08_BookChapter-M07,M07,PDFUA-Ref-2-08_BookChapter,2b958600daec79373736f413f2712fcd9c604de2c352cbc1ec9d67cc5d7932f1,auto,first eligible reachable target in stable structure traversal order,13,1440:0;1410:0;1380:0;1392:0;1373:0;1301:0;831:0;830:0;832:0;833:0;834:0;835:0;761:0,1440:0,PASS,PASS,8df764ab15f21435fc2283a261e0fa073baef1005f3d740e3991a952285746e8
PDFUA-Ref-2-08_BookChapter-M08,M08,PDFUA-Ref-2-08_BookChapter,2b958600daec79373736f413f2712fcd9c604de2c352cbc1ec9d67cc5d7932f1,auto,first eligible reachable target in stable structure traversal order,1,direct,direct,PASS,PASS,2c631cd85add3b7883781fb114651993280bb8c9f360361eaf20cb1f3c1ef0c1
PDFUA-Ref-2-08_BookChapter-M10,M10,PDFUA-Ref-2-08_BookChapter,2b958600daec79373736f413f2712fcd9c604de2c352cbc1ec9d67cc5d7932f1,auto,first eligible reachable target in stable structure traversal order,45,1170:0;1171:0;1172:0;1167:0;1168:0;1169:0;1164:0;1165:0;1166:0;1161:0;1162:0;1163:0;1158:0;1159:0;1160:0;1155:0;1156:0;1157:0;1152:0;1153:0;1154:0;1149:0;1150:0;1151:0;1146:0;1147:0;1148:0;1143:0;1144:0;1145:0;1140:0;1141:0;1142:0;1137:0;1138:0;1139:0;1134:0;1135:0;1136:0;1131:0;1132:0;1133:0;1128:0;1129:0;1130:0,1170:0,PASS,PASS,135ebc92b095127190c98164be07186359b69f0908bda83266abdbb34adab269
PDFUA-Ref-2-09_Scanned-M01,M01,PDFUA-Ref-2-09_Scanned,bb46d5c723fe1427dd1bf92ccd8653f9a5cef4054f7d878168b99477fa3792ae,auto,first eligible reachable target in stable structure traversal order,482,302:0;3340:0;3339:0;3311:0;3310:0;3312:0;3313:0;3314:0;3250:0;3266:0;3269:0;3270:0;3271:0;3242:0;3241:0;3243:0;3244:0;3245:0;3213:0;3212:0;3214:0;3215:0;3216:0;3185:0;3184:0;3100:0;3101:0;3148:0;3149:0;3150:0;3151:0;3102:0;3138:0;3139:0;3140:0;3141:0;3142:0;3103:0;3132:0;3133:0;3134:0;3104:0;3099:0;3105:0;3127:0;3128:0;3106:0;3123:0;3124:0;3107:0;3117:0;3118:0;3119:0;3108:0;3109:0;3110:0;3111:0;3112:0;3008:0;3009:0;3022:0;3025:0;3023:0;3010:0;3016:0;3021:0;3017:0;3020:0;3018:0;3011:0;3012:0;3013:0;3007:0;3026:0;3006:0;2920:0;2921:0;2952:0;2953:0;2954:0;2922:0;2949:0;2950:0;2951:0;2923:0;2945:0;2946:0;2919:0;2924:0;2941:0;2942:0;2925:0;2935:0;2936:0;2937:0;2926:0;2927:0;2928:0;2929:0;2930:0;2851:0;2866:0;2827:0;2826:0;2828:0;2829:0;2830:0;2780:0;2786:0;2790:0;2760:0;2767:0;2718:0;2723:0;2746:0;2748:0;2749:0;2750:0;2727:0;2737:0;2738:0;2731:0;2711:0;2710:0;2671:0;2687:0;2660:0;2661:0;2662:0;2659:0;2619:0;2620:0;2626:0;2627:0;2621:0;2622:0;2623:0;2540:0;2560:0;2539:0;2538:0;2577:0;2578:0;2579:0;2454:0;2456:0;2507:0;2508:0;2458:0;2499:0;2500:0;2459:0;2466:0;2488:0;2489:0;2472:0;2476:0;2477:0;2478:0;2453:0;2515:0;2516:0;2524:0;2517:0;2522:0;2518:0;2521:0;2519:0;2452:0;2443:0;2444:0;2445:0;2446:0;2447:0;2448:0;2442:0;2408:0;2377:0;2378:0;2379:0;2376:0;2345:0;2344:0;2316:0;2317:0;2315:0;2319:0;2320:0;2321:0;2322:0;2318:0;2293:0;2292:0;2256:0;2257:0;2258:0;2255:0;2215:0;2216:0;2217:0;2218:0;2180:0;2123:0;2124:0;2154:0;2155:0;2125:0;2150:0;2151:0;2126:0;2146:0;2147:0;2127:0;2142:0;2143:0;2128:0;2138:0;2139:0;2129:0;2130:0;2131:0;2132:0;2133:0;2060:0;2061:0;2062:0;2063:0;1980:0;1987:0;1990:0;1994:0;2011:0;2018:0;2012:0;1997:0;2003:0;2004:0;2032:0;1942:0;1943:0;1944:0;1945:0;1946:0;1947:0;1948:0;1941:0;1952:0;1953:0;1954:0;1955:0;1956:0;1897:0;1896:0;1903:0;1904:0;1905:0;1906:0;1907:0;1898:0;1899:0;1900:0;1811:0;1831:0;1832:0;1840:0;1851:0;1841:0;1847:0;1842:0;1783:0;1784:0;1785:0;1786:0;1782:0;1729:0;1711:0;1727:0;1659:0;1660:0;1668:0;1669:0;1661:0;1662:0;1667:0;1663:0;1664:0;1665:0;1615:0;1616:0;1617:0;1622:0;1618:0;1621:0;1619:0;1620:0;1576:0;1578:0;1579:0;1584:0;1580:0;1583:0;1581:0;1538:0;1554:0;1514:0;1513:0;1490:0;1489:0;1468:0;1433:0;1434:0;1442:0;1447:0;1443:0;1446:0;1444:0;1435:0;1436:0;1441:0;1437:0;1440:0;1438:0;1385:0;1384:0;1365:0;1344:0;1343:0;1292:0;1293:0;1294:0;1295:0;1296:0;1291:0;1239:0;1240:0;1241:0;1242:0;1181:0;1187:0;1197:0;1152:0;1153:0;1154:0;1172:0;1173:0;1155:0;1168:0;1169:0;1156:0;1164:0;1165:0;1151:0;1157:0;1158:0;1159:0;1160:0;1049:0;1068:0;1079:0;1080:0;1081:0;1082:0;1083:0;1024:0;1004:0;983:0;982:0;949:0;950:0;951:0;952:0;953:0;954:0;948:0;959:0;960:0;947:0;908:0;909:0;915:0;916:0;917:0;910:0;911:0;914:0;912:0;913:0;855:0;860:0;829:0;833:0;840:0;842:0;843:0;844:0;853:0;809:0;808:0;747:0;754:0;778:0;779:0;768:0;770:0;771:0;726:0;740:0;741:0;742:0;745:0;743:0;744:0;677:0;690:0;697:0;698:0;611:0;615:0;662:0;663:0;670:0;671:0;672:0;673:0;575:0;577:0;578:0;580:0;551:0;550:0;552:0;553:0;554:0;555:0;500:0;509:0;521:0;522:0;523:0;515:0;499:0;478:0;477:0;479:0;476:0;418:0;419:0;434:0;437:0;435:0;420:0;428:0;429:0;430:0;421:0;422:0;427:0;423:0;424:0;417:0;438:0;439:0;416:0;369:0;370:0;371:0;376:0;372:0;375:0;373:0;374:0;368:0;377:0;380:0;378:0;367:0;323:0;324:0;325:0;330:0;326:0;327:0,302:0,PASS,PASS,04ce7bde54a9e481e0da7d5bf8a4e7fc98467f2bdbc3803291d166e219df9dc0
PDFUA-Ref-2-09_Scanned-M02,M02,PDFUA-Ref-2-09_Scanned,bb46d5c723fe1427dd1bf92ccd8653f9a5cef4054f7d878168b99477fa3792ae,auto,first eligible reachable target in stable structure traversal order,771,302:0;3340:0;3339:0;3311:0;3310:0;3317:0;3318:0;3319:0;3312:0;3313:0;3316:0;3314:0;3315:0;3250:0;3266:0;3279:0;3269:0;3270:0;3276:0;3271:0;3273:0;3242:0;3241:0;3248:0;3243:0;3244:0;3247:0;3245:0;3246:0;3213:0;3212:0;3219:0;3214:0;3215:0;3218:0;3216:0;3217:0;3185:0;3184:0;3186:0;3187:0;3100:0;3101:0;3148:0;3155:0;3149:0;3154:0;3150:0;3153:0;3151:0;3152:0;3102:0;3138:0;3147:0;3139:0;3146:0;3140:0;3145:0;3141:0;3144:0;3142:0;3143:0;3103:0;3132:0;3137:0;3133:0;3136:0;3134:0;3135:0;3104:0;3131:0;3099:0;3156:0;3105:0;3127:0;3130:0;3128:0;3129:0;3106:0;3123:0;3126:0;3124:0;3125:0;3107:0;3117:0;3122:0;3118:0;3121:0;3119:0;3120:0;3108:0;3109:0;3116:0;3110:0;3115:0;3111:0;3114:0;3112:0;3113:0;3008:0;3009:0;3022:0;3025:0;3023:0;3024:0;3010:0;3016:0;3021:0;3017:0;3020:0;3018:0;3019:0;3011:0;3012:0;3015:0;3013:0;3014:0;3007:0;3026:0;3027:0;3006:0;3005:0;2920:0;2921:0;2952:0;2957:0;2953:0;2956:0;2954:0;2955:0;2922:0;2949:0;2950:0;2951:0;2923:0;2945:0;2948:0;2946:0;2947:0;2919:0;2958:0;2924:0;2941:0;2944:0;2942:0;2943:0;2925:0;2935:0;2940:0;2936:0;2939:0;2937:0;2938:0;2926:0;2927:0;2934:0;2928:0;2933:0;2929:0;2932:0;2930:0;2931:0;2851:0;2856:0;2866:0;2827:0;2826:0;2833:0;2828:0;2829:0;2832:0;2830:0;2831:0;2780:0;2786:0;2799:0;2790:0;2794:0;2760:0;2767:0;2775:0;2718:0;2723:0;2746:0;2748:0;2749:0;2755:0;2750:0;2752:0;2727:0;2737:0;2743:0;2738:0;2740:0;2731:0;2733:0;2711:0;2712:0;2710:0;2713:0;2714:0;2671:0;2687:0;2689:0;2660:0;2661:0;2664:0;2662:0;2663:0;2659:0;2665:0;2619:0;2620:0;2626:0;2629:0;2627:0;2628:0;2621:0;2622:0;2625:0;2623:0;2624:0;2540:0;2560:0;2564:0;2566:0;2568:0;2539:0;2538:0;2537:0;2577:0;2582:0;2578:0;2581:0;2579:0;2580:0;2454:0;2456:0;2507:0;2513:0;2508:0;2510:0;2458:0;2499:0;2505:0;2500:0;2502:0;2459:0;2495:0;2466:0;2488:0;2489:0;2472:0;2476:0;2486:0;2477:0;2483:0;2478:0;2480:0;2453:0;2515:0;2528:0;2516:0;2524:0;2517:0;2522:0;2518:0;2521:0;2519:0;2520:0;2452:0;2451:0;2443:0;2444:0;2445:0;2446:0;2447:0;2448:0;2442:0;2449:0;2408:0;2377:0;2378:0;2381:0;2379:0;2380:0;2376:0;2382:0;2345:0;2344:0;2346:0;2316:0;2317:0;2315:0;2319:0;2320:0;2321:0;2324:0;2322:0;2323:0;2318:0;2293:0;2292:0;2294:0;2256:0;2257:0;2260:0;2258:0;2259:0;2255:0;2261:0;2215:0;2216:0;2217:0;2220:0;2218:0;2219:0;2180:0;2123:0;2124:0;2154:0;2157:0;2155:0;2156:0;2125:0;2150:0;2153:0;2151:0;2152:0;2126:0;2146:0;2149:0;2147:0;2148:0;2127:0;2142:0;2145:0;2143:0;2144:0;2128:0;2138:0;2141:0;2139:0;2140:0;2129:0;2130:0;2137:0;2131:0;2136:0;2132:0;2135:0;2133:0;2134:0;2060:0;2061:0;2062:0;2065:0;2063:0;2064:0;1980:0;1987:0;2028:0;1990:0;2023:0;1994:0;2011:0;2018:0;2012:0;2013:0;2014:0;1997:0;2003:0;2009:0;2004:0;2006:0;2032:0;1942:0;1943:0;1944:0;1945:0;1946:0;1951:0;1947:0;1950:0;1948:0;1949:0;1941:0;1952:0;1953:0;1954:0;1959:0;1955:0;1958:0;1956:0;1957:0;1897:0;1896:0;1903:0;1904:0;1905:0;1910:0;1906:0;1909:0;1907:0;1908:0;1898:0;1899:0;1902:0;1900:0;1901:0;1811:0;1831:0;1855:0;1832:0;1840:0;1851:0;1841:0;1847:0;1842:0;1844:0;1783:0;1784:0;1785:0;1798:0;1799:0;1800:0;1801:0;1802:0;1803:0;1804:0;1805:0;1806:0;1807:0;1808:0;1786:0;1787:0;1788:0;1789:0;1790:0;1791:0;1792:0;1793:0;1794:0;1795:0;1796:0;1797:0;1782:0;1809:0;1729:0;1711:0;1727:0;1659:0;1660:0;1668:0;1676:0;1677:0;1678:0;1679:0;1680:0;1681:0;1669:0;1670:0;1671:0;1672:0;1673:0;1674:0;1675:0;1661:0;1662:0;1667:0;1663:0;1666:0;1664:0;1665:0;1615:0;1616:0;1617:0;1622:0;1618:0;1621:0;1619:0;1620:0;1576:0;1577:0;1578:0;1579:0;1584:0;1580:0;1583:0;1581:0;1582:0;1538:0;1554:0;1514:0;1513:0;1515:0;1490:0;1489:0;1491:0;1468:0;1433:0;1434:0;1442:0;1447:0;1443:0;1446:0;1444:0;1445:0;1435:0;1436:0;1441:0;1437:0;1440:0;1438:0;1439:0;1385:0;1384:0;1386:0;1365:0;1344:0;1343:0;1345:0;1292:0;1293:0;1294:0;1310:0;1311:0;1312:0;1313:0;1314:0;1315:0;1295:0;1304:0;1305:0;1306:0;1307:0;1308:0;1309:0;1296:0;1298:0;1299:0;1300:0;1301:0;1302:0;1303:0;1297:0;1291:0;1316:0;1239:0;1240:0;1241:0;1250:0;1251:0;1252:0;1253:0;1254:0;1255:0;1242:0;1244:0;1245:0;1246:0;1247:0;1248:0;1249:0;1243:0;1181:0;1187:0;1209:0;1197:0;1199:0;1201:0;1152:0;1153:0;1176:0;1154:0;1172:0;1175:0;1173:0;1174:0;1155:0;1168:0;1171:0;1169:0;1170:0;1156:0;1164:0;1167:0;1165:0;1166:0;1151:0;1177:0;1157:0;1158:0;1163:0;1159:0;1162:0;1160:0;1161:0;1049:0;1068:0;1075:0;1079:0;1080:0;1081:0;1084:0;1082:0;1083:0;1024:0;1004:0;983:0;982:0;984:0;949:0;950:0;951:0;958:0;952:0;957:0;953:0;956:0;954:0;955:0;948:0;959:0;960:0;947:0;908:0;909:0;915:0;918:0;916:0;917:0;910:0;911:0;914:0;912:0;913:0;855:0;860:0;867:0;869:0;829:0;833:0;840:0;842:0;843:0;849:0;844:0;846:0;853:0;809:0;808:0;810:0;747:0;754:0;778:0;784:0;779:0;781:0;768:0;770:0;776:0;771:0;773:0;726:0;740:0;741:0;742:0;745:0;743:0;744:0;677:0;690:0;697:0;703:0;698:0;700:0;611:0;615:0;662:0;668:0;663:0;665:0;670:0;671:0;672:0;675:0;673:0;674:0;575:0;576:0;577:0;578:0;579:0;580:0;581:0;551:0;550:0;552:0;553:0;554:0;557:0;555:0;556:0;500:0;509:0;521:0;531:0;522:0;528:0;523:0;525:0;515:0;517:0;499:0;478:0;477:0;479:0;480:0;476:0;475:0;418:0;419:0;434:0;437:0;435:0;436:0;420:0;428:0;433:0;429:0;432:0;430:0;431:0;421:0;422:0;427:0;423:0;426:0;424:0;425:0;417:0;438:0;441:0;439:0;440:0;416:0;415:0;369:0;370:0;371:0;376:0;372:0;375:0;373:0;374:0;368:0;377:0;380:0;378:0;379:0;367:0;366:0;323:0;324:0;325:0;330:0;326:0;329:0;327:0;328:0,302:0,PASS,PASS,f45a0b6356c4f2435d8bd75482c8ff0c17fc8f072b81169e342bff4376b04946
PDFUA-Ref-2-09_Scanned-M03,M03,PDFUA-Ref-2-09_Scanned,bb46d5c723fe1427dd1bf92ccd8653f9a5cef4054f7d878168b99477fa3792ae,auto,first eligible reachable target in stable structure traversal order,89,3325:0;3327:0;3329:0;3283:0;3296:0;3255:0;3267:0;3223:0;3232:0;3194:0;3206:0;3176:0;3028:0;2852:0;2858:0;2842:0;2803:0;2811:0;2768:0;2724:0;2672:0;2678:0;2680:0;2642:0;2584:0;2429:0;2389:0;2348:0;2362:0;2330:0;2295:0;2267:0;2280:0;2232:0;2196:0;1965:0;1967:0;1921:0;1860:0;1871:0;1833:0;1746:0;1730:0;1738:0;1724:0;1685:0;1695:0;1569:0;1539:0;1499:0;1472:0;1448:0;1454:0;1388:0;1366:0;1350:0;1324:0;1285:0;1183:0;1147:0;1050:0;1051:0;1069:0;1039:0;1006:0;961:0;964:0;925:0;856:0;862:0;817:0;789:0;752:0;765:0;728:0;730:0;733:0;713:0;679:0;688:0;696:0;613:0;608:0;563:0;507:0;481:0;483:0;498:0;452:0,3325:0,PASS,PASS,b86a34d9c3d9be9e5022027a4856df45a5ab30b42b4cc04791130c0229119f7b
PDFUA-Ref-2-09_Scanned-M04,M04,PDFUA-Ref-2-09_Scanned,bb46d5c723fe1427dd1bf92ccd8653f9a5cef4054f7d878168b99477fa3792ae,auto,first eligible reachable target in stable structure traversal order,2,3330:0;3331:0,3330:0;3331:0,PASS,PASS,494532eaa86c5136f8de492a0bf4f227d91b90aabc6d7eed62506f2e1838ef28
PDFUA-Ref-2-09_Scanned-M05,M05,PDFUA-Ref-2-09_Scanned,bb46d5c723fe1427dd1bf92ccd8653f9a5cef4054f7d878168b99477fa3792ae,auto,first eligible reachable target in stable structure traversal order,21,3238:0;2850:0;2779:0;2759:0;2705:0;2654:0;2536:0;1979:0;1779:0;1728:0;1710:0;1537:0;1146:0;1048:0;854:0;828:0;746:0;725:0;676:0;610:0;497:0,3238:0,PASS,PASS,6bbc4a32f5cfa0ae69e6f77ec68a66988bc5644b1e60e34278181c151d71b932
PDFUA-Ref-2-09_Scanned-M06,M06,PDFUA-Ref-2-09_Scanned,bb46d5c723fe1427dd1bf92ccd8653f9a5cef4054f7d878168b99477fa3792ae,auto,first eligible reachable target in stable structure traversal order,82,3312:0;3269:0;3243:0;3214:0;3101:0;3102:0;3103:0;3105:0;3106:0;3107:0;3108:0;3009:0;3010:0;3011:0;3007:0;2921:0;2922:0;2923:0;2924:0;2925:0;2926:0;2828:0;2748:0;2727:0;2620:0;2621:0;2539:0;2456:0;2458:0;2466:0;2472:0;2453:0;2444:0;2320:0;2216:0;2124:0;2125:0;2126:0;2127:0;2128:0;2129:0;2061:0;1994:0;1997:0;1945:0;1953:0;1904:0;1898:0;1832:0;1661:0;1616:0;1578:0;1434:0;1435:0;1154:0;1155:0;1156:0;1157:0;1080:0;950:0;948:0;909:0;910:0;842:0;754:0;768:0;741:0;690:0;615:0;671:0;576:0;579:0;553:0;509:0;477:0;419:0;420:0;421:0;417:0;370:0;368:0;324:0,3312:0,PASS,PASS,637c71a7db4ce2fccd3d34ad662d600b62ef46c275c3ca370c2d17a97980c9fa
PDFUA-Ref-2-09_Scanned-M07,M07,PDFUA-Ref-2-09_Scanned,bb46d5c723fe1427dd1bf92ccd8653f9a5cef4054f7d878168b99477fa3792ae,auto,first eligible reachable target in stable structure traversal order,83,3306:0;3307:0;3308:0;3278:0;3239:0;3210:0;3181:0;3182:0;3096:0;3097:0;2917:0;2824:0;2798:0;2793:0;2774:0;2745:0;2732:0;2707:0;2708:0;2688:0;2655:0;2656:0;2657:0;2612:0;2613:0;2614:0;2617:0;2563:0;2565:0;2567:0;2494:0;2440:0;2372:0;2373:0;2374:0;2342:0;2313:0;2290:0;2251:0;2252:0;2253:0;2210:0;2211:0;2212:0;2213:0;2172:0;2174:0;2175:0;2176:0;2177:0;2178:0;2120:0;2121:0;2055:0;2056:0;2057:0;2058:0;2027:0;2022:0;1938:0;1939:0;1894:0;1854:0;1780:0;1511:0;1487:0;1382:0;1341:0;1289:0;1208:0;1198:0;1200:0;1148:0;1149:0;1074:0;980:0;866:0;868:0;839:0;806:0;573:0;548:0;516:0,3306:0,PASS,PASS,c16652da4ab2f15701bf4b12fb0790c269bea5fadbfd0443c1e5db51c51d2c3a
PDFUA-Ref-2-09_Scanned-M10,M10,PDFUA-Ref-2-09_Scanned,bb46d5c723fe1427dd1bf92ccd8653f9a5cef4054f7d878168b99477fa3792ae,auto,first eligible reachable target in stable structure traversal order,64,1798:0;1799:0;1800:0;1801:0;1802:0;1803:0;1804:0;1805:0;1806:0;1807:0;1808:0;1787:0;1788:0;1789:0;1790:0;1791:0;1792:0;1793:0;1794:0;1795:0;1796:0;1797:0;1676:0;1677:0;1678:0;1679:0;1680:0;1681:0;1670:0;1671:0;1672:0;1673:0;1674:0;1675:0;1310:0;1311:0;1312:0;1313:0;1314:0;1315:0;1304:0;1305:0;1306:0;1307:0;1308:0;1309:0;1298:0;1299:0;1300:0;1301:0;1302:0;1303:0;1250:0;1251:0;1252:0;1253:0;1254:0;1255:0;1244:0;1245:0;1246:0;1247:0;1248:0;1249:0,1798:0,PASS,PASS,c5f2c1706faf55b963f7ae539710aa419a530967f41fcbc495d5fbc6708927e8
PDFUA-Ref-2-10_Form-M01,M01,PDFUA-Ref-2-10_Form,06d5cacd7c5ba9573a57c6d99d3f357ee14a24cff0c138036840fc44c6311806,auto,first eligible reachable target in stable structure traversal order,1,60:0,60:0,PASS,PASS,3f4549f2b3c4a7e8ec2859096f3bc42513bf0df4cad6c5ee1f324835425bfece
PDFUA-Ref-2-10_Form-M02,M02,PDFUA-Ref-2-10_Form,06d5cacd7c5ba9573a57c6d99d3f357ee14a24cff0c138036840fc44c6311806,auto,first eligible reachable target in stable structure traversal order,2,46:0;60:0,46:0,PASS,PASS,85550ea9d4a77f73600cbc328ea4c1edf6916e032e2f5c79bf30e97f3db2d478
PDFUA-Ref-2-10_Form-M08,M08,PDFUA-Ref-2-10_Form,06d5cacd7c5ba9573a57c6d99d3f357ee14a24cff0c138036840fc44c6311806,auto,first eligible reachable target in stable structure traversal order,1,direct,direct,PASS,PASS,53befb723e3cca79d246644678be0a3a09dae65ff4e514fc56d3fa404cd4ff8a
