artifact_id,validator,configuration,baseline_or_mutant,source_golden,input_pdf_sha256,input_pdf_path,raw_export_filename,raw_export_path,raw_report_sha256,canonical_filename,canonical_path,canonical_sha256,mapping_method,report_parse_note,mapped_at
PDFUA-Ref-2-01_Magazine-danish-M01,PAC,Formal,mutant,PDFUA-Ref-2-01_Magazine-danish,a52e75193364438a1701f76c986fc047ee3e3b98dd691ec662d2c1d380c5d2df,corpus\mutants\PDFUA-Ref-2-01_Magazine-danish-M01.pdf,PDFUA-Ref-2-01_Magazine-danish-M01_PAC_UA_Report.pdf,evidence\pac\formal\PDFUA-Ref-2-01_Magazine-danish-M01_PAC_UA_Report.pdf,ad99707dcb5d9c2bac9eaa3f05cd39d5cf296c6dd32d7513c9c0427a2a401a29,PDFUA-Ref-2-01_Magazine-danish-M01__a52e75193364438a1701f76c986fc047ee3e3b98dd691ec662d2c1d380c5d2df.pdf,evidence\pac\ai\PDFUA-Ref-2-01_Magazine-danish-M01__a52e75193364438a1701f76c986fc047ee3e3b98dd691ec662d2c1d380c5d2df.pdf,038aa9ad7921fc70be32b63f541167f86fec2a13535567919a4c31eb4785eb21,artifact_id_exact_name_plus_input_hash_and_pac_parse,parsed_pac_pdf;automated_failure_count=0;automated_failure_names=;warning_count=0;warning_names=;manual_check_count=0;manual_check_names=,2026-09-19T00:03:34.376099+00:00
PDFUA-Ref-2-01_Magazine-danish-M02,PAC,Formal,mutant,PDFUA-Ref-2-01_Magazine-danish,e8df97191d286d7b52b625d3664034a14374aac4965a0bdd2aa6af57f9876c5f,corpus\mutants\PDFUA-Ref-2-01_Magazine-danish-M02.pdf,PDFUA-Ref-2-01_Magazine-danish-M02_PAC_UA_Report.pdf,evidence\pac\formal\PDFUA-Ref-2-01_Magazine-danish-M02_PAC_UA_Report.pdf,8d601831c7252a43f2c55d0a27cbb5dc7f1bd76593570ecc55f8df137f88b7b0,PDFUA-Ref-2-01_Magazine-danish-M02__e8df97191d286d7b52b625d3664034a14374aac4965a0bdd2aa6af57f9876c5f.pdf,evidence\pac\ai\PDFUA-Ref-2-01_Magazine-danish-M02__e8df97191d286d7b52b625d3664034a14374aac4965a0bdd2aa6af57f9876c5f.pdf,0300499ed8fab311145bb7ee08bbed20b066e581f3d3fa21e600b49b1eece2c3,artifact_id_exact_name_plus_input_hash_and_pac_parse,parsed_pac_pdf;automated_failure_count=0;automated_failure_names=;warning_count=0;warning_names=;manual_check_count=0;manual_check_names=,2026-09-19T00:23:43.804260+00:00
PDFUA-Ref-2-01_Magazine-danish-M04,PAC,Formal,mutant,PDFUA-Ref-2-01_Magazine-danish,eb79fabe18daacdee5408ca7bc5a7968f8113c1721ff80830870d5680a639c82,corpus\mutants\PDFUA-Ref-2-01_Magazine-danish-M04.pdf,PDFUA-Ref-2-01_Magazine-danish-M04_PAC_UA_Report.pdf,evidence\pac\formal\PDFUA-Ref-2-01_Magazine-danish-M04_PAC_UA_Report.pdf,8e3489df88fb21107f74ce57b60a3bfa8e73dd9cb6e75a7dafd32d3ab47afd4a,PDFUA-Ref-2-01_Magazine-danish-M04__eb79fabe18daacdee5408ca7bc5a7968f8113c1721ff80830870d5680a639c82.pdf,evidence\pac\ai\PDFUA-Ref-2-01_Magazine-danish-M04__eb79fabe18daacdee5408ca7bc5a7968f8113c1721ff80830870d5680a639c82.pdf,3a8b32e2243d343555aa61e19e4e5d7cc3865bfb21aca29d0c122ffd21830b79,artifact_id_exact_name_plus_input_hash_and_pac_parse,parsed_pac_pdf;automated_failure_count=1;automated_failure_names=PDF Syntax;warning_count=0;warning_names=;manual_check_count=0;manual_check_names=;failed_rule_text=PDF Syntax (2),2026-09-19T02:06:27.814776+00:00
PDFUA-Ref-2-01_Magazine-danish-M05,PAC,Formal,mutant,PDFUA-Ref-2-01_Magazine-danish,5b5f3a85909983e4b44ba0babf92c7e9704757387a94804ef792ca3d3918bb6f,corpus\mutants\PDFUA-Ref-2-01_Magazine-danish-M05.pdf,PDFUA-Ref-2-01_Magazine-danish-M05_PAC_UA_Report.pdf,evidence\pac\formal\PDFUA-Ref-2-01_Magazine-danish-M05_PAC_UA_Report.pdf,3c22aff305822cb7ba97753e1c3a25e64bb3b67e1e736ffb547b756dbd4c4f83,PDFUA-Ref-2-01_Magazine-danish-M05__5b5f3a85909983e4b44ba0babf92c7e9704757387a94804ef792ca3d3918bb6f.pdf,evidence\pac\formal\PDFUA-Ref-2-01_Magazine-danish-M05__5b5f3a85909983e4b44ba0babf92c7e9704757387a94804ef792ca3d3918bb6f.pdf,3c22aff305822cb7ba97753e1c3a25e64bb3b67e1e736ffb547b756dbd4c4f83,artifact_id_exact_name_plus_input_hash_embedded_filename_and_pac_parse,parsed_pac_pdf;automated_failure_count=0;automated_failure_names=;warning_count=0;warning_names=;manual_check_count=0;manual_check_names=,2026-09-25T00:37:32.185811+00:00
PDFUA-Ref-2-01_Magazine-danish-M06,PAC,Formal,mutant,PDFUA-Ref-2-01_Magazine-danish,4774ad31d5381502e81bc0e30ee6a92559c51bf4bd3772adcc50b3ca1d671d81,corpus\mutants\PDFUA-Ref-2-01_Magazine-danish-M06.pdf,PDFUA-Ref-2-01_Magazine-danish-M06_PAC_UA_Report.pdf,evidence\pac\formal\PDFUA-Ref-2-01_Magazine-danish-M06_PAC_UA_Report.pdf,8871e86c2239648c1281f2f1ea2076377bfafce5e715baa2a2a8d44c8d6bc0b9,PDFUA-Ref-2-01_Magazine-danish-M06__4774ad31d5381502e81bc0e30ee6a92559c51bf4bd3772adcc50b3ca1d671d81.pdf,evidence\pac\ai\PDFUA-Ref-2-01_Magazine-danish-M06__4774ad31d5381502e81bc0e30ee6a92559c51bf4bd3772adcc50b3ca1d671d81.pdf,caf48fc679af420ea6574b213c52507b9f19746ca0fb8d594a795f9bd18ad006,artifact_id_exact_name_plus_input_hash_and_pac_parse,parsed_pac_pdf;automated_failure_count=0;automated_failure_names=;warning_count=0;warning_names=;manual_check_count=0;manual_check_names=,2026-09-19T02:06:36.875270+00:00
PDFUA-Ref-2-01_Magazine-danish-M07,PAC,Formal,mutant,PDFUA-Ref-2-01_Magazine-danish,a45021dfa3ce09f803eac101d0d5bffcd1326662a9a71c028bbd51cbe01a595f,corpus\mutants\PDFUA-Ref-2-01_Magazine-danish-M07.pdf,PDFUA-Ref-2-01_Magazine-danish-M07_PAC_UA_Report.pdf,evidence\pac\formal\PDFUA-Ref-2-01_Magazine-danish-M07_PAC_UA_Report.pdf,014b93861a886584014a6a91d7ede6c0768cc9134ee562ebf388fe3e2eaa1449,PDFUA-Ref-2-01_Magazine-danish-M07__a45021dfa3ce09f803eac101d0d5bffcd1326662a9a71c028bbd51cbe01a595f.pdf,evidence\pac\ai\PDFUA-Ref-2-01_Magazine-danish-M07__a45021dfa3ce09f803eac101d0d5bffcd1326662a9a71c028bbd51cbe01a595f.pdf,46c34acbf4061723f5e7298d43b27ddc9d4e73a3428bd316cfe8506b31dae95e,artifact_id_exact_name_plus_input_hash_and_pac_parse,parsed_pac_pdf;automated_failure_count=1;automated_failure_names=Alternative Descriptions;warning_count=0;warning_names=;manual_check_count=0;manual_check_names=;failed_rule_text=Alternative Descriptions (1),2026-09-19T02:06:41.361943+00:00
PDFUA-Ref-2-01_Magazine-danish-M08,PAC,Formal,mutant,PDFUA-Ref-2-01_Magazine-danish,798d1807493ecbed375ba1a175bb6d19f6d51dfe508c6df88df7ec3f8e1d6061,corpus\mutants\PDFUA-Ref-2-01_Magazine-danish-M08.pdf,PDFUA-Ref-2-01_Magazine-danish-M08_PAC_UA_Report.pdf,evidence\pac\formal\PDFUA-Ref-2-01_Magazine-danish-M08_PAC_UA_Report.pdf,97db6561b2401e1c708587f79586103a54c819018ccc8f5c5c6ee0e57f8d6d42,PDFUA-Ref-2-01_Magazine-danish-M08__798d1807493ecbed375ba1a175bb6d19f6d51dfe508c6df88df7ec3f8e1d6061.pdf,evidence\pac\ai\PDFUA-Ref-2-01_Magazine-danish-M08__798d1807493ecbed375ba1a175bb6d19f6d51dfe508c6df88df7ec3f8e1d6061.pdf,6d9d111112a78dc37d96408e3a4f85dc77b06db80759be3fc4d4e74ceeb55b49,artifact_id_exact_name_plus_input_hash_and_pac_parse,parsed_pac_pdf;automated_failure_count=1;automated_failure_names=Natural language;warning_count=0;warning_names=;manual_check_count=0;manual_check_names=;failed_rule_text=Natural language (5417),2026-09-19T02:06:45.843584+00:00
PDFUA-Ref-2-01_Magazine-danish-M09,PAC,Formal,mutant,PDFUA-Ref-2-01_Magazine-danish,3ef299495b93ea1d1fd50ba38ec265412abb6e1d7e147918d50ec9afcc36662b,corpus\mutants\PDFUA-Ref-2-01_Magazine-danish-M09.pdf,PDFUA-Ref-2-01_Magazine-danish-M09_PAC_UA_Report.pdf,evidence\pac\formal\PDFUA-Ref-2-01_Magazine-danish-M09_PAC_UA_Report.pdf,0af8da33fe8ff946439362b4b52411eea7bb4ade13a0c3297691bb188dd3648a,PDFUA-Ref-2-01_Magazine-danish-M09__3ef299495b93ea1d1fd50ba38ec265412abb6e1d7e147918d50ec9afcc36662b.pdf,evidence\pac\ai\PDFUA-Ref-2-01_Magazine-danish-M09__3ef299495b93ea1d1fd50ba38ec265412abb6e1d7e147918d50ec9afcc36662b.pdf,f1a883b27ddb5b016181c1d3a3adbe16a90dd50866194a896f12bd1ad35b5871,artifact_id_exact_name_plus_input_hash_and_pac_parse,parsed_pac_pdf;automated_failure_count=1;automated_failure_names=Role mapping;warning_count=0;warning_names=;manual_check_count=0;manual_check_names=;failed_rule_text=Role mapping (2),2026-09-19T02:06:50.392875+00:00
PDFUA-Ref-2-02_Invoice-M01,PAC,Formal,mutant,PDFUA-Ref-2-02_Invoice,3ceee5c96667c0fab812443c3d82abdb1bfefa908c3a3d037276ec3153c3d199,corpus\mutants\PDFUA-Ref-2-02_Invoice-M01.pdf,PDFUA-Ref-2-02_Invoice-M01_PAC_UA_Report.pdf,evidence\pac\formal\PDFUA-Ref-2-02_Invoice-M01_PAC_UA_Report.pdf,ac0544e5e72497a2f6c93dc2390567c95732deb7e800b22a3fa1fd483200aeec,PDFUA-Ref-2-02_Invoice-M01__3ceee5c96667c0fab812443c3d82abdb1bfefa908c3a3d037276ec3153c3d199.pdf,evidence\pac\ai\PDFUA-Ref-2-02_Invoice-M01__3ceee5c96667c0fab812443c3d82abdb1bfefa908c3a3d037276ec3153c3d199.pdf,147a560c0c5e4b08a5ec2f9b51dc8fcbb11ae1cbaf0f328e0b0df726bf19c8d8,artifact_id_exact_name_plus_input_hash_and_pac_parse,parsed_pac_pdf;automated_failure_count=0;automated_failure_names=;warning_count=0;warning_names=;manual_check_count=0;manual_check_names=,2026-09-19T00:03:34.463765+00:00
PDFUA-Ref-2-02_Invoice-M02,PAC,Formal,mutant,PDFUA-Ref-2-02_Invoice,462607fdecfb53a1cfdf57d060f6f2ef467370ae7d39213b258398a1777120fd,corpus\mutants\PDFUA-Ref-2-02_Invoice-M02.pdf,PDFUA-Ref-2-02_Invoice-M02_PAC_UA_Report.pdf,evidence\pac\formal\PDFUA-Ref-2-02_Invoice-M02_PAC_UA_Report.pdf,c94ed44553b17885a9a7de14e3336c1ce04f5ed20236ace97a935a69bb43c052,PDFUA-Ref-2-02_Invoice-M02__462607fdecfb53a1cfdf57d060f6f2ef467370ae7d39213b258398a1777120fd.pdf,evidence\pac\ai\PDFUA-Ref-2-02_Invoice-M02__462607fdecfb53a1cfdf57d060f6f2ef467370ae7d39213b258398a1777120fd.pdf,3084891763465e322bda9db5fe732438634cc711190e8cdb76f67a9bf2313a47,artifact_id_exact_name_plus_input_hash_and_pac_parse,parsed_pac_pdf;automated_failure_count=0;automated_failure_names=;warning_count=0;warning_names=;manual_check_count=0;manual_check_names=,2026-09-19T00:37:52.781389+00:00
PDFUA-Ref-2-02_Invoice-M04,PAC,Formal,mutant,PDFUA-Ref-2-02_Invoice,c831396c411f0e67e1fa9eea43cf7e8f741b9f99c69cbdd9f0ce3c17dcab2514,corpus\mutants\PDFUA-Ref-2-02_Invoice-M04.pdf,PDFUA-Ref-2-02_Invoice-M04_PAC_UA_Report.pdf,evidence\pac\formal\PDFUA-Ref-2-02_Invoice-M04_PAC_UA_Report.pdf,f89a29ca9f9869c3b5ef190482e6b1055ac1234dff9189f209a5d92805924e75,PDFUA-Ref-2-02_Invoice-M04__c831396c411f0e67e1fa9eea43cf7e8f741b9f99c69cbdd9f0ce3c17dcab2514.pdf,evidence\pac\formal\PDFUA-Ref-2-02_Invoice-M04__c831396c411f0e67e1fa9eea43cf7e8f741b9f99c69cbdd9f0ce3c17dcab2514.pdf,f89a29ca9f9869c3b5ef190482e6b1055ac1234dff9189f209a5d92805924e75,artifact_id_exact_name_plus_input_hash_and_pac_parse,parsed_pac_pdf;automated_failure_count=1;automated_failure_names=PDF Syntax;warning_count=0;warning_names=;manual_check_count=0;manual_check_names=;failed_rule_text=PDF Syntax (2),2026-09-19T02:06:27.860639+00:00
PDFUA-Ref-2-02_Invoice-M07,PAC,Formal,mutant,PDFUA-Ref-2-02_Invoice,14e04ae7cadc509f5b6479aff17be9cf6d79e68524801d8aa9a27e49ea348506,corpus\mutants\PDFUA-Ref-2-02_Invoice-M07.pdf,PDFUA-Ref-2-02_Invoice-M07_PAC_UA_Report.pdf,evidence\pac\formal\PDFUA-Ref-2-02_Invoice-M07_PAC_UA_Report.pdf,8a4cde7b3378dec8d1ad60b7441389861026d26255b204330ace6e3d57041514,PDFUA-Ref-2-02_Invoice-M07__14e04ae7cadc509f5b6479aff17be9cf6d79e68524801d8aa9a27e49ea348506.pdf,evidence\pac\formal\PDFUA-Ref-2-02_Invoice-M07__14e04ae7cadc509f5b6479aff17be9cf6d79e68524801d8aa9a27e49ea348506.pdf,8a4cde7b3378dec8d1ad60b7441389861026d26255b204330ace6e3d57041514,artifact_id_exact_name_plus_input_hash_and_pac_parse,parsed_pac_pdf;automated_failure_count=1;automated_failure_names=Alternative Descriptions;warning_count=0;warning_names=;manual_check_count=0;manual_check_names=;failed_rule_text=Alternative Descriptions (1),2026-09-19T02:06:41.411548+00:00
PDFUA-Ref-2-02_Invoice-M08,PAC,Formal,mutant,PDFUA-Ref-2-02_Invoice,4fa45b60c80cb404e90b60c4eb2e273acfc22555afdab15b8b1684d09b4f33df,corpus\mutants\PDFUA-Ref-2-02_Invoice-M08.pdf,PDFUA-Ref-2-02_Invoice-M08_PAC_UA_Report.pdf,evidence\pac\formal\PDFUA-Ref-2-02_Invoice-M08_PAC_UA_Report.pdf,925fd0e19bf474e29843055b4d6f49941c09ba815572060a2f514becf9b8c562,PDFUA-Ref-2-02_Invoice-M08__4fa45b60c80cb404e90b60c4eb2e273acfc22555afdab15b8b1684d09b4f33df.pdf,evidence\pac\formal\PDFUA-Ref-2-02_Invoice-M08__4fa45b60c80cb404e90b60c4eb2e273acfc22555afdab15b8b1684d09b4f33df.pdf,925fd0e19bf474e29843055b4d6f49941c09ba815572060a2f514becf9b8c562,artifact_id_exact_name_plus_input_hash_and_pac_parse,parsed_pac_pdf;automated_failure_count=1;automated_failure_names=Natural language;warning_count=0;warning_names=;manual_check_count=0;manual_check_names=;failed_rule_text=Natural language (140),2026-09-19T02:06:45.892088+00:00
PDFUA-Ref-2-02_Invoice-M10,PAC,Formal,mutant,PDFUA-Ref-2-02_Invoice,a4e6177f2fba056f3364f7ac88c2907effa97ee177584a1c46c4aeeca5f31c48,corpus\mutants\PDFUA-Ref-2-02_Invoice-M10.pdf,PDFUA-Ref-2-02_Invoice-M10_PAC_UA_Report.pdf,evidence\pac\formal\PDFUA-Ref-2-02_Invoice-M10_PAC_UA_Report.pdf,f1baf5b007565b3025f807b71b3f6dadedfc3500f6b6d3dd5e9013e9245f24b1,PDFUA-Ref-2-02_Invoice-M10__a4e6177f2fba056f3364f7ac88c2907effa97ee177584a1c46c4aeeca5f31c48.pdf,evidence\pac\ai\PDFUA-Ref-2-02_Invoice-M10__a4e6177f2fba056f3364f7ac88c2907effa97ee177584a1c46c4aeeca5f31c48.pdf,979516466e5b91817bf2ff50fef06a1f7b8825a4b43957dfc4dbb5fe2e5ebc1e,artifact_id_exact_name_plus_input_hash_and_pac_parse,parsed_pac_pdf;automated_failure_count=1;automated_failure_names=Structure tree;warning_count=1;warning_names=Structure elements;manual_check_count=0;manual_check_names=;failed_rule_text=Structure tree (1),2026-09-19T02:06:55.241859+00:00
PDFUA-Ref-2-03_AcademicAbstract-M01,PAC,Formal,mutant,PDFUA-Ref-2-03_AcademicAbstract,3e2fe0a15cd8758f335e91aef7bb50a2b45f2e003448723f106d803a55ce788f,corpus\mutants\PDFUA-Ref-2-03_AcademicAbstract-M01.pdf,PDFUA-Ref-2-03_AcademicAbstract-M01_PAC_UA_Report.pdf,evidence\pac\formal\PDFUA-Ref-2-03_AcademicAbstract-M01_PAC_UA_Report.pdf,e8e5175cf6c984e9d0eebd0f445f3341b358d761f2a57c9c65f4b7f657d33c40,PDFUA-Ref-2-03_AcademicAbstract-M01__3e2fe0a15cd8758f335e91aef7bb50a2b45f2e003448723f106d803a55ce788f.pdf,evidence\pac\ai\PDFUA-Ref-2-03_AcademicAbstract-M01__3e2fe0a15cd8758f335e91aef7bb50a2b45f2e003448723f106d803a55ce788f.pdf,60aeca172577ae4de9260ae52e062ce51a90f49219fd173c72cc3f06bb82cb93,artifact_id_exact_name_plus_input_hash_and_pac_parse,parsed_pac_pdf;automated_failure_count=0;automated_failure_names=;warning_count=0;warning_names=;manual_check_count=0;manual_check_names=,2026-09-19T00:03:34.595977+00:00
PDFUA-Ref-2-03_AcademicAbstract-M02,PAC,Formal,mutant,PDFUA-Ref-2-03_AcademicAbstract,16aed0e5075a817106227b70904ceee8d8c2f771c2a83fc933e07e4a561ba5f1,corpus\mutants\PDFUA-Ref-2-03_AcademicAbstract-M02.pdf,PDFUA-Ref-2-03_AcademicAbstract-M02_PAC_UA_Report.pdf,evidence\pac\formal\PDFUA-Ref-2-03_AcademicAbstract-M02_PAC_UA_Report.pdf,4c7c3c466436c7b8a36fcc828b55950cf0171abebb6bd683d9f410c92f386eec,PDFUA-Ref-2-03_AcademicAbstract-M02__16aed0e5075a817106227b70904ceee8d8c2f771c2a83fc933e07e4a561ba5f1.pdf,evidence\pac\ai\PDFUA-Ref-2-03_AcademicAbstract-M02__16aed0e5075a817106227b70904ceee8d8c2f771c2a83fc933e07e4a561ba5f1.pdf,c5b117cabf707300f3b5a1b4a8d51a7bb5b3de110baa1598e6555b84c7ab769b,artifact_id_exact_name_plus_input_hash_and_pac_parse,parsed_pac_pdf;automated_failure_count=0;automated_failure_names=;warning_count=0;warning_names=;manual_check_count=0;manual_check_names=,2026-09-19T00:41:39.722163+00:00
PDFUA-Ref-2-03_AcademicAbstract-M04,PAC,Formal,mutant,PDFUA-Ref-2-03_AcademicAbstract,aa1b231accabf87602fa064972332501785b16ce8de42ade4ccb57463f5281ec,corpus\mutants\PDFUA-Ref-2-03_AcademicAbstract-M04.pdf,PDFUA-Ref-2-03_AcademicAbstract-M04_PAC_UA_Report.pdf,evidence\pac\formal\PDFUA-Ref-2-03_AcademicAbstract-M04_PAC_UA_Report.pdf,a86795cb89d758d7254c40e1a20fb4f70cdcc5f5c931310f2c4df1c643746b5e,PDFUA-Ref-2-03_AcademicAbstract-M04__aa1b231accabf87602fa064972332501785b16ce8de42ade4ccb57463f5281ec.pdf,evidence\pac\ai\PDFUA-Ref-2-03_AcademicAbstract-M04__aa1b231accabf87602fa064972332501785b16ce8de42ade4ccb57463f5281ec.pdf,1542ab73e6d8486f85ecd61babf566e4efd02d224f918815d24af626b482a1f4,artifact_id_exact_name_plus_input_hash_and_pac_parse,parsed_pac_pdf;automated_failure_count=1;automated_failure_names=PDF Syntax;warning_count=0;warning_names=;manual_check_count=0;manual_check_names=;failed_rule_text=PDF Syntax (2),2026-09-19T02:06:27.901559+00:00
PDFUA-Ref-2-03_AcademicAbstract-M05,PAC,Formal,mutant,PDFUA-Ref-2-03_AcademicAbstract,ee82308195b4488f8c6e01bc8e4ba469df760c122c766ff84fc3425302d6f528,corpus\mutants\PDFUA-Ref-2-03_AcademicAbstract-M05.pdf,PDFUA-Ref-2-03_AcademicAbstract-M05_PAC_UA_Report.pdf,evidence\pac\formal\PDFUA-Ref-2-03_AcademicAbstract-M05_PAC_UA_Report.pdf,16028883478f7f9e1525f5341b709dfd6ab0ed74c644c697965fec208e82bf71,PDFUA-Ref-2-03_AcademicAbstract-M05__ee82308195b4488f8c6e01bc8e4ba469df760c122c766ff84fc3425302d6f528.pdf,evidence\pac\formal\PDFUA-Ref-2-03_AcademicAbstract-M05__ee82308195b4488f8c6e01bc8e4ba469df760c122c766ff84fc3425302d6f528.pdf,16028883478f7f9e1525f5341b709dfd6ab0ed74c644c697965fec208e82bf71,artifact_id_exact_name_plus_input_hash_embedded_filename_and_pac_parse,parsed_pac_pdf;automated_failure_count=0;automated_failure_names=;warning_count=0;warning_names=;manual_check_count=0;manual_check_names=,2026-09-25T00:37:32.303403+00:00
PDFUA-Ref-2-03_AcademicAbstract-M06,PAC,Formal,mutant,PDFUA-Ref-2-03_AcademicAbstract,ca37553b2d45198cd26b168a6c9eb41f248cd4f9179118b991fc47917a443afb,corpus\mutants\PDFUA-Ref-2-03_AcademicAbstract-M06.pdf,PDFUA-Ref-2-03_AcademicAbstract-M06_PAC_UA_Report.pdf,evidence\pac\formal\PDFUA-Ref-2-03_AcademicAbstract-M06_PAC_UA_Report.pdf,9a572b52bde80b5bfb0b0e93700249387b00406c01c2bf3835c32a1ee6b8a121,PDFUA-Ref-2-03_AcademicAbstract-M06__ca37553b2d45198cd26b168a6c9eb41f248cd4f9179118b991fc47917a443afb.pdf,evidence\pac\formal\PDFUA-Ref-2-03_AcademicAbstract-M06__ca37553b2d45198cd26b168a6c9eb41f248cd4f9179118b991fc47917a443afb.pdf,9a572b52bde80b5bfb0b0e93700249387b00406c01c2bf3835c32a1ee6b8a121,artifact_id_exact_name_plus_input_hash_and_pac_parse,parsed_pac_pdf;automated_failure_count=0;automated_failure_names=;warning_count=0;warning_names=;manual_check_count=0;manual_check_names=,2026-09-19T02:06:36.927310+00:00
PDFUA-Ref-2-03_AcademicAbstract-M08,PAC,Formal,mutant,PDFUA-Ref-2-03_AcademicAbstract,381ec9f9fe1f7ef256d3f2ed7e5e405bb9802b17bb64d762f572bc6d313af091,corpus\mutants\PDFUA-Ref-2-03_AcademicAbstract-M08.pdf,PDFUA-Ref-2-03_AcademicAbstract-M08_PAC_UA_Report.pdf,evidence\pac\formal\PDFUA-Ref-2-03_AcademicAbstract-M08_PAC_UA_Report.pdf,ca953e3482775113027796025780bff991edca8f84dbe184cbde458f659ed5ae,PDFUA-Ref-2-03_AcademicAbstract-M08__381ec9f9fe1f7ef256d3f2ed7e5e405bb9802b17bb64d762f572bc6d313af091.pdf,evidence\pac\formal\PDFUA-Ref-2-03_AcademicAbstract-M08__381ec9f9fe1f7ef256d3f2ed7e5e405bb9802b17bb64d762f572bc6d313af091.pdf,ca953e3482775113027796025780bff991edca8f84dbe184cbde458f659ed5ae,artifact_id_exact_name_plus_input_hash_and_pac_parse,parsed_pac_pdf;automated_failure_count=1;automated_failure_names=Natural language;warning_count=0;warning_names=;manual_check_count=0;manual_check_names=;failed_rule_text=Natural language (43),2026-09-19T02:06:45.935740+00:00
PDFUA-Ref-2-03_AcademicAbstract-M09,PAC,Formal,mutant,PDFUA-Ref-2-03_AcademicAbstract,bc813f8eae1f314ebeae764f55bb8208f3aca35c146e2c6e7335fba657dca32a,corpus\mutants\PDFUA-Ref-2-03_AcademicAbstract-M09.pdf,PDFUA-Ref-2-03_AcademicAbstract-M09_PAC_UA_Report.pdf,evidence\pac\formal\PDFUA-Ref-2-03_AcademicAbstract-M09_PAC_UA_Report.pdf,84974df2acec77fc2b4a01509665a8e6385fc66ad6304c8a4f49314c32ccdd03,PDFUA-Ref-2-03_AcademicAbstract-M09__bc813f8eae1f314ebeae764f55bb8208f3aca35c146e2c6e7335fba657dca32a.pdf,evidence\pac\formal\PDFUA-Ref-2-03_AcademicAbstract-M09__bc813f8eae1f314ebeae764f55bb8208f3aca35c146e2c6e7335fba657dca32a.pdf,84974df2acec77fc2b4a01509665a8e6385fc66ad6304c8a4f49314c32ccdd03,artifact_id_exact_name_plus_input_hash_and_pac_parse,parsed_pac_pdf;automated_failure_count=1;automated_failure_names=Role mapping;warning_count=0;warning_names=;manual_check_count=0;manual_check_names=;failed_rule_text=Role mapping (1),2026-09-19T02:06:50.427414+00:00
PDFUA-Ref-2-04_Presentation-M01,PAC,Formal,mutant,PDFUA-Ref-2-04_Presentation,1e4ccf771ae704a24d184020cdac9bd43d0a9bdb6ab88e04b7893d040d642c9c,corpus\mutants\PDFUA-Ref-2-04_Presentation-M01.pdf,PDFUA-Ref-2-04_Presentation-M01_PAC_UA_Report.pdf,evidence\pac\formal\PDFUA-Ref-2-04_Presentation-M01_PAC_UA_Report.pdf,ebaf9c8f3f57f3d5480345244008d4e70e6347978b5c0f3d79c872231a12e39b,PDFUA-Ref-2-04_Presentation-M01__1e4ccf771ae704a24d184020cdac9bd43d0a9bdb6ab88e04b7893d040d642c9c.pdf,evidence\pac\ai\PDFUA-Ref-2-04_Presentation-M01__1e4ccf771ae704a24d184020cdac9bd43d0a9bdb6ab88e04b7893d040d642c9c.pdf,f702b8d50ec82c6c6c0269d54143932cbdc280825dee1071312129994b1bcc72,artifact_id_exact_name_plus_input_hash_and_pac_parse,parsed_pac_pdf;automated_failure_count=0;automated_failure_names=;warning_count=0;warning_names=;manual_check_count=0;manual_check_names=,2026-09-19T00:03:34.694937+00:00
PDFUA-Ref-2-04_Presentation-M02,PAC,Formal,mutant,PDFUA-Ref-2-04_Presentation,e85501fb90d221c574cae80f0cab8f7db33b2a21c9b89e7f2de4167b4dd87880,corpus\mutants\PDFUA-Ref-2-04_Presentation-M02.pdf,PDFUA-Ref-2-04_Presentation-M02_PAC_UA_Report.pdf,evidence\pac\formal\PDFUA-Ref-2-04_Presentation-M02_PAC_UA_Report.pdf,5bfc5c0bbb1ee0b02a9a7fb8373551894e34fe5c92e4700028f4716dabbea6ec,PDFUA-Ref-2-04_Presentation-M02__e85501fb90d221c574cae80f0cab8f7db33b2a21c9b89e7f2de4167b4dd87880.pdf,evidence\pac\ai\PDFUA-Ref-2-04_Presentation-M02__e85501fb90d221c574cae80f0cab8f7db33b2a21c9b89e7f2de4167b4dd87880.pdf,e1c501c872d3effacc43b219b985414a3f0e36ae9e73d83938b3a98dd6e106ec,artifact_id_exact_name_plus_input_hash_and_pac_parse,parsed_pac_pdf;automated_failure_count=0;automated_failure_names=;warning_count=0;warning_names=;manual_check_count=0;manual_check_names=,2026-09-19T00:23:43.941406+00:00
PDFUA-Ref-2-04_Presentation-M04,PAC,Formal,mutant,PDFUA-Ref-2-04_Presentation,d54e7cdfa78b6be17e9234803de1e88ece27cba0282e244b0f0abfdd992487cd,corpus\mutants\PDFUA-Ref-2-04_Presentation-M04.pdf,PDFUA-Ref-2-04_Presentation-M04_PAC_UA_Report.pdf,evidence\pac\formal\PDFUA-Ref-2-04_Presentation-M04_PAC_UA_Report.pdf,cbe28585a4d6c6adba3dffcc0a957895888494b1a9489b2f77c11d4cdddc1f76,PDFUA-Ref-2-04_Presentation-M04__d54e7cdfa78b6be17e9234803de1e88ece27cba0282e244b0f0abfdd992487cd.pdf,evidence\pac\ai\PDFUA-Ref-2-04_Presentation-M04__d54e7cdfa78b6be17e9234803de1e88ece27cba0282e244b0f0abfdd992487cd.pdf,2799724283f21852829b9b924a81a04f6be0a9b4309873f1ebca0d055c7e0679,artifact_id_exact_name_plus_input_hash_and_pac_parse,parsed_pac_pdf;automated_failure_count=1;automated_failure_names=PDF Syntax;warning_count=0;warning_names=;manual_check_count=0;manual_check_names=;failed_rule_text=PDF Syntax (2),2026-09-19T02:06:27.943334+00:00
PDFUA-Ref-2-04_Presentation-M05,PAC,Formal,mutant,PDFUA-Ref-2-04_Presentation,5d72a6c172200b5c5bf50850d45e535a9ed8454edfec1b2714a6c72159995d5c,corpus\mutants\PDFUA-Ref-2-04_Presentation-M05.pdf,PDFUA-Ref-2-04_Presentation-M05_PAC_UA_Report.pdf,evidence\pac\formal\PDFUA-Ref-2-04_Presentation-M05_PAC_UA_Report.pdf,1c354fc80cbbabfa50b483b742d9eb3ff834e8dd01187cc7aa550a6a180c40c7,PDFUA-Ref-2-04_Presentation-M05__5d72a6c172200b5c5bf50850d45e535a9ed8454edfec1b2714a6c72159995d5c.pdf,evidence\pac\formal\PDFUA-Ref-2-04_Presentation-M05__5d72a6c172200b5c5bf50850d45e535a9ed8454edfec1b2714a6c72159995d5c.pdf,1c354fc80cbbabfa50b483b742d9eb3ff834e8dd01187cc7aa550a6a180c40c7,artifact_id_exact_name_plus_input_hash_embedded_filename_and_pac_parse,parsed_pac_pdf;automated_failure_count=0;automated_failure_names=;warning_count=0;warning_names=;manual_check_count=0;manual_check_names=,2026-09-25T00:37:32.452546+00:00
PDFUA-Ref-2-04_Presentation-M06,PAC,Formal,mutant,PDFUA-Ref-2-04_Presentation,56a2b7314c6bb652499bd6ed6a070925d4a76b840d9a06a4377b055a02d37da4,corpus\mutants\PDFUA-Ref-2-04_Presentation-M06.pdf,PDFUA-Ref-2-04_Presentation-M06_PAC_UA_Report.pdf,evidence\pac\formal\PDFUA-Ref-2-04_Presentation-M06_PAC_UA_Report.pdf,55f99e47dc27ba24066d4430800ed7f1ba34438f471a0b24d93520e4e924a4e8,PDFUA-Ref-2-04_Presentation-M06__56a2b7314c6bb652499bd6ed6a070925d4a76b840d9a06a4377b055a02d37da4.pdf,evidence\pac\formal\PDFUA-Ref-2-04_Presentation-M06__56a2b7314c6bb652499bd6ed6a070925d4a76b840d9a06a4377b055a02d37da4.pdf,55f99e47dc27ba24066d4430800ed7f1ba34438f471a0b24d93520e4e924a4e8,artifact_id_exact_name_plus_input_hash_and_pac_parse,parsed_pac_pdf;automated_failure_count=0;automated_failure_names=;warning_count=0;warning_names=;manual_check_count=0;manual_check_names=,2026-09-19T02:06:36.964463+00:00
PDFUA-Ref-2-04_Presentation-M07,PAC,Formal,mutant,PDFUA-Ref-2-04_Presentation,09d414160bdb30b7d9aa23413647b6ba38f434340f1d3f0d3164a1d37d5d3088,corpus\mutants\PDFUA-Ref-2-04_Presentation-M07.pdf,PDFUA-Ref-2-04_Presentation-M07_PAC_UA_Report.pdf,evidence\pac\formal\PDFUA-Ref-2-04_Presentation-M07_PAC_UA_Report.pdf,398184e6a816166f6b7e9ee8ef530147b9dc76b002708ca28467e14a0b28e837,PDFUA-Ref-2-04_Presentation-M07__09d414160bdb30b7d9aa23413647b6ba38f434340f1d3f0d3164a1d37d5d3088.pdf,evidence\pac\formal\PDFUA-Ref-2-04_Presentation-M07__09d414160bdb30b7d9aa23413647b6ba38f434340f1d3f0d3164a1d37d5d3088.pdf,398184e6a816166f6b7e9ee8ef530147b9dc76b002708ca28467e14a0b28e837,artifact_id_exact_name_plus_input_hash_and_pac_parse,parsed_pac_pdf;automated_failure_count=1;automated_failure_names=Alternative Descriptions;warning_count=0;warning_names=;manual_check_count=0;manual_check_names=;failed_rule_text=Alternative Descriptions (1),2026-09-19T02:06:41.444647+00:00
PDFUA-Ref-2-04_Presentation-M08,PAC,Formal,mutant,PDFUA-Ref-2-04_Presentation,72f5f8517793703f0eb2affec0285f5bfb13a062e91810ef96c17a766aa81539,corpus\mutants\PDFUA-Ref-2-04_Presentation-M08.pdf,PDFUA-Ref-2-04_Presentation-M08_PAC_UA_Report.pdf,evidence\pac\formal\PDFUA-Ref-2-04_Presentation-M08_PAC_UA_Report.pdf,fb3498dd88b620469bfaf273450a1edb3c78fe4c02a50f7559352ec8af5f6354,PDFUA-Ref-2-04_Presentation-M08__72f5f8517793703f0eb2affec0285f5bfb13a062e91810ef96c17a766aa81539.pdf,evidence\pac\formal\PDFUA-Ref-2-04_Presentation-M08__72f5f8517793703f0eb2affec0285f5bfb13a062e91810ef96c17a766aa81539.pdf,fb3498dd88b620469bfaf273450a1edb3c78fe4c02a50f7559352ec8af5f6354,artifact_id_exact_name_plus_input_hash_and_pac_parse,parsed_pac_pdf;automated_failure_count=1;automated_failure_names=Natural language;warning_count=0;warning_names=;manual_check_count=0;manual_check_names=;failed_rule_text=Natural language (352),2026-09-19T02:06:45.975489+00:00
PDFUA-Ref-2-04_Presentation-M09,PAC,Formal,mutant,PDFUA-Ref-2-04_Presentation,d9603ca680cfdcaf22033828f12e55e1d26f825bcbdfaf7dd0a29798ea61de3a,corpus\mutants\PDFUA-Ref-2-04_Presentation-M09.pdf,PDFUA-Ref-2-04_Presentation-M09_PAC_UA_Report.pdf,evidence\pac\formal\PDFUA-Ref-2-04_Presentation-M09_PAC_UA_Report.pdf,3db6795f573e02dfb0dbb2f1a4bfdcee45955a9348136a850083fb120ea8328e,PDFUA-Ref-2-04_Presentation-M09__d9603ca680cfdcaf22033828f12e55e1d26f825bcbdfaf7dd0a29798ea61de3a.pdf,evidence\pac\formal\PDFUA-Ref-2-04_Presentation-M09__d9603ca680cfdcaf22033828f12e55e1d26f825bcbdfaf7dd0a29798ea61de3a.pdf,3db6795f573e02dfb0dbb2f1a4bfdcee45955a9348136a850083fb120ea8328e,artifact_id_exact_name_plus_input_hash_and_pac_parse,parsed_pac_pdf;automated_failure_count=1;automated_failure_names=Role mapping;warning_count=0;warning_names=;manual_check_count=0;manual_check_names=;failed_rule_text=Role mapping (3),2026-09-19T02:06:50.477682+00:00
PDFUA-Ref-2-05_BookChapter-german-M01,PAC,Formal,mutant,PDFUA-Ref-2-05_BookChapter-german,f3455e42a1e7610054506c9ece9cfbef949f888e93294fce9eae762222be6078,corpus\mutants\PDFUA-Ref-2-05_BookChapter-german-M01.pdf,PDFUA-Ref-2-05_BookChapter-german-M01_PAC_UA_Report.pdf,evidence\pac\formal\PDFUA-Ref-2-05_BookChapter-german-M01_PAC_UA_Report.pdf,9bbe78c79971d609fd11578944018892fd49756a8ba201100078456f32d44921,PDFUA-Ref-2-05_BookChapter-german-M01__f3455e42a1e7610054506c9ece9cfbef949f888e93294fce9eae762222be6078.pdf,evidence\pac\ai\PDFUA-Ref-2-05_BookChapter-german-M01__f3455e42a1e7610054506c9ece9cfbef949f888e93294fce9eae762222be6078.pdf,1ff0ba676ded79b8c82286db7e6c50ecd649552a9e681430e928dc5a2a4bac36,artifact_id_exact_name_plus_input_hash_and_pac_parse,parsed_pac_pdf;automated_failure_count=0;automated_failure_names=;warning_count=0;warning_names=;manual_check_count=0;manual_check_names=,2026-09-19T00:03:34.833235+00:00
PDFUA-Ref-2-05_BookChapter-german-M02,PAC,Formal,mutant,PDFUA-Ref-2-05_BookChapter-german,5b806fd39c6559c0416737eb3cc131c05f5071f0b1d758af0fecca9b315070af,corpus\mutants\PDFUA-Ref-2-05_BookChapter-german-M02.pdf,PDFUA-Ref-2-05_BookChapter-german-M02_PAC_UA_Report.pdf,evidence\pac\formal\PDFUA-Ref-2-05_BookChapter-german-M02_PAC_UA_Report.pdf,744da1955947f254ba8fc789d4ae449f0303019bbd0ba564020e5bc22312b6b9,PDFUA-Ref-2-05_BookChapter-german-M02__5b806fd39c6559c0416737eb3cc131c05f5071f0b1d758af0fecca9b315070af.pdf,evidence\pac\ai\PDFUA-Ref-2-05_BookChapter-german-M02__5b806fd39c6559c0416737eb3cc131c05f5071f0b1d758af0fecca9b315070af.pdf,e6bd80896a623ababd8cad876eac8de6cd8d82558c3529468219de3fd34eb235,artifact_id_exact_name_plus_input_hash_and_pac_parse,parsed_pac_pdf;automated_failure_count=0;automated_failure_names=;warning_count=0;warning_names=;manual_check_count=0;manual_check_names=,2026-09-19T00:23:44.054293+00:00
PDFUA-Ref-2-05_BookChapter-german-M04,PAC,Formal,mutant,PDFUA-Ref-2-05_BookChapter-german,668b5c55c85237169484722c15354e8d353179f8b9fc9e96a2a6f83a13c71250,corpus\mutants\PDFUA-Ref-2-05_BookChapter-german-M04.pdf,PDFUA-Ref-2-05_BookChapter-german-M04_PAC_UA_Report.pdf,evidence\pac\formal\PDFUA-Ref-2-05_BookChapter-german-M04_PAC_UA_Report.pdf,4059d232982ab9208f33b17cf407453323912370c7eaa25426c391801bb3104f,PDFUA-Ref-2-05_BookChapter-german-M04__668b5c55c85237169484722c15354e8d353179f8b9fc9e96a2a6f83a13c71250.pdf,evidence\pac\ai\PDFUA-Ref-2-05_BookChapter-german-M04__668b5c55c85237169484722c15354e8d353179f8b9fc9e96a2a6f83a13c71250.pdf,d4a2b0b8ebce18bc49eb37b157ea53056931069b8c1d33b517fb3ea523c86c09,artifact_id_exact_name_plus_input_hash_and_pac_parse,parsed_pac_pdf;automated_failure_count=1;automated_failure_names=PDF Syntax;warning_count=0;warning_names=;manual_check_count=0;manual_check_names=;failed_rule_text=PDF Syntax (2),2026-09-19T02:06:27.977446+00:00
PDFUA-Ref-2-05_BookChapter-german-M05,PAC,Formal,mutant,PDFUA-Ref-2-05_BookChapter-german,b7a688694201ed24e8dda1fcf6290c752e42d1ab1d074fc0c8f9d29c0dcad216,corpus\mutants\PDFUA-Ref-2-05_BookChapter-german-M05.pdf,PDFUA-Ref-2-05_BookChapter-german-M05_PAC_UA_Report.pdf,evidence\pac\formal\PDFUA-Ref-2-05_BookChapter-german-M05_PAC_UA_Report.pdf,75a3e608fe1ffda8a147db3565c8553840e521f2101684d17ae0dc891bf190e7,PDFUA-Ref-2-05_BookChapter-german-M05__b7a688694201ed24e8dda1fcf6290c752e42d1ab1d074fc0c8f9d29c0dcad216.pdf,evidence\pac\formal\PDFUA-Ref-2-05_BookChapter-german-M05__b7a688694201ed24e8dda1fcf6290c752e42d1ab1d074fc0c8f9d29c0dcad216.pdf,75a3e608fe1ffda8a147db3565c8553840e521f2101684d17ae0dc891bf190e7,artifact_id_exact_name_plus_input_hash_embedded_filename_and_pac_parse,parsed_pac_pdf;automated_failure_count=0;automated_failure_names=;warning_count=0;warning_names=;manual_check_count=0;manual_check_names=,2026-09-25T00:37:32.587764+00:00
PDFUA-Ref-2-05_BookChapter-german-M06,PAC,Formal,mutant,PDFUA-Ref-2-05_BookChapter-german,823c2b5ddc120128c9e6eb07963de30f15be94f72a40d781b698af48fb5833a6,corpus\mutants\PDFUA-Ref-2-05_BookChapter-german-M06.pdf,PDFUA-Ref-2-05_BookChapter-german-M06_PAC_UA_Report.pdf,evidence\pac\formal\PDFUA-Ref-2-05_BookChapter-german-M06_PAC_UA_Report.pdf,d2a2d56d16b9380bd1e8ae630ab1d943795bfbd989c6c5cb23b54b5c7bda5baa,PDFUA-Ref-2-05_BookChapter-german-M06__823c2b5ddc120128c9e6eb07963de30f15be94f72a40d781b698af48fb5833a6.pdf,evidence\pac\formal\PDFUA-Ref-2-05_BookChapter-german-M06__823c2b5ddc120128c9e6eb07963de30f15be94f72a40d781b698af48fb5833a6.pdf,d2a2d56d16b9380bd1e8ae630ab1d943795bfbd989c6c5cb23b54b5c7bda5baa,artifact_id_exact_name_plus_input_hash_and_pac_parse,parsed_pac_pdf;automated_failure_count=0;automated_failure_names=;warning_count=0;warning_names=;manual_check_count=0;manual_check_names=,2026-09-19T02:06:37.023080+00:00
PDFUA-Ref-2-05_BookChapter-german-M07,PAC,Formal,mutant,PDFUA-Ref-2-05_BookChapter-german,be8cb7f6aca4a81ecb01654b816f6ae0f5cf8f5daa45ebf5468925fcf7ab9742,corpus\mutants\PDFUA-Ref-2-05_BookChapter-german-M07.pdf,PDFUA-Ref-2-05_BookChapter-german-M07_PAC_UA_Report.pdf,evidence\pac\formal\PDFUA-Ref-2-05_BookChapter-german-M07_PAC_UA_Report.pdf,ef5e8b8729a0c31047e76fd51e16a7155e2d5dba48074eb5811634955f97f0e8,PDFUA-Ref-2-05_BookChapter-german-M07__be8cb7f6aca4a81ecb01654b816f6ae0f5cf8f5daa45ebf5468925fcf7ab9742.pdf,evidence\pac\formal\PDFUA-Ref-2-05_BookChapter-german-M07__be8cb7f6aca4a81ecb01654b816f6ae0f5cf8f5daa45ebf5468925fcf7ab9742.pdf,ef5e8b8729a0c31047e76fd51e16a7155e2d5dba48074eb5811634955f97f0e8,artifact_id_exact_name_plus_input_hash_and_pac_parse,parsed_pac_pdf;automated_failure_count=1;automated_failure_names=Alternative Descriptions;warning_count=0;warning_names=;manual_check_count=0;manual_check_names=;failed_rule_text=Alternative Descriptions (1),2026-09-19T02:06:41.492085+00:00
PDFUA-Ref-2-05_BookChapter-german-M08,PAC,Formal,mutant,PDFUA-Ref-2-05_BookChapter-german,01ada38b1d9dc17882581a3ae080fa771f7a3ed2d3affbff49473ff510719fdd,corpus\mutants\PDFUA-Ref-2-05_BookChapter-german-M08.pdf,PDFUA-Ref-2-05_BookChapter-german-M08_PAC_UA_Report.pdf,evidence\pac\formal\PDFUA-Ref-2-05_BookChapter-german-M08_PAC_UA_Report.pdf,a1f796a810d5552657529894552928ca1a2915073f71daa6ecc0daf9a76c78d5,PDFUA-Ref-2-05_BookChapter-german-M08__01ada38b1d9dc17882581a3ae080fa771f7a3ed2d3affbff49473ff510719fdd.pdf,evidence\pac\formal\PDFUA-Ref-2-05_BookChapter-german-M08__01ada38b1d9dc17882581a3ae080fa771f7a3ed2d3affbff49473ff510719fdd.pdf,a1f796a810d5552657529894552928ca1a2915073f71daa6ecc0daf9a76c78d5,artifact_id_exact_name_plus_input_hash_and_pac_parse,parsed_pac_pdf;automated_failure_count=1;automated_failure_names=Natural language;warning_count=0;warning_names=;manual_check_count=0;manual_check_names=;failed_rule_text=Natural language (233),2026-09-19T02:06:46.010082+00:00
PDFUA-Ref-2-05_BookChapter-german-M09,PAC,Formal,mutant,PDFUA-Ref-2-05_BookChapter-german,0ceaf48c6cf200ecab12a36c5bc30bb019911102fe2f2c7bc94508c87f43333f,corpus\mutants\PDFUA-Ref-2-05_BookChapter-german-M09.pdf,PDFUA-Ref-2-05_BookChapter-german-M09_PAC_UA_Report.pdf,evidence\pac\formal\PDFUA-Ref-2-05_BookChapter-german-M09_PAC_UA_Report.pdf,6b27d942f80a2bcae477b940a000863c4ff377260917989a795a5d4824817f2b,PDFUA-Ref-2-05_BookChapter-german-M09__0ceaf48c6cf200ecab12a36c5bc30bb019911102fe2f2c7bc94508c87f43333f.pdf,evidence\pac\formal\PDFUA-Ref-2-05_BookChapter-german-M09__0ceaf48c6cf200ecab12a36c5bc30bb019911102fe2f2c7bc94508c87f43333f.pdf,6b27d942f80a2bcae477b940a000863c4ff377260917989a795a5d4824817f2b,artifact_id_exact_name_plus_input_hash_and_pac_parse,parsed_pac_pdf;automated_failure_count=1;automated_failure_names=Role mapping;warning_count=0;warning_names=;manual_check_count=0;manual_check_names=;failed_rule_text=Role mapping (2),2026-09-19T02:06:50.518812+00:00
PDFUA-Ref-2-05_BookChapter-german-M10,PAC,Formal,mutant,PDFUA-Ref-2-05_BookChapter-german,4dcdbc2dd191cbca8b848640ec29c68cd21d74dedbbcacdb21e76112bb1d3f9c,corpus\mutants\PDFUA-Ref-2-05_BookChapter-german-M10.pdf,PDFUA-Ref-2-05_BookChapter-german-M10_PAC_UA_Report.pdf,evidence\pac\formal\PDFUA-Ref-2-05_BookChapter-german-M10_PAC_UA_Report.pdf,e50b6f9f85ea91d39f5556f18200fae570d9fe172d678074087471acd9e53e9c,PDFUA-Ref-2-05_BookChapter-german-M10__4dcdbc2dd191cbca8b848640ec29c68cd21d74dedbbcacdb21e76112bb1d3f9c.pdf,evidence\pac\formal\PDFUA-Ref-2-05_BookChapter-german-M10__4dcdbc2dd191cbca8b848640ec29c68cd21d74dedbbcacdb21e76112bb1d3f9c.pdf,e50b6f9f85ea91d39f5556f18200fae570d9fe172d678074087471acd9e53e9c,artifact_id_exact_name_plus_input_hash_and_pac_parse,parsed_pac_pdf;automated_failure_count=1;automated_failure_names=Structure tree;warning_count=2;warning_names=Structure elements|Structure tree;manual_check_count=0;manual_check_names=;failed_rule_text=Structure tree (1),2026-09-19T02:06:55.293309+00:00
PDFUA-Ref-2-06_Brochure-M01,PAC,Formal,mutant,PDFUA-Ref-2-06_Brochure,a1a94935bccdbaad7b39c045e9c627fb5deacc3f7fd7fa80c8c77cd6c02acf0a,corpus\mutants\PDFUA-Ref-2-06_Brochure-M01.pdf,PDFUA-Ref-2-06_Brochure-M01_PAC_UA_Report.pdf,evidence\pac\formal\PDFUA-Ref-2-06_Brochure-M01_PAC_UA_Report.pdf,9d0136ff12a5ed7094e0ef9ba7af24aaeeeae3764346ca9c80b63ca92a04dcbf,PDFUA-Ref-2-06_Brochure-M01__a1a94935bccdbaad7b39c045e9c627fb5deacc3f7fd7fa80c8c77cd6c02acf0a.pdf,evidence\pac\ai\PDFUA-Ref-2-06_Brochure-M01__a1a94935bccdbaad7b39c045e9c627fb5deacc3f7fd7fa80c8c77cd6c02acf0a.pdf,555ba9533ab14108c45388c0a119ca3c15abfd2e3709d29d95366fbab9898f69,artifact_id_exact_name_plus_input_hash_and_pac_parse,parsed_pac_pdf;automated_failure_count=0;automated_failure_names=;warning_count=0;warning_names=;manual_check_count=0;manual_check_names=,2026-09-19T00:03:34.930019+00:00
PDFUA-Ref-2-06_Brochure-M02,PAC,Formal,mutant,PDFUA-Ref-2-06_Brochure,6a7c6c4b28369d6bc3ab0f091ff69a08665fe3b8d8398a7fa59ac5bab1cef360,corpus\mutants\PDFUA-Ref-2-06_Brochure-M02.pdf,PDFUA-Ref-2-06_Brochure-M02_PAC_UA_Report.pdf,evidence\pac\formal\PDFUA-Ref-2-06_Brochure-M02_PAC_UA_Report.pdf,ab2cfc9f87a6c7ab77e6c706d4847847416bc6a0f709765e2e315407721a079d,PDFUA-Ref-2-06_Brochure-M02__6a7c6c4b28369d6bc3ab0f091ff69a08665fe3b8d8398a7fa59ac5bab1cef360.pdf,evidence\pac\ai\PDFUA-Ref-2-06_Brochure-M02__6a7c6c4b28369d6bc3ab0f091ff69a08665fe3b8d8398a7fa59ac5bab1cef360.pdf,9f0716e2658a75d7321c078821bbe52ff9268ec7b943f2445c2571d07397b18d,artifact_id_exact_name_plus_input_hash_and_pac_parse,parsed_pac_pdf;automated_failure_count=0;automated_failure_names=;warning_count=0;warning_names=;manual_check_count=0;manual_check_names=,2026-09-19T00:23:44.152589+00:00
PDFUA-Ref-2-06_Brochure-M04,PAC,Formal,mutant,PDFUA-Ref-2-06_Brochure,12c8c27582c8ca949f0f95dc11371ef2a8c3a3a6a72bed7e8b82ff9aa74a049d,corpus\mutants\PDFUA-Ref-2-06_Brochure-M04.pdf,PDFUA-Ref-2-06_Brochure-M04_PAC_UA_Report.pdf,evidence\pac\formal\PDFUA-Ref-2-06_Brochure-M04_PAC_UA_Report.pdf,7c1aec1b02ae0ffb798118432a8581e90e4431336720cff04f40a5abfff1c23e,PDFUA-Ref-2-06_Brochure-M04__12c8c27582c8ca949f0f95dc11371ef2a8c3a3a6a72bed7e8b82ff9aa74a049d.pdf,evidence\pac\ai\PDFUA-Ref-2-06_Brochure-M04__12c8c27582c8ca949f0f95dc11371ef2a8c3a3a6a72bed7e8b82ff9aa74a049d.pdf,d80059444dd71b3762b47391de5ca173f6f3ff1f6f9d074b7636cc8afe85632e,artifact_id_exact_name_plus_input_hash_and_pac_parse,parsed_pac_pdf;automated_failure_count=1;automated_failure_names=PDF Syntax;warning_count=0;warning_names=;manual_check_count=0;manual_check_names=;failed_rule_text=PDF Syntax (2),2026-09-19T02:06:28.025993+00:00
PDFUA-Ref-2-06_Brochure-M05,PAC,Formal,mutant,PDFUA-Ref-2-06_Brochure,692c7fddc91d6d6899dc1f9e820e2851a6cbeaa9694f0841b53445b15b8e3012,corpus\mutants\PDFUA-Ref-2-06_Brochure-M05.pdf,PDFUA-Ref-2-06_Brochure-M05_PAC_UA_Report.pdf,evidence\pac\formal\PDFUA-Ref-2-06_Brochure-M05_PAC_UA_Report.pdf,69fed463072444c09c17856875a855dd16985c9a808cf24870deb68edb9153b2,PDFUA-Ref-2-06_Brochure-M05__692c7fddc91d6d6899dc1f9e820e2851a6cbeaa9694f0841b53445b15b8e3012.pdf,evidence\pac\formal\PDFUA-Ref-2-06_Brochure-M05__692c7fddc91d6d6899dc1f9e820e2851a6cbeaa9694f0841b53445b15b8e3012.pdf,69fed463072444c09c17856875a855dd16985c9a808cf24870deb68edb9153b2,artifact_id_exact_name_plus_input_hash_embedded_filename_and_pac_parse,parsed_pac_pdf;automated_failure_count=0;automated_failure_names=;warning_count=0;warning_names=;manual_check_count=0;manual_check_names=,2026-09-25T00:37:32.773024+00:00
PDFUA-Ref-2-06_Brochure-M06,PAC,Formal,mutant,PDFUA-Ref-2-06_Brochure,a8629a74e71648776b2bb71606a7de30f1cbea3ffa60417d0bc936fabdb3c382,corpus\mutants\PDFUA-Ref-2-06_Brochure-M06.pdf,PDFUA-Ref-2-06_Brochure-M06_PAC_UA_Report.pdf,evidence\pac\formal\PDFUA-Ref-2-06_Brochure-M06_PAC_UA_Report.pdf,0f99d81634b2c79c098d97adbcaaca57895612d375bd6d9191fc44d072fcd992,PDFUA-Ref-2-06_Brochure-M06__a8629a74e71648776b2bb71606a7de30f1cbea3ffa60417d0bc936fabdb3c382.pdf,evidence\pac\formal\PDFUA-Ref-2-06_Brochure-M06__a8629a74e71648776b2bb71606a7de30f1cbea3ffa60417d0bc936fabdb3c382.pdf,0f99d81634b2c79c098d97adbcaaca57895612d375bd6d9191fc44d072fcd992,artifact_id_exact_name_plus_input_hash_and_pac_parse,parsed_pac_pdf;automated_failure_count=0;automated_failure_names=;warning_count=0;warning_names=;manual_check_count=0;manual_check_names=,2026-09-19T02:06:37.064925+00:00
PDFUA-Ref-2-06_Brochure-M07,PAC,Formal,mutant,PDFUA-Ref-2-06_Brochure,7aed010a1cad015f6b9de4498a855cccc6599be37fe85e0ecdbddaef1d9af3dd,corpus\mutants\PDFUA-Ref-2-06_Brochure-M07.pdf,PDFUA-Ref-2-06_Brochure-M07_PAC_UA_Report.pdf,evidence\pac\formal\PDFUA-Ref-2-06_Brochure-M07_PAC_UA_Report.pdf,18ff436a2a0f1c1673a90e471dcc4ff546f47df9b3b6565d112458e7457c7377,PDFUA-Ref-2-06_Brochure-M07__7aed010a1cad015f6b9de4498a855cccc6599be37fe85e0ecdbddaef1d9af3dd.pdf,evidence\pac\formal\PDFUA-Ref-2-06_Brochure-M07__7aed010a1cad015f6b9de4498a855cccc6599be37fe85e0ecdbddaef1d9af3dd.pdf,18ff436a2a0f1c1673a90e471dcc4ff546f47df9b3b6565d112458e7457c7377,artifact_id_exact_name_plus_input_hash_and_pac_parse,parsed_pac_pdf;automated_failure_count=1;automated_failure_names=Alternative Descriptions;warning_count=0;warning_names=;manual_check_count=0;manual_check_names=;failed_rule_text=Alternative Descriptions (1),2026-09-19T02:06:41.539499+00:00
PDFUA-Ref-2-06_Brochure-M08,PAC,Formal,mutant,PDFUA-Ref-2-06_Brochure,fa090d7a7a195eca6b885da4e9b0884b162b73a3b015be189fc41173738c2996,corpus\mutants\PDFUA-Ref-2-06_Brochure-M08.pdf,PDFUA-Ref-2-06_Brochure-M08_PAC_UA_Report.pdf,evidence\pac\formal\PDFUA-Ref-2-06_Brochure-M08_PAC_UA_Report.pdf,ef31623b610e3e131a4959e49f57bd2bb9bcc94160e1ff0118363ccac24faf2e,PDFUA-Ref-2-06_Brochure-M08__fa090d7a7a195eca6b885da4e9b0884b162b73a3b015be189fc41173738c2996.pdf,evidence\pac\formal\PDFUA-Ref-2-06_Brochure-M08__fa090d7a7a195eca6b885da4e9b0884b162b73a3b015be189fc41173738c2996.pdf,ef31623b610e3e131a4959e49f57bd2bb9bcc94160e1ff0118363ccac24faf2e,artifact_id_exact_name_plus_input_hash_and_pac_parse,parsed_pac_pdf;automated_failure_count=1;automated_failure_names=Natural language;warning_count=0;warning_names=;manual_check_count=0;manual_check_names=;failed_rule_text=Natural language (14),2026-09-19T02:06:46.060738+00:00
PDFUA-Ref-2-06_Brochure-M09,PAC,Formal,mutant,PDFUA-Ref-2-06_Brochure,2ede20fc76f497164df67574e7616dd4d38b7348de5b96418f630cca7982c5bf,corpus\mutants\PDFUA-Ref-2-06_Brochure-M09.pdf,PDFUA-Ref-2-06_Brochure-M09_PAC_UA_Report.pdf,evidence\pac\formal\PDFUA-Ref-2-06_Brochure-M09_PAC_UA_Report.pdf,ea430ded0367a7092c781881578f0028444097faed04410a6e65ec706ffcd083,PDFUA-Ref-2-06_Brochure-M09__2ede20fc76f497164df67574e7616dd4d38b7348de5b96418f630cca7982c5bf.pdf,evidence\pac\formal\PDFUA-Ref-2-06_Brochure-M09__2ede20fc76f497164df67574e7616dd4d38b7348de5b96418f630cca7982c5bf.pdf,ea430ded0367a7092c781881578f0028444097faed04410a6e65ec706ffcd083,artifact_id_exact_name_plus_input_hash_and_pac_parse,parsed_pac_pdf;automated_failure_count=1;automated_failure_names=Role mapping;warning_count=0;warning_names=;manual_check_count=0;manual_check_names=;failed_rule_text=Role mapping (1),2026-09-19T02:06:50.560862+00:00
PDFUA-Ref-2-08_BookChapter-M01,PAC,Formal,mutant,PDFUA-Ref-2-08_BookChapter,f5fdd674ca53247a75d32f520d656f24f8e97e864466f9a72ca8e62487f63178,corpus\mutants\PDFUA-Ref-2-08_BookChapter-M01.pdf,PDFUA-Ref-2-08_BookChapter-M01_PAC_UA_Report.pdf,evidence\pac\formal\PDFUA-Ref-2-08_BookChapter-M01_PAC_UA_Report.pdf,3b8123f8c23faf95ab09e4e28c8ed4620555458c01500dd84d238e680a87b63f,PDFUA-Ref-2-08_BookChapter-M01__f5fdd674ca53247a75d32f520d656f24f8e97e864466f9a72ca8e62487f63178.pdf,evidence\pac\ai\PDFUA-Ref-2-08_BookChapter-M01__f5fdd674ca53247a75d32f520d656f24f8e97e864466f9a72ca8e62487f63178.pdf,4d11c7eb57a5cc002c8d238f73109101585479baf23a628cde0d56066f8a77d1,artifact_id_exact_name_plus_input_hash_and_pac_parse,parsed_pac_pdf;automated_failure_count=1;automated_failure_names=Structure elements;warning_count=0;warning_names=;manual_check_count=0;manual_check_names=;failed_rule_text=Structure elements (2),2026-09-19T00:03:35.067832+00:00
PDFUA-Ref-2-08_BookChapter-M02,PAC,Formal,mutant,PDFUA-Ref-2-08_BookChapter,820bea08c3a5eed724bb8d1e65d9e9733c1ca47a0e003ae477aea7cce81725e4,corpus\mutants\PDFUA-Ref-2-08_BookChapter-M02.pdf,PDFUA-Ref-2-08_BookChapter-M02_PAC_UA_Report.pdf,evidence\pac\formal\PDFUA-Ref-2-08_BookChapter-M02_PAC_UA_Report.pdf,8889aa313199ef82870d3aa89b8b48de2d511420c3d88696b72c3aadbd0ec765,PDFUA-Ref-2-08_BookChapter-M02__820bea08c3a5eed724bb8d1e65d9e9733c1ca47a0e003ae477aea7cce81725e4.pdf,evidence\pac\ai\PDFUA-Ref-2-08_BookChapter-M02__820bea08c3a5eed724bb8d1e65d9e9733c1ca47a0e003ae477aea7cce81725e4.pdf,d5cc8e78001ab7004e46697d36e376273a0131d799bfa5f3d8a590dbb0a447a8,artifact_id_exact_name_plus_input_hash_and_pac_parse,parsed_pac_pdf;automated_failure_count=1;automated_failure_names=Structure elements;warning_count=0;warning_names=;manual_check_count=0;manual_check_names=;failed_rule_text=Structure elements (1),2026-09-19T00:23:44.262080+00:00
PDFUA-Ref-2-08_BookChapter-M04,PAC,Formal,mutant,PDFUA-Ref-2-08_BookChapter,20ac005e0fb4cf3812fefd64b496cf14488a56d493e7c7ee5f5045ce9540c1f5,corpus\mutants\PDFUA-Ref-2-08_BookChapter-M04.pdf,PDFUA-Ref-2-08_BookChapter-M04_PAC_UA_Report.pdf,evidence\pac\formal\PDFUA-Ref-2-08_BookChapter-M04_PAC_UA_Report.pdf,4223fc676fccddd82b61f474bf40edadbae9b9e8130a6ce94fb680a5dbfa49b6,PDFUA-Ref-2-08_BookChapter-M04__20ac005e0fb4cf3812fefd64b496cf14488a56d493e7c7ee5f5045ce9540c1f5.pdf,evidence\pac\ai\PDFUA-Ref-2-08_BookChapter-M04__20ac005e0fb4cf3812fefd64b496cf14488a56d493e7c7ee5f5045ce9540c1f5.pdf,e5409b82927d5f08806efc93da4c5bd3de9752fe1de0bfe6d4a308a20a7a926a,artifact_id_exact_name_plus_input_hash_and_pac_parse,parsed_pac_pdf;automated_failure_count=1;automated_failure_names=PDF Syntax;warning_count=0;warning_names=;manual_check_count=0;manual_check_names=;failed_rule_text=PDF Syntax (2),2026-09-19T02:06:28.067584+00:00
PDFUA-Ref-2-08_BookChapter-M05,PAC,Formal,mutant,PDFUA-Ref-2-08_BookChapter,db8fd0be417f0b011ca55e313d0bc1bbe4421aec1d8bb27584fa99a9c5d1f7d3,corpus\mutants\PDFUA-Ref-2-08_BookChapter-M05.pdf,PDFUA-Ref-2-08_BookChapter-M05_PAC_UA_Report.pdf,evidence\pac\formal\PDFUA-Ref-2-08_BookChapter-M05_PAC_UA_Report.pdf,e93250fccd5f84ff19f304389cd016b0b13b5a54a553091ab6d028859cb5d65e,PDFUA-Ref-2-08_BookChapter-M05__db8fd0be417f0b011ca55e313d0bc1bbe4421aec1d8bb27584fa99a9c5d1f7d3.pdf,evidence\pac\formal\PDFUA-Ref-2-08_BookChapter-M05__db8fd0be417f0b011ca55e313d0bc1bbe4421aec1d8bb27584fa99a9c5d1f7d3.pdf,e93250fccd5f84ff19f304389cd016b0b13b5a54a553091ab6d028859cb5d65e,artifact_id_exact_name_plus_input_hash_embedded_filename_and_pac_parse,parsed_pac_pdf;automated_failure_count=0;automated_failure_names=;warning_count=0;warning_names=;manual_check_count=0;manual_check_names=,2026-09-25T00:37:32.919374+00:00
PDFUA-Ref-2-08_BookChapter-M06,PAC,Formal,mutant,PDFUA-Ref-2-08_BookChapter,86091f5caa50e48f16a3a67354122d88c286f8ad8e5a892f22202d5dfe0be414,corpus\mutants\PDFUA-Ref-2-08_BookChapter-M06.pdf,PDFUA-Ref-2-08_BookChapter-M06_PAC_UA_Report.pdf,evidence\pac\formal\PDFUA-Ref-2-08_BookChapter-M06_PAC_UA_Report.pdf,c1d461c1874dbd91e920d5918fa213cdfe5e2ffb0d4e2cf93f16cfe3fbb5d7e3,PDFUA-Ref-2-08_BookChapter-M06__86091f5caa50e48f16a3a67354122d88c286f8ad8e5a892f22202d5dfe0be414.pdf,evidence\pac\formal\PDFUA-Ref-2-08_BookChapter-M06__86091f5caa50e48f16a3a67354122d88c286f8ad8e5a892f22202d5dfe0be414.pdf,c1d461c1874dbd91e920d5918fa213cdfe5e2ffb0d4e2cf93f16cfe3fbb5d7e3,artifact_id_exact_name_plus_input_hash_and_pac_parse,parsed_pac_pdf;automated_failure_count=0;automated_failure_names=;warning_count=0;warning_names=;manual_check_count=0;manual_check_names=,2026-09-19T02:06:37.107803+00:00
PDFUA-Ref-2-08_BookChapter-M07,PAC,Formal,mutant,PDFUA-Ref-2-08_BookChapter,8df764ab15f21435fc2283a261e0fa073baef1005f3d740e3991a952285746e8,corpus\mutants\PDFUA-Ref-2-08_BookChapter-M07.pdf,PDFUA-Ref-2-08_BookChapter-M07_PAC_UA_Report.pdf,evidence\pac\formal\PDFUA-Ref-2-08_BookChapter-M07_PAC_UA_Report.pdf,6537ea3888165f387d3ac1a03f870dc1d8de2528f76bc6f1b79d689393df2adf,PDFUA-Ref-2-08_BookChapter-M07__8df764ab15f21435fc2283a261e0fa073baef1005f3d740e3991a952285746e8.pdf,evidence\pac\formal\PDFUA-Ref-2-08_BookChapter-M07__8df764ab15f21435fc2283a261e0fa073baef1005f3d740e3991a952285746e8.pdf,6537ea3888165f387d3ac1a03f870dc1d8de2528f76bc6f1b79d689393df2adf,artifact_id_exact_name_plus_input_hash_and_pac_parse,parsed_pac_pdf;automated_failure_count=1;automated_failure_names=Alternative Descriptions;warning_count=0;warning_names=;manual_check_count=0;manual_check_names=;failed_rule_text=Alternative Descriptions (1),2026-09-19T02:06:41.574512+00:00
PDFUA-Ref-2-08_BookChapter-M08,PAC,Formal,mutant,PDFUA-Ref-2-08_BookChapter,2c631cd85add3b7883781fb114651993280bb8c9f360361eaf20cb1f3c1ef0c1,corpus\mutants\PDFUA-Ref-2-08_BookChapter-M08.pdf,PDFUA-Ref-2-08_BookChapter-M08_PAC_UA_Report.pdf,evidence\pac\formal\PDFUA-Ref-2-08_BookChapter-M08_PAC_UA_Report.pdf,2d34c30be2d9b6f28922efc1d69827001aceaf8f37f2eabe5772de54b5ed5a90,PDFUA-Ref-2-08_BookChapter-M08__2c631cd85add3b7883781fb114651993280bb8c9f360361eaf20cb1f3c1ef0c1.pdf,evidence\pac\formal\PDFUA-Ref-2-08_BookChapter-M08__2c631cd85add3b7883781fb114651993280bb8c9f360361eaf20cb1f3c1ef0c1.pdf,2d34c30be2d9b6f28922efc1d69827001aceaf8f37f2eabe5772de54b5ed5a90,artifact_id_exact_name_plus_input_hash_and_pac_parse,parsed_pac_pdf;automated_failure_count=1;automated_failure_names=Natural language;warning_count=0;warning_names=;manual_check_count=0;manual_check_names=;failed_rule_text=Natural language (50863),2026-09-19T02:06:46.099657+00:00
PDFUA-Ref-2-08_BookChapter-M10,PAC,Formal,mutant,PDFUA-Ref-2-08_BookChapter,135ebc92b095127190c98164be07186359b69f0908bda83266abdbb34adab269,corpus\mutants\PDFUA-Ref-2-08_BookChapter-M10.pdf,PDFUA-Ref-2-08_BookChapter-M10_PAC_UA_Report.pdf,evidence\pac\formal\PDFUA-Ref-2-08_BookChapter-M10_PAC_UA_Report.pdf,e6247b1829f281623d522af3f32ea62a57979fe7718a508d4ec5ddf8c76725b5,PDFUA-Ref-2-08_BookChapter-M10__135ebc92b095127190c98164be07186359b69f0908bda83266abdbb34adab269.pdf,evidence\pac\formal\PDFUA-Ref-2-08_BookChapter-M10__135ebc92b095127190c98164be07186359b69f0908bda83266abdbb34adab269.pdf,e6247b1829f281623d522af3f32ea62a57979fe7718a508d4ec5ddf8c76725b5,artifact_id_exact_name_plus_input_hash_and_pac_parse,parsed_pac_pdf;automated_failure_count=1;automated_failure_names=Structure tree;warning_count=1;warning_names=Structure elements;manual_check_count=0;manual_check_names=;failed_rule_text=Structure tree (1),2026-09-19T02:06:55.344842+00:00
PDFUA-Ref-2-09_Scanned-M01,PAC,Formal,mutant,PDFUA-Ref-2-09_Scanned,04ce7bde54a9e481e0da7d5bf8a4e7fc98467f2bdbc3803291d166e219df9dc0,corpus\mutants\PDFUA-Ref-2-09_Scanned-M01.pdf,PDFUA-Ref-2-09_Scanned-M01_PAC_UA_Report.pdf,evidence\pac\formal\PDFUA-Ref-2-09_Scanned-M01_PAC_UA_Report.pdf,e00ee55b5e586eead7bf1a525ca9ab48ad8c35346fcf1425159f0315a7e5e633,PDFUA-Ref-2-09_Scanned-M01__04ce7bde54a9e481e0da7d5bf8a4e7fc98467f2bdbc3803291d166e219df9dc0.pdf,evidence\pac\formal\PDFUA-Ref-2-09_Scanned-M01__04ce7bde54a9e481e0da7d5bf8a4e7fc98467f2bdbc3803291d166e219df9dc0.pdf,cb10b977a13ab1e1bfba3167ef033e5e9f21d93eb0c8336b6adcd5dc78ffbecb,artifact_id_exact_name_plus_input_hash_and_pac_parse,parsed_pac_pdf;automated_failure_count=2;automated_failure_names=Natural language|Structure elements;warning_count=0;warning_names=;manual_check_count=0;manual_check_names=;failed_rule_text=Natural language (1)|Structure elements (1),2026-09-19T00:03:35.186175+00:00
PDFUA-Ref-2-09_Scanned-M02,PAC,Formal,mutant,PDFUA-Ref-2-09_Scanned,f45a0b6356c4f2435d8bd75482c8ff0c17fc8f072b81169e342bff4376b04946,corpus\mutants\PDFUA-Ref-2-09_Scanned-M02.pdf,PDFUA-Ref-2-09_Scanned-M02_PAC_UA_Report.pdf,evidence\pac\formal\PDFUA-Ref-2-09_Scanned-M02_PAC_UA_Report.pdf,eeeae139d95ad1daacdbde98a1b6517b64d1f80a94cfd51fd0348cad19b01bb7,PDFUA-Ref-2-09_Scanned-M02__f45a0b6356c4f2435d8bd75482c8ff0c17fc8f072b81169e342bff4376b04946.pdf,evidence\pac\formal\PDFUA-Ref-2-09_Scanned-M02__f45a0b6356c4f2435d8bd75482c8ff0c17fc8f072b81169e342bff4376b04946.pdf,eeeae139d95ad1daacdbde98a1b6517b64d1f80a94cfd51fd0348cad19b01bb7,artifact_id_exact_name_plus_input_hash_and_pac_parse,parsed_pac_pdf;automated_failure_count=2;automated_failure_names=Natural language|Structure elements;warning_count=0;warning_names=;manual_check_count=0;manual_check_names=;failed_rule_text=Natural language (1)|Structure elements (1),2026-09-19T00:23:44.387320+00:00
PDFUA-Ref-2-09_Scanned-M04,PAC,Formal,mutant,PDFUA-Ref-2-09_Scanned,494532eaa86c5136f8de492a0bf4f227d91b90aabc6d7eed62506f2e1838ef28,corpus\mutants\PDFUA-Ref-2-09_Scanned-M04.pdf,PDFUA-Ref-2-09_Scanned-M04_PAC_UA_Report.pdf,evidence\pac\formal\PDFUA-Ref-2-09_Scanned-M04_PAC_UA_Report.pdf,738086f02f11058e85a5badc87031a7e7eaa9c41297cdc1d941d56bbe3b5724e,PDFUA-Ref-2-09_Scanned-M04__494532eaa86c5136f8de492a0bf4f227d91b90aabc6d7eed62506f2e1838ef28.pdf,evidence\pac\formal\PDFUA-Ref-2-09_Scanned-M04__494532eaa86c5136f8de492a0bf4f227d91b90aabc6d7eed62506f2e1838ef28.pdf,738086f02f11058e85a5badc87031a7e7eaa9c41297cdc1d941d56bbe3b5724e,artifact_id_exact_name_plus_input_hash_and_pac_parse,parsed_pac_pdf;automated_failure_count=2;automated_failure_names=PDF Syntax|Natural language;warning_count=0;warning_names=;manual_check_count=0;manual_check_names=;failed_rule_text=PDF Syntax (2)|Natural language (1),2026-09-19T02:06:28.110186+00:00
PDFUA-Ref-2-09_Scanned-M05,PAC,Formal,mutant,PDFUA-Ref-2-09_Scanned,6bbc4a32f5cfa0ae69e6f77ec68a66988bc5644b1e60e34278181c151d71b932,corpus\mutants\PDFUA-Ref-2-09_Scanned-M05.pdf,PDFUA-Ref-2-09_Scanned-M05_PAC_UA_Report.pdf,evidence\pac\formal\PDFUA-Ref-2-09_Scanned-M05_PAC_UA_Report.pdf,d0931721d9f0b15ed88f639d980345740eb8e76540db3f2f84578f078585142b,PDFUA-Ref-2-09_Scanned-M05__6bbc4a32f5cfa0ae69e6f77ec68a66988bc5644b1e60e34278181c151d71b932.pdf,evidence\pac\formal\PDFUA-Ref-2-09_Scanned-M05__6bbc4a32f5cfa0ae69e6f77ec68a66988bc5644b1e60e34278181c151d71b932.pdf,d0931721d9f0b15ed88f639d980345740eb8e76540db3f2f84578f078585142b,artifact_id_exact_name_plus_input_hash_embedded_filename_and_pac_parse,parsed_pac_pdf;automated_failure_count=1;automated_failure_names=Natural language;warning_count=0;warning_names=;manual_check_count=0;manual_check_names=;failed_rule_text=Natural language (1),2026-09-25T00:37:33.129205+00:00
PDFUA-Ref-2-09_Scanned-M06,PAC,Formal,mutant,PDFUA-Ref-2-09_Scanned,637c71a7db4ce2fccd3d34ad662d600b62ef46c275c3ca370c2d17a97980c9fa,corpus\mutants\PDFUA-Ref-2-09_Scanned-M06.pdf,PDFUA-Ref-2-09_Scanned-M06_PAC_UA_Report.pdf,evidence\pac\formal\PDFUA-Ref-2-09_Scanned-M06_PAC_UA_Report.pdf,863c6029ad6d77f6e54fbcf14817b1cae994e3730f57535921e84f6842eeb97a,PDFUA-Ref-2-09_Scanned-M06__637c71a7db4ce2fccd3d34ad662d600b62ef46c275c3ca370c2d17a97980c9fa.pdf,evidence\pac\formal\PDFUA-Ref-2-09_Scanned-M06__637c71a7db4ce2fccd3d34ad662d600b62ef46c275c3ca370c2d17a97980c9fa.pdf,863c6029ad6d77f6e54fbcf14817b1cae994e3730f57535921e84f6842eeb97a,artifact_id_exact_name_plus_input_hash_and_pac_parse,parsed_pac_pdf;automated_failure_count=1;automated_failure_names=Natural language;warning_count=0;warning_names=;manual_check_count=0;manual_check_names=;failed_rule_text=Natural language (1),2026-09-19T02:06:37.163518+00:00
PDFUA-Ref-2-09_Scanned-M07,PAC,Formal,mutant,PDFUA-Ref-2-09_Scanned,c16652da4ab2f15701bf4b12fb0790c269bea5fadbfd0443c1e5db51c51d2c3a,corpus\mutants\PDFUA-Ref-2-09_Scanned-M07.pdf,PDFUA-Ref-2-09_Scanned-M07_PAC_UA_Report.pdf,evidence\pac\formal\PDFUA-Ref-2-09_Scanned-M07_PAC_UA_Report.pdf,470169c932afc789f3a9ee0b237aabaca17e02e79a3e5f0166a7ef46bd865478,PDFUA-Ref-2-09_Scanned-M07__c16652da4ab2f15701bf4b12fb0790c269bea5fadbfd0443c1e5db51c51d2c3a.pdf,evidence\pac\formal\PDFUA-Ref-2-09_Scanned-M07__c16652da4ab2f15701bf4b12fb0790c269bea5fadbfd0443c1e5db51c51d2c3a.pdf,470169c932afc789f3a9ee0b237aabaca17e02e79a3e5f0166a7ef46bd865478,artifact_id_exact_name_plus_input_hash_and_pac_parse,parsed_pac_pdf;automated_failure_count=2;automated_failure_names=Natural language|Alternative Descriptions;warning_count=0;warning_names=;manual_check_count=0;manual_check_names=;failed_rule_text=Natural language (1)|Alternative Descriptions (1),2026-09-19T02:06:41.627971+00:00
PDFUA-Ref-2-09_Scanned-M09,PAC,Formal,mutant,PDFUA-Ref-2-09_Scanned,fffc16e1954d8c2ffb6abeac0d9a9804aaf2236711ba0d3f06317fbc1e84d548,corpus\mutants\PDFUA-Ref-2-09_Scanned-M09.pdf,PDFUA-Ref-2-09_Scanned-M09_PAC_UA_Report.pdf,evidence\pac\formal\PDFUA-Ref-2-09_Scanned-M09_PAC_UA_Report.pdf,7ef54013fbecf255159c16e9e09fd9c1faa8424af452eb45750e675cf36d837b,PDFUA-Ref-2-09_Scanned-M09__fffc16e1954d8c2ffb6abeac0d9a9804aaf2236711ba0d3f06317fbc1e84d548.pdf,evidence\pac\formal\PDFUA-Ref-2-09_Scanned-M09__fffc16e1954d8c2ffb6abeac0d9a9804aaf2236711ba0d3f06317fbc1e84d548.pdf,7ef54013fbecf255159c16e9e09fd9c1faa8424af452eb45750e675cf36d837b,artifact_id_exact_name_plus_input_hash_and_pac_parse,parsed_pac_pdf;automated_failure_count=2;automated_failure_names=Natural language|Role mapping;warning_count=0;warning_names=;manual_check_count=0;manual_check_names=;failed_rule_text=Natural language (1)|Role mapping (1),2026-09-19T02:06:50.608087+00:00
PDFUA-Ref-2-09_Scanned-M10,PAC,Formal,mutant,PDFUA-Ref-2-09_Scanned,c5f2c1706faf55b963f7ae539710aa419a530967f41fcbc495d5fbc6708927e8,corpus\mutants\PDFUA-Ref-2-09_Scanned-M10.pdf,PDFUA-Ref-2-09_Scanned-M10_PAC_UA_Report.pdf,evidence\pac\formal\PDFUA-Ref-2-09_Scanned-M10_PAC_UA_Report.pdf,e3cf9cc48417dabde743d4bc1fb83fbc810633e1aebf40f515e9355dd29d3393,PDFUA-Ref-2-09_Scanned-M10__c5f2c1706faf55b963f7ae539710aa419a530967f41fcbc495d5fbc6708927e8.pdf,evidence\pac\formal\PDFUA-Ref-2-09_Scanned-M10__c5f2c1706faf55b963f7ae539710aa419a530967f41fcbc495d5fbc6708927e8.pdf,e3cf9cc48417dabde743d4bc1fb83fbc810633e1aebf40f515e9355dd29d3393,artifact_id_exact_name_plus_input_hash_and_pac_parse,parsed_pac_pdf;automated_failure_count=2;automated_failure_names=Natural language|Structure tree;warning_count=2;warning_names=Structure elements|Structure tree;manual_check_count=0;manual_check_names=;failed_rule_text=Natural language (1)|Structure tree (1),2026-09-19T02:06:55.392881+00:00
PDFUA-Ref-2-10_Form-M01,PAC,Formal,mutant,PDFUA-Ref-2-10_Form,3f4549f2b3c4a7e8ec2859096f3bc42513bf0df4cad6c5ee1f324835425bfece,corpus\mutants\PDFUA-Ref-2-10_Form-M01.pdf,PDFUA-Ref-2-10_Form-M01_PAC_UA_Report.pdf,evidence\pac\formal\PDFUA-Ref-2-10_Form-M01_PAC_UA_Report.pdf,a604cfc3b9078fa63e0f5db94be05cfacdb688a661032c714eb7adf811f6dc6b,PDFUA-Ref-2-10_Form-M01__3f4549f2b3c4a7e8ec2859096f3bc42513bf0df4cad6c5ee1f324835425bfece.pdf,evidence\pac\ai\PDFUA-Ref-2-10_Form-M01__3f4549f2b3c4a7e8ec2859096f3bc42513bf0df4cad6c5ee1f324835425bfece.pdf,eead9be59f82931505c1e3954728f085444413c2886156ebf2a944a1156ba796,artifact_id_exact_name_plus_input_hash_and_pac_parse,parsed_pac_pdf;automated_failure_count=0;automated_failure_names=;warning_count=0;warning_names=;manual_check_count=0;manual_check_names=,2026-09-19T00:03:35.280012+00:00
PDFUA-Ref-2-10_Form-M02,PAC,Formal,mutant,PDFUA-Ref-2-10_Form,85550ea9d4a77f73600cbc328ea4c1edf6916e032e2f5c79bf30e97f3db2d478,corpus\mutants\PDFUA-Ref-2-10_Form-M02.pdf,PDFUA-Ref-2-10_Form-M02_PAC_UA_Report.pdf,evidence\pac\formal\PDFUA-Ref-2-10_Form-M02_PAC_UA_Report.pdf,95405cb1821583036acde4fe2b690080b570c76555808eb43d546af10d685a90,PDFUA-Ref-2-10_Form-M02__85550ea9d4a77f73600cbc328ea4c1edf6916e032e2f5c79bf30e97f3db2d478.pdf,evidence\pac\ai\PDFUA-Ref-2-10_Form-M02__85550ea9d4a77f73600cbc328ea4c1edf6916e032e2f5c79bf30e97f3db2d478.pdf,8602c73250ba2bb24dcf12c72c78e34b8e6dce8968fb457cae92a632dcdb50b7,artifact_id_exact_name_plus_input_hash_and_pac_parse,parsed_pac_pdf;automated_failure_count=0;automated_failure_names=;warning_count=0;warning_names=;manual_check_count=0;manual_check_names=,2026-09-19T00:23:44.485818+00:00
PDFUA-Ref-2-10_Form-M08,PAC,Formal,mutant,PDFUA-Ref-2-10_Form,53befb723e3cca79d246644678be0a3a09dae65ff4e514fc56d3fa404cd4ff8a,corpus\mutants\PDFUA-Ref-2-10_Form-M08.pdf,PDFUA-Ref-2-10_Form-M08_PAC_UA_Report.pdf,evidence\pac\formal\PDFUA-Ref-2-10_Form-M08_PAC_UA_Report.pdf,f85b88580429d4f33e08c2aede97e3a7b5f057361e199a4e1ff2d596e4d3e2b7,PDFUA-Ref-2-10_Form-M08__53befb723e3cca79d246644678be0a3a09dae65ff4e514fc56d3fa404cd4ff8a.pdf,evidence\pac\formal\PDFUA-Ref-2-10_Form-M08__53befb723e3cca79d246644678be0a3a09dae65ff4e514fc56d3fa404cd4ff8a.pdf,f85b88580429d4f33e08c2aede97e3a7b5f057361e199a4e1ff2d596e4d3e2b7,artifact_id_exact_name_plus_input_hash_and_pac_parse,parsed_pac_pdf;automated_failure_count=1;automated_failure_names=Natural language;warning_count=0;warning_names=;manual_check_count=0;manual_check_names=;failed_rule_text=Natural language (1),2026-09-19T02:06:46.142633+00:00
PDFUA-Ref-2-10_Form-M09,PAC,Formal,mutant,PDFUA-Ref-2-10_Form,e773fbeada53152d5b48cbcc4598f89c4e40d42fad35db905ae10504d3bf6ff2,corpus\mutants\PDFUA-Ref-2-10_Form-M09.pdf,PDFUA-Ref-2-10_Form-M09_PAC_UA_Report.pdf,evidence\pac\formal\PDFUA-Ref-2-10_Form-M09_PAC_UA_Report.pdf,93d993208555e3b3621940985b24dc5337ab5c7e2e13083c6a0af230ff92e257,PDFUA-Ref-2-10_Form-M09__e773fbeada53152d5b48cbcc4598f89c4e40d42fad35db905ae10504d3bf6ff2.pdf,evidence\pac\formal\PDFUA-Ref-2-10_Form-M09__e773fbeada53152d5b48cbcc4598f89c4e40d42fad35db905ae10504d3bf6ff2.pdf,93d993208555e3b3621940985b24dc5337ab5c7e2e13083c6a0af230ff92e257,artifact_id_exact_name_plus_input_hash_and_pac_parse,parsed_pac_pdf;automated_failure_count=1;automated_failure_names=Role mapping;warning_count=0;warning_names=;manual_check_count=0;manual_check_names=;failed_rule_text=Role mapping (1),2026-09-19T02:06:50.658396+00:00
