artifact_id,artifact_type,operator,operator_class,source_golden,PAC_formal_classification,selected_for_ai,selection_reason,control_type,expected_ai_question,status,golden_id,PAC_formal_result,selected_for_pac_ai
PDFUA-Ref-2-01_Magazine-danish,golden,,,PDFUA-Ref-2-01_Magazine-danish,BASELINE,TRUE,Required golden baseline for the selected PAC AI cohort.,golden_baseline,Does PAC AI remain at the golden baseline without a mutant-specific finding?,TODO,PDFUA-Ref-2-01_Magazine-danish,BASELINE,TRUE
PDFUA-Ref-2-02_Invoice,golden,,,PDFUA-Ref-2-02_Invoice,BASELINE,TRUE,Required golden baseline for the selected PAC AI cohort.,golden_baseline,Does PAC AI remain at the golden baseline without a mutant-specific finding?,TODO,PDFUA-Ref-2-02_Invoice,BASELINE,TRUE
PDFUA-Ref-2-03_AcademicAbstract,golden,,,PDFUA-Ref-2-03_AcademicAbstract,BASELINE,TRUE,Required golden baseline for the selected PAC AI cohort.,golden_baseline,Does PAC AI remain at the golden baseline without a mutant-specific finding?,TODO,PDFUA-Ref-2-03_AcademicAbstract,BASELINE,TRUE
PDFUA-Ref-2-04_Presentation,golden,,,PDFUA-Ref-2-04_Presentation,BASELINE,TRUE,Required golden baseline for the selected PAC AI cohort.,golden_baseline,Does PAC AI remain at the golden baseline without a mutant-specific finding?,TODO,PDFUA-Ref-2-04_Presentation,BASELINE,TRUE
PDFUA-Ref-2-05_BookChapter-german,golden,,,PDFUA-Ref-2-05_BookChapter-german,BASELINE,TRUE,Required golden baseline for the selected PAC AI cohort.,golden_baseline,Does PAC AI remain at the golden baseline without a mutant-specific finding?,TODO,PDFUA-Ref-2-05_BookChapter-german,BASELINE,TRUE
PDFUA-Ref-2-06_Brochure,golden,,,PDFUA-Ref-2-06_Brochure,BASELINE,TRUE,Required golden baseline for the selected PAC AI cohort.,golden_baseline,Does PAC AI remain at the golden baseline without a mutant-specific finding?,TODO,PDFUA-Ref-2-06_Brochure,BASELINE,TRUE
PDFUA-Ref-2-08_BookChapter,golden,,,PDFUA-Ref-2-08_BookChapter,BASELINE,TRUE,Required golden baseline for the selected PAC AI cohort.,golden_baseline,Does PAC AI remain at the golden baseline without a mutant-specific finding?,TODO,PDFUA-Ref-2-08_BookChapter,BASELINE,TRUE
PDFUA-Ref-2-10_Form,golden,,,PDFUA-Ref-2-10_Form,BASELINE,TRUE,Required golden baseline for the selected PAC AI cohort.,golden_baseline,Does PAC AI remain at the golden baseline without a mutant-specific finding?,TODO,PDFUA-Ref-2-10_Form,BASELINE,TRUE
PDFUA-Ref-2-01_Magazine-danish-M01,mutant,M01,semantic,PDFUA-Ref-2-01_Magazine-danish,Missed,TRUE,Semantic mutant survived PAC Formal with an interpretable baseline.,,Does PAC AI identify the intended reading-order change relative to the golden baseline?,TODO,PDFUA-Ref-2-01_Magazine-danish,Missed,TRUE
PDFUA-Ref-2-03_AcademicAbstract-M01,mutant,M01,semantic,PDFUA-Ref-2-03_AcademicAbstract,Missed,TRUE,Semantic mutant survived PAC Formal with an interpretable baseline.,,Does PAC AI identify the intended reading-order change relative to the golden baseline?,TODO,PDFUA-Ref-2-03_AcademicAbstract,Missed,TRUE
PDFUA-Ref-2-04_Presentation-M01,mutant,M01,semantic,PDFUA-Ref-2-04_Presentation,Missed,TRUE,Semantic mutant survived PAC Formal with an interpretable baseline.,,Does PAC AI identify the intended reading-order change relative to the golden baseline?,TODO,PDFUA-Ref-2-04_Presentation,Missed,TRUE
PDFUA-Ref-2-05_BookChapter-german-M01,mutant,M01,semantic,PDFUA-Ref-2-05_BookChapter-german,Missed,TRUE,Semantic mutant survived PAC Formal with an interpretable baseline.,,Does PAC AI identify the intended reading-order change relative to the golden baseline?,TODO,PDFUA-Ref-2-05_BookChapter-german,Missed,TRUE
PDFUA-Ref-2-06_Brochure-M01,mutant,M01,semantic,PDFUA-Ref-2-06_Brochure,Missed,TRUE,Semantic mutant survived PAC Formal with an interpretable baseline.,,Does PAC AI identify the intended reading-order change relative to the golden baseline?,TODO,PDFUA-Ref-2-06_Brochure,Missed,TRUE
PDFUA-Ref-2-08_BookChapter-M01,mutant,M01,semantic,PDFUA-Ref-2-08_BookChapter,Missed,TRUE,Semantic mutant survived PAC Formal with an interpretable baseline.,,Does PAC AI identify the intended reading-order change relative to the golden baseline?,TODO,PDFUA-Ref-2-08_BookChapter,Missed,TRUE
PDFUA-Ref-2-09_Scanned-M01,mutant,M01,semantic,PDFUA-Ref-2-09_Scanned,Missed,FALSE,Excluded because the matching PAC Formal golden baseline is not a clean PASS; the mutation is not interpretable for AI comparison.,excluded_baseline_not_interpretable,Does PAC AI identify the intended reading-order change relative to the golden baseline?,EXCLUDED_BASELINE_NOT_INTERPRETABLE,PDFUA-Ref-2-09_Scanned,Missed,FALSE
PDFUA-Ref-2-10_Form-M01,mutant,M01,semantic,PDFUA-Ref-2-10_Form,Missed,TRUE,Semantic mutant survived PAC Formal with an interpretable baseline.,,Does PAC AI identify the intended reading-order change relative to the golden baseline?,TODO,PDFUA-Ref-2-10_Form,Missed,TRUE
PDFUA-Ref-2-01_Magazine-danish-M02,mutant,M02,semantic,PDFUA-Ref-2-01_Magazine-danish,Missed,TRUE,Semantic mutant survived PAC Formal with an interpretable baseline.,,Does PAC AI identify that the intended tagged subtree is omitted from traversal?,TODO,PDFUA-Ref-2-01_Magazine-danish,Missed,TRUE
PDFUA-Ref-2-02_Invoice-M02,mutant,M02,semantic,PDFUA-Ref-2-02_Invoice,Missed,TRUE,Semantic mutant survived PAC Formal with an interpretable baseline.,,Does PAC AI identify that the intended tagged subtree is omitted from traversal?,TODO,PDFUA-Ref-2-02_Invoice,Missed,TRUE
PDFUA-Ref-2-03_AcademicAbstract-M02,mutant,M02,semantic,PDFUA-Ref-2-03_AcademicAbstract,Missed,TRUE,Semantic mutant survived PAC Formal with an interpretable baseline.,,Does PAC AI identify that the intended tagged subtree is omitted from traversal?,TODO,PDFUA-Ref-2-03_AcademicAbstract,Missed,TRUE
PDFUA-Ref-2-04_Presentation-M02,mutant,M02,semantic,PDFUA-Ref-2-04_Presentation,Missed,TRUE,Semantic mutant survived PAC Formal with an interpretable baseline.,,Does PAC AI identify that the intended tagged subtree is omitted from traversal?,TODO,PDFUA-Ref-2-04_Presentation,Missed,TRUE
PDFUA-Ref-2-05_BookChapter-german-M02,mutant,M02,semantic,PDFUA-Ref-2-05_BookChapter-german,Missed,TRUE,Semantic mutant survived PAC Formal with an interpretable baseline.,,Does PAC AI identify that the intended tagged subtree is omitted from traversal?,TODO,PDFUA-Ref-2-05_BookChapter-german,Missed,TRUE
PDFUA-Ref-2-06_Brochure-M02,mutant,M02,semantic,PDFUA-Ref-2-06_Brochure,Missed,TRUE,Semantic mutant survived PAC Formal with an interpretable baseline.,,Does PAC AI identify that the intended tagged subtree is omitted from traversal?,TODO,PDFUA-Ref-2-06_Brochure,Missed,TRUE
PDFUA-Ref-2-08_BookChapter-M02,mutant,M02,semantic,PDFUA-Ref-2-08_BookChapter,Missed,TRUE,Semantic mutant survived PAC Formal with an interpretable baseline.,,Does PAC AI identify that the intended tagged subtree is omitted from traversal?,TODO,PDFUA-Ref-2-08_BookChapter,Missed,TRUE
PDFUA-Ref-2-09_Scanned-M02,mutant,M02,semantic,PDFUA-Ref-2-09_Scanned,Missed,FALSE,Excluded because the matching PAC Formal golden baseline is not a clean PASS; the mutation is not interpretable for AI comparison.,excluded_baseline_not_interpretable,Does PAC AI identify that the intended tagged subtree is omitted from traversal?,EXCLUDED_BASELINE_NOT_INTERPRETABLE,PDFUA-Ref-2-09_Scanned,Missed,FALSE
PDFUA-Ref-2-10_Form-M02,mutant,M02,semantic,PDFUA-Ref-2-10_Form,Missed,TRUE,Semantic mutant survived PAC Formal with an interpretable baseline.,,Does PAC AI identify that the intended tagged subtree is omitted from traversal?,TODO,PDFUA-Ref-2-10_Form,Missed,TRUE
PDFUA-Ref-2-01_Magazine-danish-M03,mutant,M03,machine-checkable,PDFUA-Ref-2-01_Magazine-danish,Detected,TRUE,One reproducible machine-checkable control selected per operator to compare PAC AI with formal evidence.,machine_checkable_control,Does PAC AI identify the changed heading-level semantics?,TODO,PDFUA-Ref-2-01_Magazine-danish,Detected,TRUE
PDFUA-Ref-2-02_Invoice-M03,mutant,M03,machine-checkable,PDFUA-Ref-2-02_Invoice,Detected,FALSE,Not selected; one classified control per machine-checkable operator is sufficient.,,Does PAC AI identify the changed heading-level semantics?,NOT_SELECTED,PDFUA-Ref-2-02_Invoice,Detected,FALSE
PDFUA-Ref-2-03_AcademicAbstract-M03,mutant,M03,machine-checkable,PDFUA-Ref-2-03_AcademicAbstract,Detected,FALSE,Not selected; one classified control per machine-checkable operator is sufficient.,,Does PAC AI identify the changed heading-level semantics?,NOT_SELECTED,PDFUA-Ref-2-03_AcademicAbstract,Detected,FALSE
PDFUA-Ref-2-04_Presentation-M03,mutant,M03,machine-checkable,PDFUA-Ref-2-04_Presentation,Detected,FALSE,Not selected; one classified control per machine-checkable operator is sufficient.,,Does PAC AI identify the changed heading-level semantics?,NOT_SELECTED,PDFUA-Ref-2-04_Presentation,Detected,FALSE
PDFUA-Ref-2-05_BookChapter-german-M03,mutant,M03,machine-checkable,PDFUA-Ref-2-05_BookChapter-german,Detected,FALSE,Not selected; one classified control per machine-checkable operator is sufficient.,,Does PAC AI identify the changed heading-level semantics?,NOT_SELECTED,PDFUA-Ref-2-05_BookChapter-german,Detected,FALSE
PDFUA-Ref-2-06_Brochure-M03,mutant,M03,machine-checkable,PDFUA-Ref-2-06_Brochure,Detected,FALSE,Not selected; one classified control per machine-checkable operator is sufficient.,,Does PAC AI identify the changed heading-level semantics?,NOT_SELECTED,PDFUA-Ref-2-06_Brochure,Detected,FALSE
PDFUA-Ref-2-08_BookChapter-M03,mutant,M03,machine-checkable,PDFUA-Ref-2-08_BookChapter,Detected,FALSE,Not selected; one classified control per machine-checkable operator is sufficient.,,Does PAC AI identify the changed heading-level semantics?,NOT_SELECTED,PDFUA-Ref-2-08_BookChapter,Detected,FALSE
PDFUA-Ref-2-09_Scanned-M03,mutant,M03,machine-checkable,PDFUA-Ref-2-09_Scanned,Detected,FALSE,Excluded because the matching PAC Formal golden baseline is not a clean PASS; the mutation is not interpretable for AI comparison.,excluded_baseline_not_interpretable,Does PAC AI identify the changed heading-level semantics?,EXCLUDED_BASELINE_NOT_INTERPRETABLE,PDFUA-Ref-2-09_Scanned,Detected,FALSE
PDFUA-Ref-2-01_Magazine-danish-M04,mutant,M04,semantic,PDFUA-Ref-2-01_Magazine-danish,Missed,TRUE,Semantic mutant survived PAC Formal with an interpretable baseline.,,Does PAC AI identify the changed association between the two same-role leaf items?,TODO,PDFUA-Ref-2-01_Magazine-danish,Missed,TRUE
PDFUA-Ref-2-02_Invoice-M04,mutant,M04,semantic,PDFUA-Ref-2-02_Invoice,Missed,TRUE,Semantic mutant survived PAC Formal with an interpretable baseline.,,Does PAC AI identify the changed association between the two same-role leaf items?,TODO,PDFUA-Ref-2-02_Invoice,Missed,TRUE
PDFUA-Ref-2-03_AcademicAbstract-M04,mutant,M04,semantic,PDFUA-Ref-2-03_AcademicAbstract,Missed,TRUE,Semantic mutant survived PAC Formal with an interpretable baseline.,,Does PAC AI identify the changed association between the two same-role leaf items?,TODO,PDFUA-Ref-2-03_AcademicAbstract,Missed,TRUE
PDFUA-Ref-2-04_Presentation-M04,mutant,M04,semantic,PDFUA-Ref-2-04_Presentation,Missed,TRUE,Semantic mutant survived PAC Formal with an interpretable baseline.,,Does PAC AI identify the changed association between the two same-role leaf items?,TODO,PDFUA-Ref-2-04_Presentation,Missed,TRUE
PDFUA-Ref-2-05_BookChapter-german-M04,mutant,M04,semantic,PDFUA-Ref-2-05_BookChapter-german,Missed,TRUE,Semantic mutant survived PAC Formal with an interpretable baseline.,,Does PAC AI identify the changed association between the two same-role leaf items?,TODO,PDFUA-Ref-2-05_BookChapter-german,Missed,TRUE
PDFUA-Ref-2-06_Brochure-M04,mutant,M04,semantic,PDFUA-Ref-2-06_Brochure,Missed,TRUE,Semantic mutant survived PAC Formal with an interpretable baseline.,,Does PAC AI identify the changed association between the two same-role leaf items?,TODO,PDFUA-Ref-2-06_Brochure,Missed,TRUE
PDFUA-Ref-2-08_BookChapter-M04,mutant,M04,semantic,PDFUA-Ref-2-08_BookChapter,Missed,TRUE,Semantic mutant survived PAC Formal with an interpretable baseline.,,Does PAC AI identify the changed association between the two same-role leaf items?,TODO,PDFUA-Ref-2-08_BookChapter,Missed,TRUE
PDFUA-Ref-2-09_Scanned-M04,mutant,M04,semantic,PDFUA-Ref-2-09_Scanned,Missed,FALSE,Excluded because the matching PAC Formal golden baseline is not a clean PASS; the mutation is not interpretable for AI comparison.,excluded_baseline_not_interpretable,Does PAC AI identify the changed association between the two same-role leaf items?,EXCLUDED_BASELINE_NOT_INTERPRETABLE,PDFUA-Ref-2-09_Scanned,Missed,FALSE
PDFUA-Ref-2-01_Magazine-danish-M05,mutant,M05,semantic,PDFUA-Ref-2-01_Magazine-danish,Missed,TRUE,Semantic mutant survived PAC Formal with an interpretable baseline.,,Does PAC AI identify the changed order of the targeted content chunks?,TODO,PDFUA-Ref-2-01_Magazine-danish,Missed,TRUE
PDFUA-Ref-2-03_AcademicAbstract-M05,mutant,M05,semantic,PDFUA-Ref-2-03_AcademicAbstract,Missed,TRUE,Semantic mutant survived PAC Formal with an interpretable baseline.,,Does PAC AI identify the changed order of the targeted content chunks?,TODO,PDFUA-Ref-2-03_AcademicAbstract,Missed,TRUE
PDFUA-Ref-2-04_Presentation-M05,mutant,M05,semantic,PDFUA-Ref-2-04_Presentation,Missed,TRUE,Semantic mutant survived PAC Formal with an interpretable baseline.,,Does PAC AI identify the changed order of the targeted content chunks?,TODO,PDFUA-Ref-2-04_Presentation,Missed,TRUE
PDFUA-Ref-2-05_BookChapter-german-M05,mutant,M05,semantic,PDFUA-Ref-2-05_BookChapter-german,Missed,TRUE,Semantic mutant survived PAC Formal with an interpretable baseline.,,Does PAC AI identify the changed order of the targeted content chunks?,TODO,PDFUA-Ref-2-05_BookChapter-german,Missed,TRUE
PDFUA-Ref-2-06_Brochure-M05,mutant,M05,semantic,PDFUA-Ref-2-06_Brochure,Missed,TRUE,Semantic mutant survived PAC Formal with an interpretable baseline.,,Does PAC AI identify the changed order of the targeted content chunks?,TODO,PDFUA-Ref-2-06_Brochure,Missed,TRUE
PDFUA-Ref-2-08_BookChapter-M05,mutant,M05,semantic,PDFUA-Ref-2-08_BookChapter,Missed,TRUE,Semantic mutant survived PAC Formal with an interpretable baseline.,,Does PAC AI identify the changed order of the targeted content chunks?,TODO,PDFUA-Ref-2-08_BookChapter,Missed,TRUE
PDFUA-Ref-2-09_Scanned-M05,mutant,M05,semantic,PDFUA-Ref-2-09_Scanned,Missed,FALSE,Excluded because the matching PAC Formal golden baseline is not a clean PASS; the mutation is not interpretable for AI comparison.,excluded_baseline_not_interpretable,Does PAC AI identify the changed order of the targeted content chunks?,EXCLUDED_BASELINE_NOT_INTERPRETABLE,PDFUA-Ref-2-09_Scanned,Missed,FALSE
PDFUA-Ref-2-01_Magazine-danish-M06,mutant,M06,machine-checkable,PDFUA-Ref-2-01_Magazine-danish,Missed,TRUE,One reproducible machine-checkable control selected per operator to compare PAC AI with formal evidence.,machine_checkable_control,Does PAC AI identify the duplicated list-item traversal effect?,TODO,PDFUA-Ref-2-01_Magazine-danish,Missed,TRUE
PDFUA-Ref-2-03_AcademicAbstract-M06,mutant,M06,machine-checkable,PDFUA-Ref-2-03_AcademicAbstract,Missed,FALSE,Not selected; one classified control per machine-checkable operator is sufficient.,,Does PAC AI identify the duplicated list-item traversal effect?,NOT_SELECTED,PDFUA-Ref-2-03_AcademicAbstract,Missed,FALSE
PDFUA-Ref-2-04_Presentation-M06,mutant,M06,machine-checkable,PDFUA-Ref-2-04_Presentation,Missed,FALSE,Not selected; one classified control per machine-checkable operator is sufficient.,,Does PAC AI identify the duplicated list-item traversal effect?,NOT_SELECTED,PDFUA-Ref-2-04_Presentation,Missed,FALSE
PDFUA-Ref-2-05_BookChapter-german-M06,mutant,M06,machine-checkable,PDFUA-Ref-2-05_BookChapter-german,Missed,FALSE,Not selected; one classified control per machine-checkable operator is sufficient.,,Does PAC AI identify the duplicated list-item traversal effect?,NOT_SELECTED,PDFUA-Ref-2-05_BookChapter-german,Missed,FALSE
PDFUA-Ref-2-06_Brochure-M06,mutant,M06,machine-checkable,PDFUA-Ref-2-06_Brochure,Missed,FALSE,Not selected; one classified control per machine-checkable operator is sufficient.,,Does PAC AI identify the duplicated list-item traversal effect?,NOT_SELECTED,PDFUA-Ref-2-06_Brochure,Missed,FALSE
PDFUA-Ref-2-08_BookChapter-M06,mutant,M06,machine-checkable,PDFUA-Ref-2-08_BookChapter,Missed,FALSE,Not selected; one classified control per machine-checkable operator is sufficient.,,Does PAC AI identify the duplicated list-item traversal effect?,NOT_SELECTED,PDFUA-Ref-2-08_BookChapter,Missed,FALSE
PDFUA-Ref-2-09_Scanned-M06,mutant,M06,machine-checkable,PDFUA-Ref-2-09_Scanned,Missed,FALSE,Excluded because the matching PAC Formal golden baseline is not a clean PASS; the mutation is not interpretable for AI comparison.,excluded_baseline_not_interpretable,Does PAC AI identify the duplicated list-item traversal effect?,EXCLUDED_BASELINE_NOT_INTERPRETABLE,PDFUA-Ref-2-09_Scanned,Missed,FALSE
PDFUA-Ref-2-01_Magazine-danish-M07,mutant,M07,machine-checkable,PDFUA-Ref-2-01_Magazine-danish,Detected,TRUE,One reproducible machine-checkable control selected per operator to compare PAC AI with formal evidence.,machine_checkable_control,Does PAC AI identify the missing figure alternate description?,TODO,PDFUA-Ref-2-01_Magazine-danish,Detected,TRUE
PDFUA-Ref-2-02_Invoice-M07,mutant,M07,machine-checkable,PDFUA-Ref-2-02_Invoice,Detected,FALSE,Not selected; one classified control per machine-checkable operator is sufficient.,,Does PAC AI identify the missing figure alternate description?,NOT_SELECTED,PDFUA-Ref-2-02_Invoice,Detected,FALSE
PDFUA-Ref-2-04_Presentation-M07,mutant,M07,machine-checkable,PDFUA-Ref-2-04_Presentation,Detected,FALSE,Not selected; one classified control per machine-checkable operator is sufficient.,,Does PAC AI identify the missing figure alternate description?,NOT_SELECTED,PDFUA-Ref-2-04_Presentation,Detected,FALSE
PDFUA-Ref-2-05_BookChapter-german-M07,mutant,M07,machine-checkable,PDFUA-Ref-2-05_BookChapter-german,Detected,FALSE,Not selected; one classified control per machine-checkable operator is sufficient.,,Does PAC AI identify the missing figure alternate description?,NOT_SELECTED,PDFUA-Ref-2-05_BookChapter-german,Detected,FALSE
PDFUA-Ref-2-06_Brochure-M07,mutant,M07,machine-checkable,PDFUA-Ref-2-06_Brochure,Detected,FALSE,Not selected; one classified control per machine-checkable operator is sufficient.,,Does PAC AI identify the missing figure alternate description?,NOT_SELECTED,PDFUA-Ref-2-06_Brochure,Detected,FALSE
PDFUA-Ref-2-08_BookChapter-M07,mutant,M07,machine-checkable,PDFUA-Ref-2-08_BookChapter,Detected,FALSE,Not selected; one classified control per machine-checkable operator is sufficient.,,Does PAC AI identify the missing figure alternate description?,NOT_SELECTED,PDFUA-Ref-2-08_BookChapter,Detected,FALSE
PDFUA-Ref-2-09_Scanned-M07,mutant,M07,machine-checkable,PDFUA-Ref-2-09_Scanned,Detected,FALSE,Excluded because the matching PAC Formal golden baseline is not a clean PASS; the mutation is not interpretable for AI comparison.,excluded_baseline_not_interpretable,Does PAC AI identify the missing figure alternate description?,EXCLUDED_BASELINE_NOT_INTERPRETABLE,PDFUA-Ref-2-09_Scanned,Detected,FALSE
PDFUA-Ref-2-01_Magazine-danish-M08,mutant,M08,machine-checkable,PDFUA-Ref-2-01_Magazine-danish,Detected,TRUE,One reproducible machine-checkable control selected per operator to compare PAC AI with formal evidence.,machine_checkable_control,Does PAC AI identify the missing document-language declaration?,TODO,PDFUA-Ref-2-01_Magazine-danish,Detected,TRUE
PDFUA-Ref-2-02_Invoice-M08,mutant,M08,machine-checkable,PDFUA-Ref-2-02_Invoice,Detected,FALSE,Not selected; one classified control per machine-checkable operator is sufficient.,,Does PAC AI identify the missing document-language declaration?,NOT_SELECTED,PDFUA-Ref-2-02_Invoice,Detected,FALSE
PDFUA-Ref-2-03_AcademicAbstract-M08,mutant,M08,machine-checkable,PDFUA-Ref-2-03_AcademicAbstract,Detected,FALSE,Not selected; one classified control per machine-checkable operator is sufficient.,,Does PAC AI identify the missing document-language declaration?,NOT_SELECTED,PDFUA-Ref-2-03_AcademicAbstract,Detected,FALSE
PDFUA-Ref-2-04_Presentation-M08,mutant,M08,machine-checkable,PDFUA-Ref-2-04_Presentation,Detected,FALSE,Not selected; one classified control per machine-checkable operator is sufficient.,,Does PAC AI identify the missing document-language declaration?,NOT_SELECTED,PDFUA-Ref-2-04_Presentation,Detected,FALSE
PDFUA-Ref-2-05_BookChapter-german-M08,mutant,M08,machine-checkable,PDFUA-Ref-2-05_BookChapter-german,Detected,FALSE,Not selected; one classified control per machine-checkable operator is sufficient.,,Does PAC AI identify the missing document-language declaration?,NOT_SELECTED,PDFUA-Ref-2-05_BookChapter-german,Detected,FALSE
PDFUA-Ref-2-06_Brochure-M08,mutant,M08,machine-checkable,PDFUA-Ref-2-06_Brochure,Detected,FALSE,Not selected; one classified control per machine-checkable operator is sufficient.,,Does PAC AI identify the missing document-language declaration?,NOT_SELECTED,PDFUA-Ref-2-06_Brochure,Detected,FALSE
PDFUA-Ref-2-08_BookChapter-M08,mutant,M08,machine-checkable,PDFUA-Ref-2-08_BookChapter,Detected,FALSE,Not selected; one classified control per machine-checkable operator is sufficient.,,Does PAC AI identify the missing document-language declaration?,NOT_SELECTED,PDFUA-Ref-2-08_BookChapter,Detected,FALSE
PDFUA-Ref-2-10_Form-M08,mutant,M08,machine-checkable,PDFUA-Ref-2-10_Form,Detected,FALSE,Not selected; one classified control per machine-checkable operator is sufficient.,,Does PAC AI identify the missing document-language declaration?,NOT_SELECTED,PDFUA-Ref-2-10_Form,Detected,FALSE
PDFUA-Ref-2-01_Magazine-danish-M09,mutant,M09,machine-checkable,PDFUA-Ref-2-01_Magazine-danish,Detected,TRUE,One reproducible machine-checkable control selected per operator to compare PAC AI with formal evidence.,machine_checkable_control,Does PAC AI identify the unresolved-role mutation without treating a generic warning as specific evidence?,TODO,PDFUA-Ref-2-01_Magazine-danish,Detected,TRUE
PDFUA-Ref-2-04_Presentation-M09,mutant,M09,machine-checkable,PDFUA-Ref-2-04_Presentation,Detected,FALSE,Not selected; one classified control per machine-checkable operator is sufficient.,,Does PAC AI identify the unresolved-role mutation without treating a generic warning as specific evidence?,NOT_SELECTED,PDFUA-Ref-2-04_Presentation,Detected,FALSE
PDFUA-Ref-2-05_BookChapter-german-M09,mutant,M09,machine-checkable,PDFUA-Ref-2-05_BookChapter-german,Detected,FALSE,Not selected; one classified control per machine-checkable operator is sufficient.,,Does PAC AI identify the unresolved-role mutation without treating a generic warning as specific evidence?,NOT_SELECTED,PDFUA-Ref-2-05_BookChapter-german,Detected,FALSE
PDFUA-Ref-2-02_Invoice-M10,mutant,M10,machine-checkable,PDFUA-Ref-2-02_Invoice,Detected,TRUE,One reproducible machine-checkable control selected per operator to compare PAC AI with formal evidence.,machine_checkable_control,Does PAC AI identify the changed table-cell semantics?,TODO,PDFUA-Ref-2-02_Invoice,Detected,TRUE
PDFUA-Ref-2-05_BookChapter-german-M10,mutant,M10,machine-checkable,PDFUA-Ref-2-05_BookChapter-german,Detected,FALSE,Not selected; one classified control per machine-checkable operator is sufficient.,,Does PAC AI identify the changed table-cell semantics?,NOT_SELECTED,PDFUA-Ref-2-05_BookChapter-german,Detected,FALSE
PDFUA-Ref-2-08_BookChapter-M10,mutant,M10,machine-checkable,PDFUA-Ref-2-08_BookChapter,Detected,FALSE,Not selected; one classified control per machine-checkable operator is sufficient.,,Does PAC AI identify the changed table-cell semantics?,NOT_SELECTED,PDFUA-Ref-2-08_BookChapter,Detected,FALSE
PDFUA-Ref-2-09_Scanned-M10,mutant,M10,machine-checkable,PDFUA-Ref-2-09_Scanned,Detected,FALSE,Excluded because the matching PAC Formal golden baseline is not a clean PASS; the mutation is not interpretable for AI comparison.,excluded_baseline_not_interpretable,Does PAC AI identify the changed table-cell semantics?,EXCLUDED_BASELINE_NOT_INTERPRETABLE,PDFUA-Ref-2-09_Scanned,Detected,FALSE
