artifact_id,baseline_or_mutant,source_golden,file_sha256,filepath,validator,profile,verapdf_version,exit_code,run_timestamp,raw_report_path,stderr
PDFUA-Ref-2-01_Magazine-danish,golden,PDFUA-Ref-2-01_Magazine-danish,aef89af13c9c94fc4f4e1a8c5872450cc4c8fff7de544d8ada6a0912425aa434,corpus\golden\PDFUA-Ref-2-01_Magazine-danish.pdf,veraPDF,ua1,"veraPDF 1.30.2
Built: Wed Jun 03 10:55:00 PDT 2026
Developed and released by the veraPDF Consortium.
Funded by the PREFORMA project.
Released under the GNU General Public License v3
and the Mozilla Public License v2 or later.",0,2026-09-18T20:34:10.348852+00:00,evidence\verapdf\PDFUA-Ref-2-01_Magazine-danish__aef89af13c9c94fc4f4e1a8c5872450cc4c8fff7de544d8ada6a0912425aa434.json,
PDFUA-Ref-2-02_Invoice,golden,PDFUA-Ref-2-02_Invoice,fbae08464f192f532205833215505b78266e86df6283d9b0c439cb06927ce0b9,corpus\golden\PDFUA-Ref-2-02_Invoice.pdf,veraPDF,ua1,"veraPDF 1.30.2
Built: Wed Jun 03 10:55:00 PDT 2026
Developed and released by the veraPDF Consortium.
Funded by the PREFORMA project.
Released under the GNU General Public License v3
and the Mozilla Public License v2 or later.",0,2026-09-18T20:34:22.916300+00:00,evidence\verapdf\PDFUA-Ref-2-02_Invoice__fbae08464f192f532205833215505b78266e86df6283d9b0c439cb06927ce0b9.json,
PDFUA-Ref-2-03_AcademicAbstract,golden,PDFUA-Ref-2-03_AcademicAbstract,e61257d371261867926eb006f8895569a95fcfbcb93fca3be04b8b9187cb93a0,corpus\golden\PDFUA-Ref-2-03_AcademicAbstract.pdf,veraPDF,ua1,"veraPDF 1.30.2
Built: Wed Jun 03 10:55:00 PDT 2026
Developed and released by the veraPDF Consortium.
Funded by the PREFORMA project.
Released under the GNU General Public License v3
and the Mozilla Public License v2 or later.",0,2026-09-18T20:34:35.935629+00:00,evidence\verapdf\PDFUA-Ref-2-03_AcademicAbstract__e61257d371261867926eb006f8895569a95fcfbcb93fca3be04b8b9187cb93a0.json,
PDFUA-Ref-2-04_Presentation,golden,PDFUA-Ref-2-04_Presentation,90acb829ca8bfa037796592539d15010e9099d1cd2622aac1fce7d9fd3ae7575,corpus\golden\PDFUA-Ref-2-04_Presentation.pdf,veraPDF,ua1,"veraPDF 1.30.2
Built: Wed Jun 03 10:55:00 PDT 2026
Developed and released by the veraPDF Consortium.
Funded by the PREFORMA project.
Released under the GNU General Public License v3
and the Mozilla Public License v2 or later.",0,2026-09-18T20:34:49.850538+00:00,evidence\verapdf\PDFUA-Ref-2-04_Presentation__90acb829ca8bfa037796592539d15010e9099d1cd2622aac1fce7d9fd3ae7575.json,
PDFUA-Ref-2-05_BookChapter-german,golden,PDFUA-Ref-2-05_BookChapter-german,fc525b8899da31779b6143c16053779cd560d4417018a901472de33c71252352,corpus\golden\PDFUA-Ref-2-05_BookChapter-german.pdf,veraPDF,ua1,"veraPDF 1.30.2
Built: Wed Jun 03 10:55:00 PDT 2026
Developed and released by the veraPDF Consortium.
Funded by the PREFORMA project.
Released under the GNU General Public License v3
and the Mozilla Public License v2 or later.",0,2026-09-18T20:35:05.029467+00:00,evidence\verapdf\PDFUA-Ref-2-05_BookChapter-german__fc525b8899da31779b6143c16053779cd560d4417018a901472de33c71252352.json,
PDFUA-Ref-2-06_Brochure,golden,PDFUA-Ref-2-06_Brochure,aefd5ab48a908b9996ffadcb14d8ff31a2c653657cbe011a46f4cf61396a589e,corpus\golden\PDFUA-Ref-2-06_Brochure.pdf,veraPDF,ua1,"veraPDF 1.30.2
Built: Wed Jun 03 10:55:00 PDT 2026
Developed and released by the veraPDF Consortium.
Funded by the PREFORMA project.
Released under the GNU General Public License v3
and the Mozilla Public License v2 or later.",0,2026-09-18T20:35:18.085241+00:00,evidence\verapdf\PDFUA-Ref-2-06_Brochure__aefd5ab48a908b9996ffadcb14d8ff31a2c653657cbe011a46f4cf61396a589e.json,
PDFUA-Ref-2-08_BookChapter,golden,PDFUA-Ref-2-08_BookChapter,2b958600daec79373736f413f2712fcd9c604de2c352cbc1ec9d67cc5d7932f1,corpus\golden\PDFUA-Ref-2-08_BookChapter.pdf,veraPDF,ua1,"veraPDF 1.30.2
Built: Wed Jun 03 10:55:00 PDT 2026
Developed and released by the veraPDF Consortium.
Funded by the PREFORMA project.
Released under the GNU General Public License v3
and the Mozilla Public License v2 or later.",0,2026-09-18T20:35:35.234517+00:00,evidence\verapdf\PDFUA-Ref-2-08_BookChapter__2b958600daec79373736f413f2712fcd9c604de2c352cbc1ec9d67cc5d7932f1.json,
PDFUA-Ref-2-09_Scanned,golden,PDFUA-Ref-2-09_Scanned,bb46d5c723fe1427dd1bf92ccd8653f9a5cef4054f7d878168b99477fa3792ae,corpus\golden\PDFUA-Ref-2-09_Scanned.pdf,veraPDF,ua1,"veraPDF 1.30.2
Built: Wed Jun 03 10:55:00 PDT 2026
Developed and released by the veraPDF Consortium.
Funded by the PREFORMA project.
Released under the GNU General Public License v3
and the Mozilla Public License v2 or later.",0,2026-09-18T20:35:51.867450+00:00,evidence\verapdf\PDFUA-Ref-2-09_Scanned__bb46d5c723fe1427dd1bf92ccd8653f9a5cef4054f7d878168b99477fa3792ae.json,
PDFUA-Ref-2-10_Form,golden,PDFUA-Ref-2-10_Form,06d5cacd7c5ba9573a57c6d99d3f357ee14a24cff0c138036840fc44c6311806,corpus\golden\PDFUA-Ref-2-10_Form.pdf,veraPDF,ua1,"veraPDF 1.30.2
Built: Wed Jun 03 10:55:00 PDT 2026
Developed and released by the veraPDF Consortium.
Funded by the PREFORMA project.
Released under the GNU General Public License v3
and the Mozilla Public License v2 or later.",0,2026-09-18T20:36:04.433471+00:00,evidence\verapdf\PDFUA-Ref-2-10_Form__06d5cacd7c5ba9573a57c6d99d3f357ee14a24cff0c138036840fc44c6311806.json,
PDFUA-Ref-2-01_Magazine-danish-M01,mutant,PDFUA-Ref-2-01_Magazine-danish,a52e75193364438a1701f76c986fc047ee3e3b98dd691ec662d2c1d380c5d2df,corpus\mutants\PDFUA-Ref-2-01_Magazine-danish-M01.pdf,veraPDF,ua1,"veraPDF 1.30.2
Built: Wed Jun 03 10:55:00 PDT 2026
Developed and released by the veraPDF Consortium.
Funded by the PREFORMA project.
Released under the GNU General Public License v3
and the Mozilla Public License v2 or later.",0,2026-09-18T20:36:25.281956+00:00,evidence\verapdf\PDFUA-Ref-2-01_Magazine-danish-M01__a52e75193364438a1701f76c986fc047ee3e3b98dd691ec662d2c1d380c5d2df.json,
PDFUA-Ref-2-01_Magazine-danish-M02,mutant,PDFUA-Ref-2-01_Magazine-danish,e8df97191d286d7b52b625d3664034a14374aac4965a0bdd2aa6af57f9876c5f,corpus\mutants\PDFUA-Ref-2-01_Magazine-danish-M02.pdf,veraPDF,ua1,"veraPDF 1.30.2
Built: Wed Jun 03 10:55:00 PDT 2026
Developed and released by the veraPDF Consortium.
Funded by the PREFORMA project.
Released under the GNU General Public License v3
and the Mozilla Public License v2 or later.",0,2026-09-18T20:36:45.586217+00:00,evidence\verapdf\PDFUA-Ref-2-01_Magazine-danish-M02__e8df97191d286d7b52b625d3664034a14374aac4965a0bdd2aa6af57f9876c5f.json,
PDFUA-Ref-2-01_Magazine-danish-M03,mutant,PDFUA-Ref-2-01_Magazine-danish,f7b9e14f0320211e69643205e92b5c0719008a512cbb0b572b00d5362d011bfb,corpus\mutants\PDFUA-Ref-2-01_Magazine-danish-M03.pdf,veraPDF,ua1,"veraPDF 1.30.2
Built: Wed Jun 03 10:55:00 PDT 2026
Developed and released by the veraPDF Consortium.
Funded by the PREFORMA project.
Released under the GNU General Public License v3
and the Mozilla Public License v2 or later.",1,2026-09-18T20:37:06.133230+00:00,evidence\verapdf\PDFUA-Ref-2-01_Magazine-danish-M03__f7b9e14f0320211e69643205e92b5c0719008a512cbb0b572b00d5362d011bfb.json,
PDFUA-Ref-2-01_Magazine-danish-M04,mutant,PDFUA-Ref-2-01_Magazine-danish,eb79fabe18daacdee5408ca7bc5a7968f8113c1721ff80830870d5680a639c82,corpus\mutants\PDFUA-Ref-2-01_Magazine-danish-M04.pdf,veraPDF,ua1,"veraPDF 1.30.2
Built: Wed Jun 03 10:55:00 PDT 2026
Developed and released by the veraPDF Consortium.
Funded by the PREFORMA project.
Released under the GNU General Public License v3
and the Mozilla Public License v2 or later.",0,2026-09-18T20:37:26.502387+00:00,evidence\verapdf\PDFUA-Ref-2-01_Magazine-danish-M04__eb79fabe18daacdee5408ca7bc5a7968f8113c1721ff80830870d5680a639c82.json,
PDFUA-Ref-2-01_Magazine-danish-M05,mutant,PDFUA-Ref-2-01_Magazine-danish,5b5f3a85909983e4b44ba0babf92c7e9704757387a94804ef792ca3d3918bb6f,corpus\mutants\PDFUA-Ref-2-01_Magazine-danish-M05.pdf,veraPDF,ua1,"veraPDF 1.30.2
Built: Wed Jun 03 10:55:00 PDT 2026
Developed and released by the veraPDF Consortium.
Funded by the PREFORMA project.
Released under the GNU General Public License v3
and the Mozilla Public License v2 or later.",0,2026-09-18T20:37:46.632275+00:00,evidence\verapdf\PDFUA-Ref-2-01_Magazine-danish-M05__5b5f3a85909983e4b44ba0babf92c7e9704757387a94804ef792ca3d3918bb6f.json,
PDFUA-Ref-2-01_Magazine-danish-M06,mutant,PDFUA-Ref-2-01_Magazine-danish,4774ad31d5381502e81bc0e30ee6a92559c51bf4bd3772adcc50b3ca1d671d81,corpus\mutants\PDFUA-Ref-2-01_Magazine-danish-M06.pdf,veraPDF,ua1,"veraPDF 1.30.2
Built: Wed Jun 03 10:55:00 PDT 2026
Developed and released by the veraPDF Consortium.
Funded by the PREFORMA project.
Released under the GNU General Public License v3
and the Mozilla Public License v2 or later.",0,2026-09-18T20:38:07.231239+00:00,evidence\verapdf\PDFUA-Ref-2-01_Magazine-danish-M06__4774ad31d5381502e81bc0e30ee6a92559c51bf4bd3772adcc50b3ca1d671d81.json,
PDFUA-Ref-2-01_Magazine-danish-M08,mutant,PDFUA-Ref-2-01_Magazine-danish,798d1807493ecbed375ba1a175bb6d19f6d51dfe508c6df88df7ec3f8e1d6061,corpus\mutants\PDFUA-Ref-2-01_Magazine-danish-M08.pdf,veraPDF,ua1,"veraPDF 1.30.2
Built: Wed Jun 03 10:55:00 PDT 2026
Developed and released by the veraPDF Consortium.
Funded by the PREFORMA project.
Released under the GNU General Public License v3
and the Mozilla Public License v2 or later.",1,2026-09-18T20:38:28.069132+00:00,evidence\verapdf\PDFUA-Ref-2-01_Magazine-danish-M08__798d1807493ecbed375ba1a175bb6d19f6d51dfe508c6df88df7ec3f8e1d6061.json,
PDFUA-Ref-2-01_Magazine-danish-M09,mutant,PDFUA-Ref-2-01_Magazine-danish,3ef299495b93ea1d1fd50ba38ec265412abb6e1d7e147918d50ec9afcc36662b,corpus\mutants\PDFUA-Ref-2-01_Magazine-danish-M09.pdf,veraPDF,ua1,"veraPDF 1.30.2
Built: Wed Jun 03 10:55:00 PDT 2026
Developed and released by the veraPDF Consortium.
Funded by the PREFORMA project.
Released under the GNU General Public License v3
and the Mozilla Public License v2 or later.",1,2026-09-18T20:38:48.655116+00:00,evidence\verapdf\PDFUA-Ref-2-01_Magazine-danish-M09__3ef299495b93ea1d1fd50ba38ec265412abb6e1d7e147918d50ec9afcc36662b.json,
PDFUA-Ref-2-02_Invoice-M01,mutant,PDFUA-Ref-2-02_Invoice,3ceee5c96667c0fab812443c3d82abdb1bfefa908c3a3d037276ec3153c3d199,corpus\mutants\PDFUA-Ref-2-02_Invoice-M01.pdf,veraPDF,ua1,"veraPDF 1.30.2
Built: Wed Jun 03 10:55:00 PDT 2026
Developed and released by the veraPDF Consortium.
Funded by the PREFORMA project.
Released under the GNU General Public License v3
and the Mozilla Public License v2 or later.",0,2026-09-18T20:39:01.355759+00:00,evidence\verapdf\PDFUA-Ref-2-02_Invoice-M01__3ceee5c96667c0fab812443c3d82abdb1bfefa908c3a3d037276ec3153c3d199.json,
PDFUA-Ref-2-02_Invoice-M02,mutant,PDFUA-Ref-2-02_Invoice,462607fdecfb53a1cfdf57d060f6f2ef467370ae7d39213b258398a1777120fd,corpus\mutants\PDFUA-Ref-2-02_Invoice-M02.pdf,veraPDF,ua1,"veraPDF 1.30.2
Built: Wed Jun 03 10:55:00 PDT 2026
Developed and released by the veraPDF Consortium.
Funded by the PREFORMA project.
Released under the GNU General Public License v3
and the Mozilla Public License v2 or later.",0,2026-09-18T20:39:13.939806+00:00,evidence\verapdf\PDFUA-Ref-2-02_Invoice-M02__462607fdecfb53a1cfdf57d060f6f2ef467370ae7d39213b258398a1777120fd.json,
PDFUA-Ref-2-02_Invoice-M03,mutant,PDFUA-Ref-2-02_Invoice,7887ebfcc438c907ca1981ad33769f3ebee0831b86c8f18ba672a682e45e0323,corpus\mutants\PDFUA-Ref-2-02_Invoice-M03.pdf,veraPDF,ua1,"veraPDF 1.30.2
Built: Wed Jun 03 10:55:00 PDT 2026
Developed and released by the veraPDF Consortium.
Funded by the PREFORMA project.
Released under the GNU General Public License v3
and the Mozilla Public License v2 or later.",1,2026-09-18T20:39:26.557934+00:00,evidence\verapdf\PDFUA-Ref-2-02_Invoice-M03__7887ebfcc438c907ca1981ad33769f3ebee0831b86c8f18ba672a682e45e0323.json,
PDFUA-Ref-2-02_Invoice-M04,mutant,PDFUA-Ref-2-02_Invoice,c831396c411f0e67e1fa9eea43cf7e8f741b9f99c69cbdd9f0ce3c17dcab2514,corpus\mutants\PDFUA-Ref-2-02_Invoice-M04.pdf,veraPDF,ua1,"veraPDF 1.30.2
Built: Wed Jun 03 10:55:00 PDT 2026
Developed and released by the veraPDF Consortium.
Funded by the PREFORMA project.
Released under the GNU General Public License v3
and the Mozilla Public License v2 or later.",0,2026-09-18T20:39:39.122796+00:00,evidence\verapdf\PDFUA-Ref-2-02_Invoice-M04__c831396c411f0e67e1fa9eea43cf7e8f741b9f99c69cbdd9f0ce3c17dcab2514.json,
PDFUA-Ref-2-02_Invoice-M07,mutant,PDFUA-Ref-2-02_Invoice,14e04ae7cadc509f5b6479aff17be9cf6d79e68524801d8aa9a27e49ea348506,corpus\mutants\PDFUA-Ref-2-02_Invoice-M07.pdf,veraPDF,ua1,"veraPDF 1.30.2
Built: Wed Jun 03 10:55:00 PDT 2026
Developed and released by the veraPDF Consortium.
Funded by the PREFORMA project.
Released under the GNU General Public License v3
and the Mozilla Public License v2 or later.",1,2026-09-18T20:39:51.647763+00:00,evidence\verapdf\PDFUA-Ref-2-02_Invoice-M07__14e04ae7cadc509f5b6479aff17be9cf6d79e68524801d8aa9a27e49ea348506.json,
PDFUA-Ref-2-02_Invoice-M08,mutant,PDFUA-Ref-2-02_Invoice,4fa45b60c80cb404e90b60c4eb2e273acfc22555afdab15b8b1684d09b4f33df,corpus\mutants\PDFUA-Ref-2-02_Invoice-M08.pdf,veraPDF,ua1,"veraPDF 1.30.2
Built: Wed Jun 03 10:55:00 PDT 2026
Developed and released by the veraPDF Consortium.
Funded by the PREFORMA project.
Released under the GNU General Public License v3
and the Mozilla Public License v2 or later.",1,2026-09-18T20:40:04.342469+00:00,evidence\verapdf\PDFUA-Ref-2-02_Invoice-M08__4fa45b60c80cb404e90b60c4eb2e273acfc22555afdab15b8b1684d09b4f33df.json,
PDFUA-Ref-2-02_Invoice-M10,mutant,PDFUA-Ref-2-02_Invoice,a4e6177f2fba056f3364f7ac88c2907effa97ee177584a1c46c4aeeca5f31c48,corpus\mutants\PDFUA-Ref-2-02_Invoice-M10.pdf,veraPDF,ua1,"veraPDF 1.30.2
Built: Wed Jun 03 10:55:00 PDT 2026
Developed and released by the veraPDF Consortium.
Funded by the PREFORMA project.
Released under the GNU General Public License v3
and the Mozilla Public License v2 or later.",1,2026-09-18T20:40:16.958240+00:00,evidence\verapdf\PDFUA-Ref-2-02_Invoice-M10__a4e6177f2fba056f3364f7ac88c2907effa97ee177584a1c46c4aeeca5f31c48.json,
PDFUA-Ref-2-03_AcademicAbstract-M01,mutant,PDFUA-Ref-2-03_AcademicAbstract,3e2fe0a15cd8758f335e91aef7bb50a2b45f2e003448723f106d803a55ce788f,corpus\mutants\PDFUA-Ref-2-03_AcademicAbstract-M01.pdf,veraPDF,ua1,"veraPDF 1.30.2
Built: Wed Jun 03 10:55:00 PDT 2026
Developed and released by the veraPDF Consortium.
Funded by the PREFORMA project.
Released under the GNU General Public License v3
and the Mozilla Public License v2 or later.",0,2026-09-18T20:40:30.199264+00:00,evidence\verapdf\PDFUA-Ref-2-03_AcademicAbstract-M01__3e2fe0a15cd8758f335e91aef7bb50a2b45f2e003448723f106d803a55ce788f.json,
PDFUA-Ref-2-03_AcademicAbstract-M02,mutant,PDFUA-Ref-2-03_AcademicAbstract,16aed0e5075a817106227b70904ceee8d8c2f771c2a83fc933e07e4a561ba5f1,corpus\mutants\PDFUA-Ref-2-03_AcademicAbstract-M02.pdf,veraPDF,ua1,"veraPDF 1.30.2
Built: Wed Jun 03 10:55:00 PDT 2026
Developed and released by the veraPDF Consortium.
Funded by the PREFORMA project.
Released under the GNU General Public License v3
and the Mozilla Public License v2 or later.",0,2026-09-18T20:40:43.489703+00:00,evidence\verapdf\PDFUA-Ref-2-03_AcademicAbstract-M02__16aed0e5075a817106227b70904ceee8d8c2f771c2a83fc933e07e4a561ba5f1.json,
PDFUA-Ref-2-03_AcademicAbstract-M03,mutant,PDFUA-Ref-2-03_AcademicAbstract,fcc8533b325c9a1a1675c46ec0856649fa02feea531e4aba4492a12a41e1a571,corpus\mutants\PDFUA-Ref-2-03_AcademicAbstract-M03.pdf,veraPDF,ua1,"veraPDF 1.30.2
Built: Wed Jun 03 10:55:00 PDT 2026
Developed and released by the veraPDF Consortium.
Funded by the PREFORMA project.
Released under the GNU General Public License v3
and the Mozilla Public License v2 or later.",1,2026-09-18T20:40:56.509313+00:00,evidence\verapdf\PDFUA-Ref-2-03_AcademicAbstract-M03__fcc8533b325c9a1a1675c46ec0856649fa02feea531e4aba4492a12a41e1a571.json,
PDFUA-Ref-2-03_AcademicAbstract-M04,mutant,PDFUA-Ref-2-03_AcademicAbstract,aa1b231accabf87602fa064972332501785b16ce8de42ade4ccb57463f5281ec,corpus\mutants\PDFUA-Ref-2-03_AcademicAbstract-M04.pdf,veraPDF,ua1,"veraPDF 1.30.2
Built: Wed Jun 03 10:55:00 PDT 2026
Developed and released by the veraPDF Consortium.
Funded by the PREFORMA project.
Released under the GNU General Public License v3
and the Mozilla Public License v2 or later.",0,2026-09-18T20:41:09.643006+00:00,evidence\verapdf\PDFUA-Ref-2-03_AcademicAbstract-M04__aa1b231accabf87602fa064972332501785b16ce8de42ade4ccb57463f5281ec.json,
PDFUA-Ref-2-03_AcademicAbstract-M05,mutant,PDFUA-Ref-2-03_AcademicAbstract,ee82308195b4488f8c6e01bc8e4ba469df760c122c766ff84fc3425302d6f528,corpus\mutants\PDFUA-Ref-2-03_AcademicAbstract-M05.pdf,veraPDF,ua1,"veraPDF 1.30.2
Built: Wed Jun 03 10:55:00 PDT 2026
Developed and released by the veraPDF Consortium.
Funded by the PREFORMA project.
Released under the GNU General Public License v3
and the Mozilla Public License v2 or later.",0,2026-09-18T20:41:22.712798+00:00,evidence\verapdf\PDFUA-Ref-2-03_AcademicAbstract-M05__ee82308195b4488f8c6e01bc8e4ba469df760c122c766ff84fc3425302d6f528.json,
PDFUA-Ref-2-03_AcademicAbstract-M06,mutant,PDFUA-Ref-2-03_AcademicAbstract,ca37553b2d45198cd26b168a6c9eb41f248cd4f9179118b991fc47917a443afb,corpus\mutants\PDFUA-Ref-2-03_AcademicAbstract-M06.pdf,veraPDF,ua1,"veraPDF 1.30.2
Built: Wed Jun 03 10:55:00 PDT 2026
Developed and released by the veraPDF Consortium.
Funded by the PREFORMA project.
Released under the GNU General Public License v3
and the Mozilla Public License v2 or later.",0,2026-09-18T20:41:35.966111+00:00,evidence\verapdf\PDFUA-Ref-2-03_AcademicAbstract-M06__ca37553b2d45198cd26b168a6c9eb41f248cd4f9179118b991fc47917a443afb.json,
PDFUA-Ref-2-03_AcademicAbstract-M08,mutant,PDFUA-Ref-2-03_AcademicAbstract,381ec9f9fe1f7ef256d3f2ed7e5e405bb9802b17bb64d762f572bc6d313af091,corpus\mutants\PDFUA-Ref-2-03_AcademicAbstract-M08.pdf,veraPDF,ua1,"veraPDF 1.30.2
Built: Wed Jun 03 10:55:00 PDT 2026
Developed and released by the veraPDF Consortium.
Funded by the PREFORMA project.
Released under the GNU General Public License v3
and the Mozilla Public License v2 or later.",1,2026-09-18T20:41:49.117742+00:00,evidence\verapdf\PDFUA-Ref-2-03_AcademicAbstract-M08__381ec9f9fe1f7ef256d3f2ed7e5e405bb9802b17bb64d762f572bc6d313af091.json,
PDFUA-Ref-2-03_AcademicAbstract-M09,mutant,PDFUA-Ref-2-03_AcademicAbstract,bc813f8eae1f314ebeae764f55bb8208f3aca35c146e2c6e7335fba657dca32a,corpus\mutants\PDFUA-Ref-2-03_AcademicAbstract-M09.pdf,veraPDF,ua1,"veraPDF 1.30.2
Built: Wed Jun 03 10:55:00 PDT 2026
Developed and released by the veraPDF Consortium.
Funded by the PREFORMA project.
Released under the GNU General Public License v3
and the Mozilla Public License v2 or later.",0,2026-09-18T20:42:02.303383+00:00,evidence\verapdf\PDFUA-Ref-2-03_AcademicAbstract-M09__bc813f8eae1f314ebeae764f55bb8208f3aca35c146e2c6e7335fba657dca32a.json,
PDFUA-Ref-2-04_Presentation-M01,mutant,PDFUA-Ref-2-04_Presentation,1e4ccf771ae704a24d184020cdac9bd43d0a9bdb6ab88e04b7893d040d642c9c,corpus\mutants\PDFUA-Ref-2-04_Presentation-M01.pdf,veraPDF,ua1,"veraPDF 1.30.2
Built: Wed Jun 03 10:55:00 PDT 2026
Developed and released by the veraPDF Consortium.
Funded by the PREFORMA project.
Released under the GNU General Public License v3
and the Mozilla Public License v2 or later.",0,2026-09-18T20:42:16.219989+00:00,evidence\verapdf\PDFUA-Ref-2-04_Presentation-M01__1e4ccf771ae704a24d184020cdac9bd43d0a9bdb6ab88e04b7893d040d642c9c.json,
PDFUA-Ref-2-04_Presentation-M02,mutant,PDFUA-Ref-2-04_Presentation,e85501fb90d221c574cae80f0cab8f7db33b2a21c9b89e7f2de4167b4dd87880,corpus\mutants\PDFUA-Ref-2-04_Presentation-M02.pdf,veraPDF,ua1,"veraPDF 1.30.2
Built: Wed Jun 03 10:55:00 PDT 2026
Developed and released by the veraPDF Consortium.
Funded by the PREFORMA project.
Released under the GNU General Public License v3
and the Mozilla Public License v2 or later.",0,2026-09-18T20:42:30.003121+00:00,evidence\verapdf\PDFUA-Ref-2-04_Presentation-M02__e85501fb90d221c574cae80f0cab8f7db33b2a21c9b89e7f2de4167b4dd87880.json,
PDFUA-Ref-2-04_Presentation-M03,mutant,PDFUA-Ref-2-04_Presentation,23612f2c7708412a2bcfc9ba1023d8712c0db74be6f6752d7b04bb54b23913b7,corpus\mutants\PDFUA-Ref-2-04_Presentation-M03.pdf,veraPDF,ua1,"veraPDF 1.30.2
Built: Wed Jun 03 10:55:00 PDT 2026
Developed and released by the veraPDF Consortium.
Funded by the PREFORMA project.
Released under the GNU General Public License v3
and the Mozilla Public License v2 or later.",1,2026-09-18T20:42:43.814084+00:00,evidence\verapdf\PDFUA-Ref-2-04_Presentation-M03__23612f2c7708412a2bcfc9ba1023d8712c0db74be6f6752d7b04bb54b23913b7.json,
PDFUA-Ref-2-04_Presentation-M04,mutant,PDFUA-Ref-2-04_Presentation,d54e7cdfa78b6be17e9234803de1e88ece27cba0282e244b0f0abfdd992487cd,corpus\mutants\PDFUA-Ref-2-04_Presentation-M04.pdf,veraPDF,ua1,"veraPDF 1.30.2
Built: Wed Jun 03 10:55:00 PDT 2026
Developed and released by the veraPDF Consortium.
Funded by the PREFORMA project.
Released under the GNU General Public License v3
and the Mozilla Public License v2 or later.",0,2026-09-18T20:42:57.563040+00:00,evidence\verapdf\PDFUA-Ref-2-04_Presentation-M04__d54e7cdfa78b6be17e9234803de1e88ece27cba0282e244b0f0abfdd992487cd.json,
PDFUA-Ref-2-04_Presentation-M05,mutant,PDFUA-Ref-2-04_Presentation,5d72a6c172200b5c5bf50850d45e535a9ed8454edfec1b2714a6c72159995d5c,corpus\mutants\PDFUA-Ref-2-04_Presentation-M05.pdf,veraPDF,ua1,"veraPDF 1.30.2
Built: Wed Jun 03 10:55:00 PDT 2026
Developed and released by the veraPDF Consortium.
Funded by the PREFORMA project.
Released under the GNU General Public License v3
and the Mozilla Public License v2 or later.",0,2026-09-18T20:43:11.454486+00:00,evidence\verapdf\PDFUA-Ref-2-04_Presentation-M05__5d72a6c172200b5c5bf50850d45e535a9ed8454edfec1b2714a6c72159995d5c.json,
PDFUA-Ref-2-04_Presentation-M06,mutant,PDFUA-Ref-2-04_Presentation,56a2b7314c6bb652499bd6ed6a070925d4a76b840d9a06a4377b055a02d37da4,corpus\mutants\PDFUA-Ref-2-04_Presentation-M06.pdf,veraPDF,ua1,"veraPDF 1.30.2
Built: Wed Jun 03 10:55:00 PDT 2026
Developed and released by the veraPDF Consortium.
Funded by the PREFORMA project.
Released under the GNU General Public License v3
and the Mozilla Public License v2 or later.",0,2026-09-18T20:43:25.281789+00:00,evidence\verapdf\PDFUA-Ref-2-04_Presentation-M06__56a2b7314c6bb652499bd6ed6a070925d4a76b840d9a06a4377b055a02d37da4.json,
PDFUA-Ref-2-04_Presentation-M08,mutant,PDFUA-Ref-2-04_Presentation,72f5f8517793703f0eb2affec0285f5bfb13a062e91810ef96c17a766aa81539,corpus\mutants\PDFUA-Ref-2-04_Presentation-M08.pdf,veraPDF,ua1,"veraPDF 1.30.2
Built: Wed Jun 03 10:55:00 PDT 2026
Developed and released by the veraPDF Consortium.
Funded by the PREFORMA project.
Released under the GNU General Public License v3
and the Mozilla Public License v2 or later.",1,2026-09-18T20:43:39.008037+00:00,evidence\verapdf\PDFUA-Ref-2-04_Presentation-M08__72f5f8517793703f0eb2affec0285f5bfb13a062e91810ef96c17a766aa81539.json,
PDFUA-Ref-2-04_Presentation-M09,mutant,PDFUA-Ref-2-04_Presentation,d9603ca680cfdcaf22033828f12e55e1d26f825bcbdfaf7dd0a29798ea61de3a,corpus\mutants\PDFUA-Ref-2-04_Presentation-M09.pdf,veraPDF,ua1,"veraPDF 1.30.2
Built: Wed Jun 03 10:55:00 PDT 2026
Developed and released by the veraPDF Consortium.
Funded by the PREFORMA project.
Released under the GNU General Public License v3
and the Mozilla Public License v2 or later.",1,2026-09-18T20:43:52.921085+00:00,evidence\verapdf\PDFUA-Ref-2-04_Presentation-M09__d9603ca680cfdcaf22033828f12e55e1d26f825bcbdfaf7dd0a29798ea61de3a.json,
PDFUA-Ref-2-05_BookChapter-german-M01,mutant,PDFUA-Ref-2-05_BookChapter-german,f3455e42a1e7610054506c9ece9cfbef949f888e93294fce9eae762222be6078,corpus\mutants\PDFUA-Ref-2-05_BookChapter-german-M01.pdf,veraPDF,ua1,"veraPDF 1.30.2
Built: Wed Jun 03 10:55:00 PDT 2026
Developed and released by the veraPDF Consortium.
Funded by the PREFORMA project.
Released under the GNU General Public License v3
and the Mozilla Public License v2 or later.",0,2026-09-18T20:44:08.031076+00:00,evidence\verapdf\PDFUA-Ref-2-05_BookChapter-german-M01__f3455e42a1e7610054506c9ece9cfbef949f888e93294fce9eae762222be6078.json,
PDFUA-Ref-2-05_BookChapter-german-M02,mutant,PDFUA-Ref-2-05_BookChapter-german,5b806fd39c6559c0416737eb3cc131c05f5071f0b1d758af0fecca9b315070af,corpus\mutants\PDFUA-Ref-2-05_BookChapter-german-M02.pdf,veraPDF,ua1,"veraPDF 1.30.2
Built: Wed Jun 03 10:55:00 PDT 2026
Developed and released by the veraPDF Consortium.
Funded by the PREFORMA project.
Released under the GNU General Public License v3
and the Mozilla Public License v2 or later.",0,2026-09-18T20:44:22.963215+00:00,evidence\verapdf\PDFUA-Ref-2-05_BookChapter-german-M02__5b806fd39c6559c0416737eb3cc131c05f5071f0b1d758af0fecca9b315070af.json,
PDFUA-Ref-2-05_BookChapter-german-M03,mutant,PDFUA-Ref-2-05_BookChapter-german,08a17db95cf262351a8e2a6464edaec73836e71fd34b0db112bdec9676930e75,corpus\mutants\PDFUA-Ref-2-05_BookChapter-german-M03.pdf,veraPDF,ua1,"veraPDF 1.30.2
Built: Wed Jun 03 10:55:00 PDT 2026
Developed and released by the veraPDF Consortium.
Funded by the PREFORMA project.
Released under the GNU General Public License v3
and the Mozilla Public License v2 or later.",1,2026-09-18T20:44:38.330363+00:00,evidence\verapdf\PDFUA-Ref-2-05_BookChapter-german-M03__08a17db95cf262351a8e2a6464edaec73836e71fd34b0db112bdec9676930e75.json,
PDFUA-Ref-2-05_BookChapter-german-M04,mutant,PDFUA-Ref-2-05_BookChapter-german,668b5c55c85237169484722c15354e8d353179f8b9fc9e96a2a6f83a13c71250,corpus\mutants\PDFUA-Ref-2-05_BookChapter-german-M04.pdf,veraPDF,ua1,"veraPDF 1.30.2
Built: Wed Jun 03 10:55:00 PDT 2026
Developed and released by the veraPDF Consortium.
Funded by the PREFORMA project.
Released under the GNU General Public License v3
and the Mozilla Public License v2 or later.",0,2026-09-18T20:44:54.040522+00:00,evidence\verapdf\PDFUA-Ref-2-05_BookChapter-german-M04__668b5c55c85237169484722c15354e8d353179f8b9fc9e96a2a6f83a13c71250.json,
PDFUA-Ref-2-05_BookChapter-german-M05,mutant,PDFUA-Ref-2-05_BookChapter-german,b7a688694201ed24e8dda1fcf6290c752e42d1ab1d074fc0c8f9d29c0dcad216,corpus\mutants\PDFUA-Ref-2-05_BookChapter-german-M05.pdf,veraPDF,ua1,"veraPDF 1.30.2
Built: Wed Jun 03 10:55:00 PDT 2026
Developed and released by the veraPDF Consortium.
Funded by the PREFORMA project.
Released under the GNU General Public License v3
and the Mozilla Public License v2 or later.",0,2026-09-18T20:45:09.594819+00:00,evidence\verapdf\PDFUA-Ref-2-05_BookChapter-german-M05__b7a688694201ed24e8dda1fcf6290c752e42d1ab1d074fc0c8f9d29c0dcad216.json,
PDFUA-Ref-2-05_BookChapter-german-M06,mutant,PDFUA-Ref-2-05_BookChapter-german,823c2b5ddc120128c9e6eb07963de30f15be94f72a40d781b698af48fb5833a6,corpus\mutants\PDFUA-Ref-2-05_BookChapter-german-M06.pdf,veraPDF,ua1,"veraPDF 1.30.2
Built: Wed Jun 03 10:55:00 PDT 2026
Developed and released by the veraPDF Consortium.
Funded by the PREFORMA project.
Released under the GNU General Public License v3
and the Mozilla Public License v2 or later.",0,2026-09-18T20:45:25.078307+00:00,evidence\verapdf\PDFUA-Ref-2-05_BookChapter-german-M06__823c2b5ddc120128c9e6eb07963de30f15be94f72a40d781b698af48fb5833a6.json,
PDFUA-Ref-2-05_BookChapter-german-M08,mutant,PDFUA-Ref-2-05_BookChapter-german,01ada38b1d9dc17882581a3ae080fa771f7a3ed2d3affbff49473ff510719fdd,corpus\mutants\PDFUA-Ref-2-05_BookChapter-german-M08.pdf,veraPDF,ua1,"veraPDF 1.30.2
Built: Wed Jun 03 10:55:00 PDT 2026
Developed and released by the veraPDF Consortium.
Funded by the PREFORMA project.
Released under the GNU General Public License v3
and the Mozilla Public License v2 or later.",1,2026-09-18T20:45:40.400654+00:00,evidence\verapdf\PDFUA-Ref-2-05_BookChapter-german-M08__01ada38b1d9dc17882581a3ae080fa771f7a3ed2d3affbff49473ff510719fdd.json,
PDFUA-Ref-2-05_BookChapter-german-M09,mutant,PDFUA-Ref-2-05_BookChapter-german,0ceaf48c6cf200ecab12a36c5bc30bb019911102fe2f2c7bc94508c87f43333f,corpus\mutants\PDFUA-Ref-2-05_BookChapter-german-M09.pdf,veraPDF,ua1,"veraPDF 1.30.2
Built: Wed Jun 03 10:55:00 PDT 2026
Developed and released by the veraPDF Consortium.
Funded by the PREFORMA project.
Released under the GNU General Public License v3
and the Mozilla Public License v2 or later.",1,2026-09-18T20:45:56.367893+00:00,evidence\verapdf\PDFUA-Ref-2-05_BookChapter-german-M09__0ceaf48c6cf200ecab12a36c5bc30bb019911102fe2f2c7bc94508c87f43333f.json,
PDFUA-Ref-2-05_BookChapter-german-M10,mutant,PDFUA-Ref-2-05_BookChapter-german,4dcdbc2dd191cbca8b848640ec29c68cd21d74dedbbcacdb21e76112bb1d3f9c,corpus\mutants\PDFUA-Ref-2-05_BookChapter-german-M10.pdf,veraPDF,ua1,"veraPDF 1.30.2
Built: Wed Jun 03 10:55:00 PDT 2026
Developed and released by the veraPDF Consortium.
Funded by the PREFORMA project.
Released under the GNU General Public License v3
and the Mozilla Public License v2 or later.",1,2026-09-18T20:46:12.957108+00:00,evidence\verapdf\PDFUA-Ref-2-05_BookChapter-german-M10__4dcdbc2dd191cbca8b848640ec29c68cd21d74dedbbcacdb21e76112bb1d3f9c.json,
PDFUA-Ref-2-06_Brochure-M01,mutant,PDFUA-Ref-2-06_Brochure,a1a94935bccdbaad7b39c045e9c627fb5deacc3f7fd7fa80c8c77cd6c02acf0a,corpus\mutants\PDFUA-Ref-2-06_Brochure-M01.pdf,veraPDF,ua1,"veraPDF 1.30.2
Built: Wed Jun 03 10:55:00 PDT 2026
Developed and released by the veraPDF Consortium.
Funded by the PREFORMA project.
Released under the GNU General Public License v3
and the Mozilla Public License v2 or later.",0,2026-09-18T20:46:26.555346+00:00,evidence\verapdf\PDFUA-Ref-2-06_Brochure-M01__a1a94935bccdbaad7b39c045e9c627fb5deacc3f7fd7fa80c8c77cd6c02acf0a.json,
PDFUA-Ref-2-06_Brochure-M02,mutant,PDFUA-Ref-2-06_Brochure,6a7c6c4b28369d6bc3ab0f091ff69a08665fe3b8d8398a7fa59ac5bab1cef360,corpus\mutants\PDFUA-Ref-2-06_Brochure-M02.pdf,veraPDF,ua1,"veraPDF 1.30.2
Built: Wed Jun 03 10:55:00 PDT 2026
Developed and released by the veraPDF Consortium.
Funded by the PREFORMA project.
Released under the GNU General Public License v3
and the Mozilla Public License v2 or later.",0,2026-09-18T20:46:39.821356+00:00,evidence\verapdf\PDFUA-Ref-2-06_Brochure-M02__6a7c6c4b28369d6bc3ab0f091ff69a08665fe3b8d8398a7fa59ac5bab1cef360.json,
PDFUA-Ref-2-06_Brochure-M03,mutant,PDFUA-Ref-2-06_Brochure,ed0e82b1eecd666930ccb41d3c75cc0a8703cc39d76b6ab87e15b1f70fd5935f,corpus\mutants\PDFUA-Ref-2-06_Brochure-M03.pdf,veraPDF,ua1,"veraPDF 1.30.2
Built: Wed Jun 03 10:55:00 PDT 2026
Developed and released by the veraPDF Consortium.
Funded by the PREFORMA project.
Released under the GNU General Public License v3
and the Mozilla Public License v2 or later.",1,2026-09-18T20:46:53.287819+00:00,evidence\verapdf\PDFUA-Ref-2-06_Brochure-M03__ed0e82b1eecd666930ccb41d3c75cc0a8703cc39d76b6ab87e15b1f70fd5935f.json,
PDFUA-Ref-2-06_Brochure-M04,mutant,PDFUA-Ref-2-06_Brochure,12c8c27582c8ca949f0f95dc11371ef2a8c3a3a6a72bed7e8b82ff9aa74a049d,corpus\mutants\PDFUA-Ref-2-06_Brochure-M04.pdf,veraPDF,ua1,"veraPDF 1.30.2
Built: Wed Jun 03 10:55:00 PDT 2026
Developed and released by the veraPDF Consortium.
Funded by the PREFORMA project.
Released under the GNU General Public License v3
and the Mozilla Public License v2 or later.",0,2026-09-18T20:47:06.415646+00:00,evidence\verapdf\PDFUA-Ref-2-06_Brochure-M04__12c8c27582c8ca949f0f95dc11371ef2a8c3a3a6a72bed7e8b82ff9aa74a049d.json,
PDFUA-Ref-2-06_Brochure-M05,mutant,PDFUA-Ref-2-06_Brochure,692c7fddc91d6d6899dc1f9e820e2851a6cbeaa9694f0841b53445b15b8e3012,corpus\mutants\PDFUA-Ref-2-06_Brochure-M05.pdf,veraPDF,ua1,"veraPDF 1.30.2
Built: Wed Jun 03 10:55:00 PDT 2026
Developed and released by the veraPDF Consortium.
Funded by the PREFORMA project.
Released under the GNU General Public License v3
and the Mozilla Public License v2 or later.",0,2026-09-18T20:47:19.504907+00:00,evidence\verapdf\PDFUA-Ref-2-06_Brochure-M05__692c7fddc91d6d6899dc1f9e820e2851a6cbeaa9694f0841b53445b15b8e3012.json,
PDFUA-Ref-2-06_Brochure-M06,mutant,PDFUA-Ref-2-06_Brochure,a8629a74e71648776b2bb71606a7de30f1cbea3ffa60417d0bc936fabdb3c382,corpus\mutants\PDFUA-Ref-2-06_Brochure-M06.pdf,veraPDF,ua1,"veraPDF 1.30.2
Built: Wed Jun 03 10:55:00 PDT 2026
Developed and released by the veraPDF Consortium.
Funded by the PREFORMA project.
Released under the GNU General Public License v3
and the Mozilla Public License v2 or later.",0,2026-09-18T20:47:32.836934+00:00,evidence\verapdf\PDFUA-Ref-2-06_Brochure-M06__a8629a74e71648776b2bb71606a7de30f1cbea3ffa60417d0bc936fabdb3c382.json,
PDFUA-Ref-2-06_Brochure-M08,mutant,PDFUA-Ref-2-06_Brochure,fa090d7a7a195eca6b885da4e9b0884b162b73a3b015be189fc41173738c2996,corpus\mutants\PDFUA-Ref-2-06_Brochure-M08.pdf,veraPDF,ua1,"veraPDF 1.30.2
Built: Wed Jun 03 10:55:00 PDT 2026
Developed and released by the veraPDF Consortium.
Funded by the PREFORMA project.
Released under the GNU General Public License v3
and the Mozilla Public License v2 or later.",1,2026-09-18T20:47:45.806139+00:00,evidence\verapdf\PDFUA-Ref-2-06_Brochure-M08__fa090d7a7a195eca6b885da4e9b0884b162b73a3b015be189fc41173738c2996.json,
PDFUA-Ref-2-06_Brochure-M09,mutant,PDFUA-Ref-2-06_Brochure,2ede20fc76f497164df67574e7616dd4d38b7348de5b96418f630cca7982c5bf,corpus\mutants\PDFUA-Ref-2-06_Brochure-M09.pdf,veraPDF,ua1,"veraPDF 1.30.2
Built: Wed Jun 03 10:55:00 PDT 2026
Developed and released by the veraPDF Consortium.
Funded by the PREFORMA project.
Released under the GNU General Public License v3
and the Mozilla Public License v2 or later.",0,2026-09-18T20:47:58.784088+00:00,evidence\verapdf\PDFUA-Ref-2-06_Brochure-M09__2ede20fc76f497164df67574e7616dd4d38b7348de5b96418f630cca7982c5bf.json,
PDFUA-Ref-2-08_BookChapter-M01,mutant,PDFUA-Ref-2-08_BookChapter,f5fdd674ca53247a75d32f520d656f24f8e97e864466f9a72ca8e62487f63178,corpus\mutants\PDFUA-Ref-2-08_BookChapter-M01.pdf,veraPDF,ua1,"veraPDF 1.30.2
Built: Wed Jun 03 10:55:00 PDT 2026
Developed and released by the veraPDF Consortium.
Funded by the PREFORMA project.
Released under the GNU General Public License v3
and the Mozilla Public License v2 or later.",1,2026-09-18T20:48:16.047490+00:00,evidence\verapdf\PDFUA-Ref-2-08_BookChapter-M01__f5fdd674ca53247a75d32f520d656f24f8e97e864466f9a72ca8e62487f63178.json,
PDFUA-Ref-2-08_BookChapter-M02,mutant,PDFUA-Ref-2-08_BookChapter,820bea08c3a5eed724bb8d1e65d9e9733c1ca47a0e003ae477aea7cce81725e4,corpus\mutants\PDFUA-Ref-2-08_BookChapter-M02.pdf,veraPDF,ua1,"veraPDF 1.30.2
Built: Wed Jun 03 10:55:00 PDT 2026
Developed and released by the veraPDF Consortium.
Funded by the PREFORMA project.
Released under the GNU General Public License v3
and the Mozilla Public License v2 or later.",1,2026-09-18T20:48:33.226436+00:00,evidence\verapdf\PDFUA-Ref-2-08_BookChapter-M02__820bea08c3a5eed724bb8d1e65d9e9733c1ca47a0e003ae477aea7cce81725e4.json,
PDFUA-Ref-2-08_BookChapter-M03,mutant,PDFUA-Ref-2-08_BookChapter,2907d533740ae0bea18da032ef36cea8ec48e3bf026dcf8b61439b86b931ed27,corpus\mutants\PDFUA-Ref-2-08_BookChapter-M03.pdf,veraPDF,ua1,"veraPDF 1.30.2
Built: Wed Jun 03 10:55:00 PDT 2026
Developed and released by the veraPDF Consortium.
Funded by the PREFORMA project.
Released under the GNU General Public License v3
and the Mozilla Public License v2 or later.",1,2026-09-18T20:48:50.423733+00:00,evidence\verapdf\PDFUA-Ref-2-08_BookChapter-M03__2907d533740ae0bea18da032ef36cea8ec48e3bf026dcf8b61439b86b931ed27.json,
PDFUA-Ref-2-08_BookChapter-M04,mutant,PDFUA-Ref-2-08_BookChapter,20ac005e0fb4cf3812fefd64b496cf14488a56d493e7c7ee5f5045ce9540c1f5,corpus\mutants\PDFUA-Ref-2-08_BookChapter-M04.pdf,veraPDF,ua1,"veraPDF 1.30.2
Built: Wed Jun 03 10:55:00 PDT 2026
Developed and released by the veraPDF Consortium.
Funded by the PREFORMA project.
Released under the GNU General Public License v3
and the Mozilla Public License v2 or later.",0,2026-09-18T20:49:07.486825+00:00,evidence\verapdf\PDFUA-Ref-2-08_BookChapter-M04__20ac005e0fb4cf3812fefd64b496cf14488a56d493e7c7ee5f5045ce9540c1f5.json,
PDFUA-Ref-2-08_BookChapter-M05,mutant,PDFUA-Ref-2-08_BookChapter,db8fd0be417f0b011ca55e313d0bc1bbe4421aec1d8bb27584fa99a9c5d1f7d3,corpus\mutants\PDFUA-Ref-2-08_BookChapter-M05.pdf,veraPDF,ua1,"veraPDF 1.30.2
Built: Wed Jun 03 10:55:00 PDT 2026
Developed and released by the veraPDF Consortium.
Funded by the PREFORMA project.
Released under the GNU General Public License v3
and the Mozilla Public License v2 or later.",0,2026-09-18T20:49:24.811746+00:00,evidence\verapdf\PDFUA-Ref-2-08_BookChapter-M05__db8fd0be417f0b011ca55e313d0bc1bbe4421aec1d8bb27584fa99a9c5d1f7d3.json,
PDFUA-Ref-2-08_BookChapter-M06,mutant,PDFUA-Ref-2-08_BookChapter,86091f5caa50e48f16a3a67354122d88c286f8ad8e5a892f22202d5dfe0be414,corpus\mutants\PDFUA-Ref-2-08_BookChapter-M06.pdf,veraPDF,ua1,"veraPDF 1.30.2
Built: Wed Jun 03 10:55:00 PDT 2026
Developed and released by the veraPDF Consortium.
Funded by the PREFORMA project.
Released under the GNU General Public License v3
and the Mozilla Public License v2 or later.",0,2026-09-18T20:49:42.046104+00:00,evidence\verapdf\PDFUA-Ref-2-08_BookChapter-M06__86091f5caa50e48f16a3a67354122d88c286f8ad8e5a892f22202d5dfe0be414.json,
PDFUA-Ref-2-08_BookChapter-M08,mutant,PDFUA-Ref-2-08_BookChapter,2c631cd85add3b7883781fb114651993280bb8c9f360361eaf20cb1f3c1ef0c1,corpus\mutants\PDFUA-Ref-2-08_BookChapter-M08.pdf,veraPDF,ua1,"veraPDF 1.30.2
Built: Wed Jun 03 10:55:00 PDT 2026
Developed and released by the veraPDF Consortium.
Funded by the PREFORMA project.
Released under the GNU General Public License v3
and the Mozilla Public License v2 or later.",1,2026-09-18T20:49:59.302255+00:00,evidence\verapdf\PDFUA-Ref-2-08_BookChapter-M08__2c631cd85add3b7883781fb114651993280bb8c9f360361eaf20cb1f3c1ef0c1.json,
PDFUA-Ref-2-08_BookChapter-M10,mutant,PDFUA-Ref-2-08_BookChapter,135ebc92b095127190c98164be07186359b69f0908bda83266abdbb34adab269,corpus\mutants\PDFUA-Ref-2-08_BookChapter-M10.pdf,veraPDF,ua1,"veraPDF 1.30.2
Built: Wed Jun 03 10:55:00 PDT 2026
Developed and released by the veraPDF Consortium.
Funded by the PREFORMA project.
Released under the GNU General Public License v3
and the Mozilla Public License v2 or later.",1,2026-09-18T20:50:16.657366+00:00,evidence\verapdf\PDFUA-Ref-2-08_BookChapter-M10__135ebc92b095127190c98164be07186359b69f0908bda83266abdbb34adab269.json,
PDFUA-Ref-2-09_Scanned-M01,mutant,PDFUA-Ref-2-09_Scanned,04ce7bde54a9e481e0da7d5bf8a4e7fc98467f2bdbc3803291d166e219df9dc0,corpus\mutants\PDFUA-Ref-2-09_Scanned-M01.pdf,veraPDF,ua1,"veraPDF 1.30.2
Built: Wed Jun 03 10:55:00 PDT 2026
Developed and released by the veraPDF Consortium.
Funded by the PREFORMA project.
Released under the GNU General Public License v3
and the Mozilla Public License v2 or later.",1,2026-09-18T20:50:33.763725+00:00,evidence\verapdf\PDFUA-Ref-2-09_Scanned-M01__04ce7bde54a9e481e0da7d5bf8a4e7fc98467f2bdbc3803291d166e219df9dc0.json,
PDFUA-Ref-2-09_Scanned-M02,mutant,PDFUA-Ref-2-09_Scanned,f45a0b6356c4f2435d8bd75482c8ff0c17fc8f072b81169e342bff4376b04946,corpus\mutants\PDFUA-Ref-2-09_Scanned-M02.pdf,veraPDF,ua1,"veraPDF 1.30.2
Built: Wed Jun 03 10:55:00 PDT 2026
Developed and released by the veraPDF Consortium.
Funded by the PREFORMA project.
Released under the GNU General Public License v3
and the Mozilla Public License v2 or later.",1,2026-09-18T20:50:50.730670+00:00,evidence\verapdf\PDFUA-Ref-2-09_Scanned-M02__f45a0b6356c4f2435d8bd75482c8ff0c17fc8f072b81169e342bff4376b04946.json,
PDFUA-Ref-2-09_Scanned-M03,mutant,PDFUA-Ref-2-09_Scanned,b86a34d9c3d9be9e5022027a4856df45a5ab30b42b4cc04791130c0229119f7b,corpus\mutants\PDFUA-Ref-2-09_Scanned-M03.pdf,veraPDF,ua1,"veraPDF 1.30.2
Built: Wed Jun 03 10:55:00 PDT 2026
Developed and released by the veraPDF Consortium.
Funded by the PREFORMA project.
Released under the GNU General Public License v3
and the Mozilla Public License v2 or later.",1,2026-09-18T20:51:07.699584+00:00,evidence\verapdf\PDFUA-Ref-2-09_Scanned-M03__b86a34d9c3d9be9e5022027a4856df45a5ab30b42b4cc04791130c0229119f7b.json,
PDFUA-Ref-2-09_Scanned-M04,mutant,PDFUA-Ref-2-09_Scanned,494532eaa86c5136f8de492a0bf4f227d91b90aabc6d7eed62506f2e1838ef28,corpus\mutants\PDFUA-Ref-2-09_Scanned-M04.pdf,veraPDF,ua1,"veraPDF 1.30.2
Built: Wed Jun 03 10:55:00 PDT 2026
Developed and released by the veraPDF Consortium.
Funded by the PREFORMA project.
Released under the GNU General Public License v3
and the Mozilla Public License v2 or later.",0,2026-09-18T20:51:24.386053+00:00,evidence\verapdf\PDFUA-Ref-2-09_Scanned-M04__494532eaa86c5136f8de492a0bf4f227d91b90aabc6d7eed62506f2e1838ef28.json,
PDFUA-Ref-2-09_Scanned-M05,mutant,PDFUA-Ref-2-09_Scanned,6bbc4a32f5cfa0ae69e6f77ec68a66988bc5644b1e60e34278181c151d71b932,corpus\mutants\PDFUA-Ref-2-09_Scanned-M05.pdf,veraPDF,ua1,"veraPDF 1.30.2
Built: Wed Jun 03 10:55:00 PDT 2026
Developed and released by the veraPDF Consortium.
Funded by the PREFORMA project.
Released under the GNU General Public License v3
and the Mozilla Public License v2 or later.",0,2026-09-18T20:51:40.979726+00:00,evidence\verapdf\PDFUA-Ref-2-09_Scanned-M05__6bbc4a32f5cfa0ae69e6f77ec68a66988bc5644b1e60e34278181c151d71b932.json,
PDFUA-Ref-2-09_Scanned-M06,mutant,PDFUA-Ref-2-09_Scanned,637c71a7db4ce2fccd3d34ad662d600b62ef46c275c3ca370c2d17a97980c9fa,corpus\mutants\PDFUA-Ref-2-09_Scanned-M06.pdf,veraPDF,ua1,"veraPDF 1.30.2
Built: Wed Jun 03 10:55:00 PDT 2026
Developed and released by the veraPDF Consortium.
Funded by the PREFORMA project.
Released under the GNU General Public License v3
and the Mozilla Public License v2 or later.",0,2026-09-18T20:51:57.732525+00:00,evidence\verapdf\PDFUA-Ref-2-09_Scanned-M06__637c71a7db4ce2fccd3d34ad662d600b62ef46c275c3ca370c2d17a97980c9fa.json,
PDFUA-Ref-2-09_Scanned-M07,mutant,PDFUA-Ref-2-09_Scanned,c16652da4ab2f15701bf4b12fb0790c269bea5fadbfd0443c1e5db51c51d2c3a,corpus\mutants\PDFUA-Ref-2-09_Scanned-M07.pdf,veraPDF,ua1,"veraPDF 1.30.2
Built: Wed Jun 03 10:55:00 PDT 2026
Developed and released by the veraPDF Consortium.
Funded by the PREFORMA project.
Released under the GNU General Public License v3
and the Mozilla Public License v2 or later.",1,2026-09-18T20:52:14.606484+00:00,evidence\verapdf\PDFUA-Ref-2-09_Scanned-M07__c16652da4ab2f15701bf4b12fb0790c269bea5fadbfd0443c1e5db51c51d2c3a.json,
PDFUA-Ref-2-09_Scanned-M08,mutant,PDFUA-Ref-2-09_Scanned,66c34b8b56d04baf6e805411a1b1c460b25232f6ee0c968e44031c365e47d54c,corpus\mutants\PDFUA-Ref-2-09_Scanned-M08.pdf,veraPDF,ua1,"veraPDF 1.30.2
Built: Wed Jun 03 10:55:00 PDT 2026
Developed and released by the veraPDF Consortium.
Funded by the PREFORMA project.
Released under the GNU General Public License v3
and the Mozilla Public License v2 or later.",1,2026-09-18T20:52:31.430849+00:00,evidence\verapdf\PDFUA-Ref-2-09_Scanned-M08__66c34b8b56d04baf6e805411a1b1c460b25232f6ee0c968e44031c365e47d54c.json,
PDFUA-Ref-2-09_Scanned-M09,mutant,PDFUA-Ref-2-09_Scanned,fffc16e1954d8c2ffb6abeac0d9a9804aaf2236711ba0d3f06317fbc1e84d548,corpus\mutants\PDFUA-Ref-2-09_Scanned-M09.pdf,veraPDF,ua1,"veraPDF 1.30.2
Built: Wed Jun 03 10:55:00 PDT 2026
Developed and released by the veraPDF Consortium.
Funded by the PREFORMA project.
Released under the GNU General Public License v3
and the Mozilla Public License v2 or later.",0,2026-09-18T20:52:48.128650+00:00,evidence\verapdf\PDFUA-Ref-2-09_Scanned-M09__fffc16e1954d8c2ffb6abeac0d9a9804aaf2236711ba0d3f06317fbc1e84d548.json,
PDFUA-Ref-2-09_Scanned-M10,mutant,PDFUA-Ref-2-09_Scanned,c5f2c1706faf55b963f7ae539710aa419a530967f41fcbc495d5fbc6708927e8,corpus\mutants\PDFUA-Ref-2-09_Scanned-M10.pdf,veraPDF,ua1,"veraPDF 1.30.2
Built: Wed Jun 03 10:55:00 PDT 2026
Developed and released by the veraPDF Consortium.
Funded by the PREFORMA project.
Released under the GNU General Public License v3
and the Mozilla Public License v2 or later.",1,2026-09-18T20:53:04.847912+00:00,evidence\verapdf\PDFUA-Ref-2-09_Scanned-M10__c5f2c1706faf55b963f7ae539710aa419a530967f41fcbc495d5fbc6708927e8.json,
PDFUA-Ref-2-10_Form-M01,mutant,PDFUA-Ref-2-10_Form,3f4549f2b3c4a7e8ec2859096f3bc42513bf0df4cad6c5ee1f324835425bfece,corpus\mutants\PDFUA-Ref-2-10_Form-M01.pdf,veraPDF,ua1,"veraPDF 1.30.2
Built: Wed Jun 03 10:55:00 PDT 2026
Developed and released by the veraPDF Consortium.
Funded by the PREFORMA project.
Released under the GNU General Public License v3
and the Mozilla Public License v2 or later.",0,2026-09-18T20:53:17.298980+00:00,evidence\verapdf\PDFUA-Ref-2-10_Form-M01__3f4549f2b3c4a7e8ec2859096f3bc42513bf0df4cad6c5ee1f324835425bfece.json,
PDFUA-Ref-2-10_Form-M02,mutant,PDFUA-Ref-2-10_Form,85550ea9d4a77f73600cbc328ea4c1edf6916e032e2f5c79bf30e97f3db2d478,corpus\mutants\PDFUA-Ref-2-10_Form-M02.pdf,veraPDF,ua1,"veraPDF 1.30.2
Built: Wed Jun 03 10:55:00 PDT 2026
Developed and released by the veraPDF Consortium.
Funded by the PREFORMA project.
Released under the GNU General Public License v3
and the Mozilla Public License v2 or later.",0,2026-09-18T20:53:29.611544+00:00,evidence\verapdf\PDFUA-Ref-2-10_Form-M02__85550ea9d4a77f73600cbc328ea4c1edf6916e032e2f5c79bf30e97f3db2d478.json,
PDFUA-Ref-2-10_Form-M08,mutant,PDFUA-Ref-2-10_Form,53befb723e3cca79d246644678be0a3a09dae65ff4e514fc56d3fa404cd4ff8a,corpus\mutants\PDFUA-Ref-2-10_Form-M08.pdf,veraPDF,ua1,"veraPDF 1.30.2
Built: Wed Jun 03 10:55:00 PDT 2026
Developed and released by the veraPDF Consortium.
Funded by the PREFORMA project.
Released under the GNU General Public License v3
and the Mozilla Public License v2 or later.",1,2026-09-18T20:53:41.980854+00:00,evidence\verapdf\PDFUA-Ref-2-10_Form-M08__53befb723e3cca79d246644678be0a3a09dae65ff4e514fc56d3fa404cd4ff8a.json,
PDFUA-Ref-2-10_Form-M09,mutant,PDFUA-Ref-2-10_Form,e773fbeada53152d5b48cbcc4598f89c4e40d42fad35db905ae10504d3bf6ff2,corpus\mutants\PDFUA-Ref-2-10_Form-M09.pdf,veraPDF,ua1,"veraPDF 1.30.2
Built: Wed Jun 03 10:55:00 PDT 2026
Developed and released by the veraPDF Consortium.
Funded by the PREFORMA project.
Released under the GNU General Public License v3
and the Mozilla Public License v2 or later.",0,2026-09-18T20:53:54.412368+00:00,evidence\verapdf\PDFUA-Ref-2-10_Form-M09__e773fbeada53152d5b48cbcc4598f89c4e40d42fad35db905ae10504d3bf6ff2.json,
PDFUA-Ref-2-01_Magazine-danish-M07,mutant,PDFUA-Ref-2-01_Magazine-danish,a45021dfa3ce09f803eac101d0d5bffcd1326662a9a71c028bbd51cbe01a595f,corpus\mutants\PDFUA-Ref-2-01_Magazine-danish-M07.pdf,veraPDF,ua1,"veraPDF 1.30.2
Built: Wed Jun 03 10:55:00 PDT 2026
Developed and released by the veraPDF Consortium.
Funded by the PREFORMA project.
Released under the GNU General Public License v3
and the Mozilla Public License v2 or later.",1,2026-09-18T20:54:15.253197+00:00,evidence\verapdf\PDFUA-Ref-2-01_Magazine-danish-M07__a45021dfa3ce09f803eac101d0d5bffcd1326662a9a71c028bbd51cbe01a595f.json,
PDFUA-Ref-2-04_Presentation-M07,mutant,PDFUA-Ref-2-04_Presentation,09d414160bdb30b7d9aa23413647b6ba38f434340f1d3f0d3164a1d37d5d3088,corpus\mutants\PDFUA-Ref-2-04_Presentation-M07.pdf,veraPDF,ua1,"veraPDF 1.30.2
Built: Wed Jun 03 10:55:00 PDT 2026
Developed and released by the veraPDF Consortium.
Funded by the PREFORMA project.
Released under the GNU General Public License v3
and the Mozilla Public License v2 or later.",1,2026-09-18T20:54:29.129796+00:00,evidence\verapdf\PDFUA-Ref-2-04_Presentation-M07__09d414160bdb30b7d9aa23413647b6ba38f434340f1d3f0d3164a1d37d5d3088.json,
PDFUA-Ref-2-05_BookChapter-german-M07,mutant,PDFUA-Ref-2-05_BookChapter-german,be8cb7f6aca4a81ecb01654b816f6ae0f5cf8f5daa45ebf5468925fcf7ab9742,corpus\mutants\PDFUA-Ref-2-05_BookChapter-german-M07.pdf,veraPDF,ua1,"veraPDF 1.30.2
Built: Wed Jun 03 10:55:00 PDT 2026
Developed and released by the veraPDF Consortium.
Funded by the PREFORMA project.
Released under the GNU General Public License v3
and the Mozilla Public License v2 or later.",1,2026-09-18T20:54:44.615570+00:00,evidence\verapdf\PDFUA-Ref-2-05_BookChapter-german-M07__be8cb7f6aca4a81ecb01654b816f6ae0f5cf8f5daa45ebf5468925fcf7ab9742.json,
PDFUA-Ref-2-06_Brochure-M07,mutant,PDFUA-Ref-2-06_Brochure,7aed010a1cad015f6b9de4498a855cccc6599be37fe85e0ecdbddaef1d9af3dd,corpus\mutants\PDFUA-Ref-2-06_Brochure-M07.pdf,veraPDF,ua1,"veraPDF 1.30.2
Built: Wed Jun 03 10:55:00 PDT 2026
Developed and released by the veraPDF Consortium.
Funded by the PREFORMA project.
Released under the GNU General Public License v3
and the Mozilla Public License v2 or later.",1,2026-09-18T20:54:57.689504+00:00,evidence\verapdf\PDFUA-Ref-2-06_Brochure-M07__7aed010a1cad015f6b9de4498a855cccc6599be37fe85e0ecdbddaef1d9af3dd.json,
PDFUA-Ref-2-08_BookChapter-M07,mutant,PDFUA-Ref-2-08_BookChapter,8df764ab15f21435fc2283a261e0fa073baef1005f3d740e3991a952285746e8,corpus\mutants\PDFUA-Ref-2-08_BookChapter-M07.pdf,veraPDF,ua1,"veraPDF 1.30.2
Built: Wed Jun 03 10:55:00 PDT 2026
Developed and released by the veraPDF Consortium.
Funded by the PREFORMA project.
Released under the GNU General Public License v3
and the Mozilla Public License v2 or later.",1,2026-09-18T20:55:15.121023+00:00,evidence\verapdf\PDFUA-Ref-2-08_BookChapter-M07__8df764ab15f21435fc2283a261e0fa073baef1005f3d740e3991a952285746e8.json,
