excluded_baseline,validator,class_scope,remaining_rows,direct_kills,proxy_kills,approved_kills_direct_plus_proxy,manual_review,no_target_finding,automated_denominator,approved_kill_rate,conclusion_stable,interpretation
PDFUA-Ref-2-01_Magazine-danish,PAC,Class A,26,26,0,26,0,0,26,1.000000,YES,Descriptive leave-one-baseline-out sensitivity; mutants from one source are removed together.
PDFUA-Ref-2-01_Magazine-danish,Acrobat,Class A,26,20,3,23,0,3,26,0.884615,YES,Descriptive leave-one-baseline-out sensitivity; mutants from one source are removed together.
PDFUA-Ref-2-01_Magazine-danish,veraPDF,Class A,26,26,0,26,0,0,26,1.000000,YES,Descriptive leave-one-baseline-out sensitivity; mutants from one source are removed together.
PDFUA-Ref-2-02_Invoice,PAC,Class A,26,26,0,26,0,0,26,1.000000,YES,Descriptive leave-one-baseline-out sensitivity; mutants from one source are removed together.
PDFUA-Ref-2-02_Invoice,Acrobat,Class A,26,20,3,23,0,3,26,0.884615,YES,Descriptive leave-one-baseline-out sensitivity; mutants from one source are removed together.
PDFUA-Ref-2-02_Invoice,veraPDF,Class A,26,26,0,26,0,0,26,1.000000,YES,Descriptive leave-one-baseline-out sensitivity; mutants from one source are removed together.
PDFUA-Ref-2-03_AcademicAbstract,PAC,Class A,28,28,0,28,0,0,28,1.000000,YES,Descriptive leave-one-baseline-out sensitivity; mutants from one source are removed together.
PDFUA-Ref-2-03_AcademicAbstract,Acrobat,Class A,28,21,3,24,0,4,28,0.857143,YES,Descriptive leave-one-baseline-out sensitivity; mutants from one source are removed together.
PDFUA-Ref-2-03_AcademicAbstract,veraPDF,Class A,28,28,0,28,0,0,28,1.000000,YES,Descriptive leave-one-baseline-out sensitivity; mutants from one source are removed together.
PDFUA-Ref-2-04_Presentation,PAC,Class A,26,26,0,26,0,0,26,1.000000,YES,Descriptive leave-one-baseline-out sensitivity; mutants from one source are removed together.
PDFUA-Ref-2-04_Presentation,Acrobat,Class A,26,20,3,23,0,3,26,0.884615,YES,Descriptive leave-one-baseline-out sensitivity; mutants from one source are removed together.
PDFUA-Ref-2-04_Presentation,veraPDF,Class A,26,26,0,26,0,0,26,1.000000,YES,Descriptive leave-one-baseline-out sensitivity; mutants from one source are removed together.
PDFUA-Ref-2-05_BookChapter-german,PAC,Class A,25,25,0,25,0,0,25,1.000000,YES,Descriptive leave-one-baseline-out sensitivity; mutants from one source are removed together.
PDFUA-Ref-2-05_BookChapter-german,Acrobat,Class A,25,20,2,22,0,3,25,0.880000,YES,Descriptive leave-one-baseline-out sensitivity; mutants from one source are removed together.
PDFUA-Ref-2-05_BookChapter-german,veraPDF,Class A,25,25,0,25,0,0,25,1.000000,YES,Descriptive leave-one-baseline-out sensitivity; mutants from one source are removed together.
PDFUA-Ref-2-06_Brochure,PAC,Class A,27,27,0,27,0,0,27,1.000000,YES,Descriptive leave-one-baseline-out sensitivity; mutants from one source are removed together.
PDFUA-Ref-2-06_Brochure,Acrobat,Class A,27,20,3,23,0,4,27,0.851852,YES,Descriptive leave-one-baseline-out sensitivity; mutants from one source are removed together.
PDFUA-Ref-2-06_Brochure,veraPDF,Class A,27,27,0,27,0,0,27,1.000000,YES,Descriptive leave-one-baseline-out sensitivity; mutants from one source are removed together.
PDFUA-Ref-2-08_BookChapter,PAC,Class A,26,26,0,26,0,0,26,1.000000,YES,Descriptive leave-one-baseline-out sensitivity; mutants from one source are removed together.
PDFUA-Ref-2-08_BookChapter,Acrobat,Class A,26,20,2,22,0,4,26,0.846154,YES,Descriptive leave-one-baseline-out sensitivity; mutants from one source are removed together.
PDFUA-Ref-2-08_BookChapter,veraPDF,Class A,26,26,0,26,0,0,26,1.000000,YES,Descriptive leave-one-baseline-out sensitivity; mutants from one source are removed together.
PDFUA-Ref-2-09_Scanned,PAC,Class A,27,27,0,27,0,0,27,1.000000,YES,Descriptive leave-one-baseline-out sensitivity; mutants from one source are removed together.
PDFUA-Ref-2-09_Scanned,Acrobat,Class A,27,21,2,23,0,4,27,0.851852,YES,Descriptive leave-one-baseline-out sensitivity; mutants from one source are removed together.
PDFUA-Ref-2-09_Scanned,veraPDF,Class A,27,27,0,27,0,0,27,1.000000,YES,Descriptive leave-one-baseline-out sensitivity; mutants from one source are removed together.
PDFUA-Ref-2-10_Form,PAC,Class A,29,29,0,29,0,0,29,1.000000,YES,Descriptive leave-one-baseline-out sensitivity; mutants from one source are removed together.
PDFUA-Ref-2-10_Form,Acrobat,Class A,29,22,3,25,0,4,29,0.862069,YES,Descriptive leave-one-baseline-out sensitivity; mutants from one source are removed together.
PDFUA-Ref-2-10_Form,veraPDF,Class A,29,29,0,29,0,0,29,1.000000,YES,Descriptive leave-one-baseline-out sensitivity; mutants from one source are removed together.
